Order_ID,Order_Date,Customer_Name,Customer_Segment,Product_Name,Category,Sub_Category,Region,City,Quantity,Unit_Price,Discount,Sales,Profit,Payment_Method,Year,Month,Month_Number,Quarter,Profit_Margin,Unnamed: 20,Unnamed: 21
ORD01158,2023-01-01,Kiara Desai,Corporate,Study Desk,Furniture,Tables,South,Kochi,8,181.93,0.25,1091.56,-44.55,Net Banking,2023,Jan,1,Q1,-4.08,,2475490.5399999972
ORD01837,2023-01-01,Neel Malhotra,Consumer,Samsung Galaxy A54,Technology,Phones,North,Jaipur,6,342.0,0.2,1641.6,17.95,Debit Card,2023,Jan,1,Q1,1.09,,126723.50000000004
ORD03503,2023-01-01,Kabir Shah,Consumer,Ergonomic Office Chair,Furniture,Chairs,North,Amritsar,1,135.27,0.1,121.74,6.76,UPI,2023,Jan,1,Q1,5.55,,15376.0
ORD00744,2023-01-02,Rahul Verma,Consumer,Ball Pen Set,Office Supplies,Stationery,East,Guwahati,8,7.9,0.1,56.91,15.0,UPI,2023,Jan,1,Q1,26.36,,5000.0
ORD01221,2023-01-02,Diya Sharma,Corporate,Bookshelf,Furniture,Storage,North,Chandigarh,2,116.87,0.0,233.74,28.13,UPI,2023,Jan,1,Q1,12.03,,495.09810799999946
ORD02880,2023-01-02,Aditya Rao,Corporate,Ball Pen Set,Office Supplies,Stationery,North,Jaipur,5,7.58,0.0,37.91,9.67,UPI,2023,Jan,1,Q1,25.51,,0.05119126813548647
ORD03151,2023-01-02,Aarav Mehta,Consumer,Ring Binder,Office Supplies,Binders,North,Delhi,2,7.43,0.15,12.64,1.84,Credit Card,2023,Jan,1,Q1,14.56,,
ORD03453,2023-01-02,Kunal Bansal,Corporate,Mechanical Keyboard,Technology,Accessories,South,Bengaluru,2,73.45,0.05,139.55,15.06,Debit Card,2023,Jan,1,Q1,10.79,,
ORD04553,2023-01-02,Rahul Verma,Consumer,Stapler,Office Supplies,Stationery,North,Chandigarh,3,8.91,0.0,26.73,5.64,UPI,2023,Jan,1,Q1,21.1,,
ORD04642,2023-01-02,Kunal Bansal,Consumer,Ball Pen Set,Office Supplies,Stationery,West,Mumbai,2,8.16,0.0,16.31,4.56,Net Banking,2023,Jan,1,Q1,27.96,,
ORD00741,2023-01-03,Ananya Iyer,Consumer,Ring Binder,Office Supplies,Binders,West,Nagpur,3,7.37,0.05,21.0,5.0,Credit Card,2023,Jan,1,Q1,23.81,,
ORD00998,2023-01-03,Kiara Desai,Corporate,Apple iPhone 13,Technology,Phones,South,Kochi,1,664.89,0.0,664.89,54.97,UPI,2023,Jan,1,Q1,8.27,,
ORD03877,2023-01-03,Neel Malhotra,Consumer,HP Laser Printer,Technology,Printers,East,Ranchi,5,209.48,0.1,942.64,51.98,Net Banking,2023,Jan,1,Q1,5.51,,
ORD04419,2023-01-03,Sana Kapoor,Consumer,Mechanical Keyboard,Technology,Accessories,West,Ahmedabad,1,74.86,0.05,71.12,8.53,Debit Card,2023,Jan,1,Q1,11.99,,
ORD02731,2023-01-04,Riya Kulkarni,Corporate,Lenovo IdeaPad 3,Technology,Laptops,South,Coimbatore,1,497.93,0.05,473.03,51.59,Credit Card,2023,Jan,1,Q1,10.91,,
ORD03492,2023-01-04,Neel Malhotra,Small Business,Notebook Pack,Office Supplies,Stationery,East,Guwahati,3,11.9,0.15,30.35,4.87,Cash,2023,Jan,1,Q1,16.05,,
ORD04315,2023-01-04,Arjun Nair,Corporate,Bookshelf,Furniture,Storage,East,Kolkata,3,113.4,0.15,289.17,25.76,UPI,2023,Jan,1,Q1,8.91,,
ORD00811,2023-01-05,Vivaan Singh,Corporate,Filing Cabinet,Furniture,Storage,South,Bengaluru,2,92.05,0.05,174.9,14.62,Credit Card,2023,Jan,1,Q1,8.36,,
ORD02585,2023-01-05,Ishita Gupta,Consumer,Ergonomic Office Chair,Furniture,Chairs,North,Jaipur,4,139.9,0.1,503.62,36.81,Credit Card,2023,Jan,1,Q1,7.31,,
ORD03207,2023-01-05,Ishita Gupta,Consumer,USB-C Hub,Technology,Accessories,East,Patna,1,33.18,0.1,29.86,2.8,UPI,2023,Jan,1,Q1,9.38,,
ORD03606,2023-01-05,Aditya Rao,Consumer,Apple iPhone 13,Technology,Phones,West,Mumbai,3,663.92,0.15,1693.01,20.43,Credit Card,2023,Jan,1,Q1,1.21,,
ORD00647,2023-01-06,Aarav Mehta,Corporate,Ring Binder,Office Supplies,Binders,West,Surat,3,6.53,0.0,19.58,5.35,UPI,2023,Jan,1,Q1,27.32,,
ORD00775,2023-01-06,Neel Malhotra,Consumer,Mechanical Keyboard,Technology,Accessories,West,Nagpur,2,70.8,0.05,134.51,15.61,Net Banking,2023,Jan,1,Q1,11.61,,
ORD01314,2023-01-06,Kiara Desai,Small Business,USB-C Hub,Technology,Accessories,North,Jaipur,2,35.33,0.2,56.53,4.4,UPI,2023,Jan,1,Q1,7.78,,
ORD01617,2023-01-06,Diya Sharma,Small Business,Ring Binder,Office Supplies,Binders,North,Chandigarh,4,7.47,0.0,29.88,8.42,Debit Card,2023,Jan,1,Q1,28.18,,
ORD02299,2023-01-06,Riya Kulkarni,Consumer,Stapler,Office Supplies,Stationery,West,Surat,2,8.76,0.1,15.76,2.21,UPI,2023,Jan,1,Q1,14.02,,
ORD03179,2023-01-06,Dev Agarwal,Consumer,A4 Copy Paper,Office Supplies,Paper,North,Jaipur,2,5.69,0.0,11.37,2.14,Credit Card,2023,Jan,1,Q1,18.82,,
ORD04773,2023-01-06,Aisha Khan,Consumer,Stapler,Office Supplies,Stationery,West,Ahmedabad,1,8.44,0.2,6.75,0.86,Credit Card,2023,Jan,1,Q1,12.74,,
ORD00423,2023-01-07,Riya Kulkarni,Consumer,Logitech Wireless Mouse,Technology,Accessories,West,Mumbai,3,27.71,0.15,70.67,7.74,UPI,2023,Jan,1,Q1,10.95,,
ORD01323,2023-01-07,Meera Joshi,Consumer,HP Pavilion 15,Technology,Laptops,East,Kolkata,4,726.1,0.0,2904.39,351.51,Debit Card,2023,Jan,1,Q1,12.1,,
ORD03038,2023-01-07,Tara Menon,Consumer,Stapler,Office Supplies,Stationery,North,Delhi,1,8.72,0.05,8.28,2.04,Credit Card,2023,Jan,1,Q1,24.64,,
ORD04156,2023-01-08,Maya Thomas,Small Business,Conference Table,Furniture,Tables,South,Chennai,3,405.81,0.25,913.07,-21.3,UPI,2023,Jan,1,Q1,-2.33,,
ORD04775,2023-01-08,Arjun Nair,Consumer,Notebook Pack,Office Supplies,Stationery,East,Ranchi,5,12.77,0.2,51.08,5.11,Debit Card,2023,Jan,1,Q1,10.0,,
ORD00052,2023-01-09,Kunal Bansal,Corporate,Ball Pen Set,Office Supplies,Stationery,North,Jaipur,1,7.61,0.25,5.71,0.81,Net Banking,2023,Jan,1,Q1,14.19,,
ORD00595,2023-01-09,Diya Sharma,Small Business,Stapler,Office Supplies,Stationery,South,Coimbatore,5,9.09,0.0,45.46,10.4,UPI,2023,Jan,1,Q1,22.88,,
ORD03439,2023-01-09,Kiara Desai,Consumer,USB-C Hub,Technology,Accessories,South,Bengaluru,2,36.44,0.05,69.24,10.12,Net Banking,2023,Jan,1,Q1,14.62,,
ORD03463,2023-01-09,Maya Thomas,Small Business,Desk Organizer,Office Supplies,Storage,North,Amritsar,5,13.76,0.2,55.05,6.28,Credit Card,2023,Jan,1,Q1,11.41,,
ORD04281,2023-01-09,Sana Kapoor,Consumer,HP Laser Printer,Technology,Printers,West,Pune,4,214.98,0.1,773.94,64.97,Credit Card,2023,Jan,1,Q1,8.39,,
ORD04991,2023-01-09,Dev Agarwal,Consumer,Notebook Pack,Office Supplies,Stationery,West,Mumbai,1,11.74,0.0,11.74,3.32,Credit Card,2023,Jan,1,Q1,28.28,,
ORD01101,2023-01-10,Riya Kulkarni,Corporate,Filing Cabinet,Furniture,Storage,North,Delhi,3,93.77,0.15,239.11,4.96,Credit Card,2023,Jan,1,Q1,2.07,,
ORD02922,2023-01-10,Diya Sharma,Consumer,Bookshelf,Furniture,Storage,North,Chandigarh,3,110.95,0.05,316.22,58.88,Debit Card,2023,Jan,1,Q1,18.62,,
ORD02384,2023-01-11,Sana Kapoor,Corporate,Dell 24-inch Monitor,Technology,Monitors,East,Ranchi,1,178.76,0.2,143.0,1.38,UPI,2023,Jan,1,Q1,0.97,,
ORD00766,2023-01-12,Kabir Shah,Small Business,Lenovo IdeaPad 3,Technology,Laptops,East,Patna,1,513.07,0.15,436.11,20.67,UPI,2023,Jan,1,Q1,4.74,,
ORD04966,2023-01-12,Riya Kulkarni,Consumer,Desk Organizer,Office Supplies,Storage,North,Delhi,2,14.1,0.15,23.97,4.09,Debit Card,2023,Jan,1,Q1,17.06,,
ORD03377,2023-01-13,Vivaan Singh,Corporate,Ergonomic Office Chair,Furniture,Chairs,South,Kochi,3,137.25,0.3,288.22,-8.39,Cash,2023,Jan,1,Q1,-2.91,,
ORD00535,2023-01-14,Rahul Verma,Consumer,Study Desk,Furniture,Tables,North,Jaipur,6,183.26,0.0,1099.53,107.78,Credit Card,2023,Jan,1,Q1,9.8,,
ORD01911,2023-01-14,Riya Kulkarni,Corporate,HP Pavilion 15,Technology,Laptops,North,Jaipur,1,696.94,0.15,592.4,10.7,UPI,2023,Jan,1,Q1,1.81,,
ORD02394,2023-01-14,Dev Agarwal,Small Business,A4 Copy Paper,Office Supplies,Paper,East,Patna,4,5.95,0.25,17.84,1.76,Debit Card,2023,Jan,1,Q1,9.87,,
ORD02940,2023-01-14,Riya Kulkarni,Consumer,Notebook Pack,Office Supplies,Stationery,South,Chennai,4,12.32,0.05,46.8,10.4,Net Banking,2023,Jan,1,Q1,22.22,,
ORD04838,2023-01-14,Sana Kapoor,Corporate,Logitech Wireless Mouse,Technology,Accessories,East,Patna,5,29.82,0.2,119.27,9.55,Net Banking,2023,Jan,1,Q1,8.01,,
ORD00395,2023-01-15,Aisha Khan,Consumer,Lenovo IdeaPad 3,Technology,Laptops,North,Lucknow,6,496.11,0.0,2976.64,314.45,Credit Card,2023,Jan,1,Q1,10.56,,
ORD01952,2023-01-15,Kiara Desai,Consumer,Desk Organizer,Office Supplies,Storage,South,Chennai,2,13.98,0.0,27.95,7.02,Credit Card,2023,Jan,1,Q1,25.12,,
ORD02719,2023-01-15,Meera Joshi,Consumer,Conference Table,Furniture,Tables,North,Lucknow,5,399.66,0.15,1698.55,4.19,UPI,2023,Jan,1,Q1,0.25,,
ORD02958,2023-01-15,Tara Menon,Consumer,Bookshelf,Furniture,Storage,South,Kochi,3,102.59,0.1,276.99,28.74,Debit Card,2023,Jan,1,Q1,10.38,,
ORD04305,2023-01-15,Rahul Verma,Consumer,Ball Pen Set,Office Supplies,Stationery,South,Chennai,2,7.66,0.3,10.72,1.28,Debit Card,2023,Jan,1,Q1,11.94,,
ORD00841,2023-01-16,Aarav Mehta,Consumer,Notebook Pack,Office Supplies,Stationery,East,Kolkata,4,12.81,0.0,51.23,12.4,Debit Card,2023,Jan,1,Q1,24.2,,
ORD02539,2023-01-16,Vivaan Singh,Corporate,Bookshelf,Furniture,Storage,North,Lucknow,2,113.16,0.25,169.75,0.52,UPI,2023,Jan,1,Q1,0.31,,
ORD03218,2023-01-16,Tara Menon,Corporate,Ball Pen Set,Office Supplies,Stationery,South,Chennai,6,8.54,0.0,51.23,13.77,Net Banking,2023,Jan,1,Q1,26.88,,
ORD03321,2023-01-16,Kabir Shah,Consumer,Notebook Pack,Office Supplies,Stationery,East,Guwahati,2,11.43,0.2,18.29,3.46,Credit Card,2023,Jan,1,Q1,18.92,,
ORD00205,2023-01-17,Tara Menon,Consumer,Dell 24-inch Monitor,Technology,Monitors,West,Ahmedabad,2,171.62,0.15,291.76,10.52,UPI,2023,Jan,1,Q1,3.61,,
ORD02023,2023-01-17,Vivaan Singh,Corporate,Dell 24-inch Monitor,Technology,Monitors,North,Chandigarh,2,179.75,0.25,269.62,6.62,Net Banking,2023,Jan,1,Q1,2.46,,
ORD04418,2023-01-17,Kabir Shah,Consumer,A4 Copy Paper,Office Supplies,Paper,South,Chennai,2,6.36,0.3,8.9,0.42,UPI,2023,Jan,1,Q1,4.72,,
ORD00519,2023-01-18,Rahul Verma,Small Business,Apple iPhone 13,Technology,Phones,East,Bhubaneswar,5,641.05,0.15,2724.46,-72.23,UPI,2023,Jan,1,Q1,-2.65,,
ORD02115,2023-01-18,Rohan Patel,Small Business,Ergonomic Office Chair,Furniture,Chairs,East,Bhubaneswar,5,138.15,0.0,690.75,102.66,Debit Card,2023,Jan,1,Q1,14.86,,
ORD03996,2023-01-18,Rahul Verma,Corporate,Ball Pen Set,Office Supplies,Stationery,South,Kochi,1,7.84,0.15,6.67,1.09,Net Banking,2023,Jan,1,Q1,16.34,,
ORD04222,2023-01-18,Arjun Nair,Consumer,Stapler,Office Supplies,Stationery,East,Ranchi,1,9.38,0.2,7.5,0.85,Debit Card,2023,Jan,1,Q1,11.33,,
ORD03801,2023-01-19,Aditya Rao,Consumer,Stapler,Office Supplies,Stationery,South,Hyderabad,1,8.59,0.2,6.87,0.7,Debit Card,2023,Jan,1,Q1,10.19,,
ORD01568,2023-01-20,Aarav Mehta,Consumer,Lenovo IdeaPad 3,Technology,Laptops,South,Chennai,2,499.95,0.15,849.92,51.02,UPI,2023,Jan,1,Q1,6.0,,
ORD02052,2023-01-20,Maya Thomas,Consumer,Ball Pen Set,Office Supplies,Stationery,West,Mumbai,4,8.2,0.1,29.51,5.47,Credit Card,2023,Jan,1,Q1,18.54,,
ORD02571,2023-01-20,Aditya Rao,Consumer,Notebook Pack,Office Supplies,Stationery,North,Jaipur,1,12.82,0.15,10.9,2.19,Net Banking,2023,Jan,1,Q1,20.09,,
ORD03071,2023-01-20,Aisha Khan,Consumer,Conference Table,Furniture,Tables,West,Pune,2,445.4,0.15,757.17,53.82,Debit Card,2023,Jan,1,Q1,7.11,,
ORD04816,2023-01-20,Tara Menon,Small Business,USB-C Hub,Technology,Accessories,South,Bengaluru,3,34.84,0.0,104.51,18.09,Debit Card,2023,Jan,1,Q1,17.31,,
ORD00812,2023-01-21,Riya Kulkarni,Corporate,Notebook Pack,Office Supplies,Stationery,West,Pune,5,11.61,0.25,43.54,2.89,Net Banking,2023,Jan,1,Q1,6.64,,
ORD02534,2023-01-21,Rahul Verma,Corporate,Ball Pen Set,Office Supplies,Stationery,West,Ahmedabad,4,7.45,0.3,20.87,2.69,UPI,2023,Jan,1,Q1,12.89,,
ORD03532,2023-01-21,Kiara Desai,Small Business,Notebook Pack,Office Supplies,Stationery,West,Pune,2,12.15,0.0,24.31,5.86,UPI,2023,Jan,1,Q1,24.11,,
ORD04792,2023-01-21,Arjun Nair,Small Business,Filing Cabinet,Furniture,Storage,South,Kochi,2,96.04,0.05,182.47,18.74,Credit Card,2023,Jan,1,Q1,10.27,,
ORD00239,2023-01-22,Ishita Gupta,Consumer,USB-C Hub,Technology,Accessories,South,Hyderabad,3,32.55,0.25,73.25,2.73,UPI,2023,Jan,1,Q1,3.73,,
ORD00683,2023-01-22,Rahul Verma,Corporate,Ball Pen Set,Office Supplies,Stationery,West,Pune,2,7.55,0.15,12.84,2.8,UPI,2023,Jan,1,Q1,21.81,,
ORD01949,2023-01-22,Vivaan Singh,Consumer,Samsung Galaxy A54,Technology,Phones,North,Chandigarh,2,312.75,0.15,531.68,12.48,Cash,2023,Jan,1,Q1,2.35,,
ORD00826,2023-01-23,Aditya Rao,Consumer,Notebook Pack,Office Supplies,Stationery,South,Coimbatore,1,12.45,0.15,10.59,1.82,Net Banking,2023,Jan,1,Q1,17.19,,
ORD01929,2023-01-23,Meera Joshi,Corporate,HP Pavilion 15,Technology,Laptops,North,Amritsar,3,681.5,0.2,1635.6,-2.18,Credit Card,2023,Jan,1,Q1,-0.13,,
ORD04337,2023-01-23,Aarav Mehta,Consumer,Ball Pen Set,Office Supplies,Stationery,East,Ranchi,1,7.8,0.05,7.41,2.14,UPI,2023,Jan,1,Q1,28.88,,
ORD04501,2023-01-23,Rohan Patel,Consumer,USB-C Hub,Technology,Accessories,East,Ranchi,1,36.97,0.15,31.42,2.48,Cash,2023,Jan,1,Q1,7.89,,
ORD00797,2023-01-24,Meera Joshi,Corporate,Samsung Galaxy A54,Technology,Phones,North,Amritsar,3,328.93,0.15,838.77,18.63,UPI,2023,Jan,1,Q1,2.22,,
ORD04167,2023-01-24,Dev Agarwal,Corporate,HP Laser Printer,Technology,Printers,East,Patna,1,202.13,0.15,171.81,6.03,Credit Card,2023,Jan,1,Q1,3.51,,
ORD04403,2023-01-24,Diya Sharma,Corporate,Ball Pen Set,Office Supplies,Stationery,West,Mumbai,2,8.36,0.25,12.54,1.77,UPI,2023,Jan,1,Q1,14.11,,
ORD01045,2023-01-25,Aditya Rao,Consumer,Apple iPhone 13,Technology,Phones,West,Surat,3,689.73,0.0,2069.18,136.13,Credit Card,2023,Jan,1,Q1,6.58,,
ORD02873,2023-01-25,Arjun Nair,Consumer,Lenovo IdeaPad 3,Technology,Laptops,North,Jaipur,3,531.31,0.0,1593.94,97.1,UPI,2023,Jan,1,Q1,6.09,,
ORD03459,2023-01-25,Aditya Rao,Small Business,HP Pavilion 15,Technology,Laptops,South,Hyderabad,2,673.1,0.05,1278.88,78.02,Debit Card,2023,Jan,1,Q1,6.1,,
ORD03805,2023-01-25,Maya Thomas,Corporate,Apple iPhone 13,Technology,Phones,North,Chandigarh,3,619.29,0.1,1672.07,52.12,Credit Card,2023,Jan,1,Q1,3.12,,
ORD03879,2023-01-25,Diya Sharma,Consumer,Study Desk,Furniture,Tables,West,Nagpur,4,191.1,0.1,687.97,35.38,UPI,2023,Jan,1,Q1,5.14,,
ORD04136,2023-01-25,Vivaan Singh,Consumer,Mechanical Keyboard,Technology,Accessories,East,Bhubaneswar,5,74.74,0.0,373.7,50.76,Debit Card,2023,Jan,1,Q1,13.58,,
ORD04450,2023-01-25,Ishita Gupta,Consumer,Lenovo IdeaPad 3,Technology,Laptops,North,Jaipur,10,488.25,0.0,4882.5,755.84,UPI,2023,Jan,1,Q1,15.48,,
ORD00270,2023-01-26,Ishita Gupta,Corporate,Lenovo IdeaPad 3,Technology,Laptops,South,Chennai,5,530.64,0.0,2653.21,242.46,UPI,2023,Jan,1,Q1,9.14,,
ORD01894,2023-01-26,Rahul Verma,Consumer,Ring Binder,Office Supplies,Binders,South,Kochi,1,7.47,0.1,6.72,1.5,Credit Card,2023,Jan,1,Q1,22.32,,
ORD04248,2023-01-26,Rohan Patel,Consumer,Notebook Pack,Office Supplies,Stationery,South,Hyderabad,1,12.08,0.15,10.27,1.12,UPI,2023,Jan,1,Q1,10.91,,
ORD00150,2023-01-27,Vivaan Singh,Consumer,Ring Binder,Office Supplies,Binders,South,Bengaluru,3,6.54,0.0,19.63,4.39,Debit Card,2023,Jan,1,Q1,22.36,,
ORD01902,2023-01-27,Vivaan Singh,Consumer,USB-C Hub,Technology,Accessories,West,Pune,4,34.56,0.2,110.59,7.56,UPI,2023,Jan,1,Q1,6.84,,
ORD02031,2023-01-27,Rahul Verma,Corporate,Ball Pen Set,Office Supplies,Stationery,South,Kochi,1,8.21,0.2,6.57,1.04,UPI,2023,Jan,1,Q1,15.83,,
ORD00085,2023-01-28,Sana Kapoor,Corporate,Logitech Wireless Mouse,Technology,Accessories,North,Amritsar,1,26.29,0.2,21.03,1.88,Net Banking,2023,Jan,1,Q1,8.94,,
ORD00136,2023-01-28,Meera Joshi,Consumer,Dell 24-inch Monitor,Technology,Monitors,West,Mumbai,2,165.13,0.1,297.23,27.53,UPI,2023,Jan,1,Q1,9.26,,
ORD02038,2023-01-28,Rahul Verma,Consumer,Lenovo IdeaPad 3,Technology,Laptops,South,Coimbatore,2,514.82,0.2,823.72,-19.51,UPI,2023,Jan,1,Q1,-2.37,,
ORD00872,2023-01-29,Aarav Mehta,Small Business,HP Pavilion 15,Technology,Laptops,South,Bengaluru,1,694.33,0.0,694.33,72.7,Credit Card,2023,Jan,1,Q1,10.47,,
ORD01069,2023-01-29,Vivaan Singh,Consumer,HP Pavilion 15,Technology,Laptops,West,Pune,1,698.77,0.1,628.89,51.85,UPI,2023,Jan,1,Q1,8.24,,
ORD02350,2023-01-29,Aisha Khan,Consumer,Lenovo IdeaPad 3,Technology,Laptops,West,Pune,1,518.75,0.15,440.94,38.24,UPI,2023,Jan,1,Q1,8.67,,
ORD03793,2023-01-29,Kabir Shah,Small Business,A4 Copy Paper,Office Supplies,Paper,North,Chandigarh,2,6.05,0.0,12.1,2.59,Cash,2023,Jan,1,Q1,21.4,,
ORD04859,2023-01-29,Dev Agarwal,Consumer,Mechanical Keyboard,Technology,Accessories,South,Chennai,1,74.76,0.05,71.03,10.8,UPI,2023,Jan,1,Q1,15.2,,
ORD01356,2023-01-30,Tara Menon,Corporate,Logitech Wireless Mouse,Technology,Accessories,North,Delhi,2,28.03,0.0,56.07,8.41,UPI,2023,Jan,1,Q1,15.0,,
ORD01721,2023-01-30,Sana Kapoor,Corporate,Logitech Wireless Mouse,Technology,Accessories,South,Bengaluru,6,28.89,0.05,164.67,23.66,Debit Card,2023,Jan,1,Q1,14.37,,
ORD02887,2023-01-30,Neel Malhotra,Corporate,Logitech Wireless Mouse,Technology,Accessories,West,Mumbai,1,26.96,0.05,25.61,4.54,Debit Card,2023,Jan,1,Q1,17.73,,
ORD04559,2023-01-30,Sana Kapoor,Consumer,Desk Organizer,Office Supplies,Storage,East,Patna,10,14.1,0.05,133.95,22.36,Cash,2023,Jan,1,Q1,16.69,,
ORD00227,2023-01-31,Neel Malhotra,Corporate,Bookshelf,Furniture,Storage,North,Chandigarh,2,107.06,0.25,160.59,-2.85,Credit Card,2023,Jan,1,Q1,-1.77,,
ORD00590,2023-01-31,Neel Malhotra,Consumer,Lenovo IdeaPad 3,Technology,Laptops,South,Hyderabad,1,506.3,0.05,480.99,22.55,UPI,2023,Jan,1,Q1,4.69,,
ORD02130,2023-01-31,Ishita Gupta,Corporate,Stapler,Office Supplies,Stationery,South,Kochi,2,8.86,0.05,16.84,3.82,UPI,2023,Jan,1,Q1,22.68,,
ORD02557,2023-01-31,Diya Sharma,Consumer,Mechanical Keyboard,Technology,Accessories,East,Bhubaneswar,1,68.23,0.0,68.23,7.16,UPI,2023,Jan,1,Q1,10.49,,
ORD03308,2023-01-31,Aisha Khan,Consumer,Filing Cabinet,Furniture,Storage,South,Hyderabad,2,98.37,0.1,177.07,10.13,Credit Card,2023,Jan,1,Q1,5.72,,
ORD03699,2023-01-31,Kunal Bansal,Consumer,Study Desk,Furniture,Tables,West,Mumbai,1,174.34,0.2,139.47,-1.39,Debit Card,2023,Jan,1,Q1,-1.0,,
ORD04338,2023-01-31,Neel Malhotra,Corporate,Bookshelf,Furniture,Storage,South,Chennai,3,109.55,0.15,279.34,16.03,Debit Card,2023,Jan,1,Q1,5.74,,
ORD02581,2023-02-01,Neel Malhotra,Consumer,Filing Cabinet,Furniture,Storage,South,Hyderabad,2,90.52,0.05,171.98,22.39,Debit Card,2023,Feb,2,Q1,13.02,,
ORD03333,2023-02-01,Tara Menon,Small Business,Dell 24-inch Monitor,Technology,Monitors,East,Bhubaneswar,3,177.69,0.2,426.47,16.38,Credit Card,2023,Feb,2,Q1,3.84,,
ORD04380,2023-02-01,Rohan Patel,Corporate,Stapler,Office Supplies,Stationery,North,Lucknow,1,8.92,0.15,7.59,1.25,UPI,2023,Feb,2,Q1,16.47,,
ORD01205,2023-02-02,Ishita Gupta,Corporate,HP Laser Printer,Technology,Printers,West,Pune,1,213.54,0.15,181.51,6.39,Net Banking,2023,Feb,2,Q1,3.52,,
ORD01318,2023-02-02,Diya Sharma,Consumer,Desk Organizer,Office Supplies,Storage,East,Ranchi,5,13.24,0.1,59.57,11.79,Net Banking,2023,Feb,2,Q1,19.79,,
ORD03192,2023-02-02,Ananya Iyer,Consumer,Notebook Pack,Office Supplies,Stationery,North,Delhi,2,12.55,0.3,17.57,1.2,Debit Card,2023,Feb,2,Q1,6.83,,
ORD03300,2023-02-02,Vivaan Singh,Consumer,Apple iPhone 13,Technology,Phones,East,Patna,5,621.61,0.15,2641.83,-25.06,Credit Card,2023,Feb,2,Q1,-0.95,,
ORD01743,2023-02-03,Kunal Bansal,Small Business,Dell 24-inch Monitor,Technology,Monitors,North,Chandigarh,3,186.55,0.25,419.74,3.08,UPI,2023,Feb,2,Q1,0.73,,
ORD02815,2023-02-04,Kiara Desai,Corporate,Notebook Pack,Office Supplies,Stationery,North,Lucknow,3,12.6,0.0,37.81,8.32,Net Banking,2023,Feb,2,Q1,22.0,,
ORD03394,2023-02-04,Diya Sharma,Consumer,Conference Table,Furniture,Tables,South,Coimbatore,4,417.14,0.15,1418.28,43.16,Credit Card,2023,Feb,2,Q1,3.04,,
ORD03862,2023-02-04,Arjun Nair,Small Business,A4 Copy Paper,Office Supplies,Paper,South,Kochi,2,6.4,0.0,12.79,2.95,UPI,2023,Feb,2,Q1,23.06,,
ORD00415,2023-02-05,Dev Agarwal,Small Business,Samsung Galaxy A54,Technology,Phones,West,Nagpur,4,326.36,0.05,1240.18,97.29,Debit Card,2023,Feb,2,Q1,7.84,,
ORD00650,2023-02-05,Diya Sharma,Corporate,Ball Pen Set,Office Supplies,Stationery,West,Nagpur,2,7.62,0.2,12.19,2.32,Debit Card,2023,Feb,2,Q1,19.03,,
ORD04075,2023-02-05,Sana Kapoor,Consumer,Conference Table,Furniture,Tables,West,Mumbai,5,446.83,0.3,1563.91,-57.63,UPI,2023,Feb,2,Q1,-3.68,,
ORD04542,2023-02-05,Ishita Gupta,Consumer,Bookshelf,Furniture,Storage,North,Chandigarh,2,115.15,0.15,195.75,17.62,UPI,2023,Feb,2,Q1,9.0,,
ORD00795,2023-02-06,Sana Kapoor,Consumer,Conference Table,Furniture,Tables,North,Delhi,8,425.3,0.0,3402.4,334.87,Credit Card,2023,Feb,2,Q1,9.84,,
ORD00972,2023-02-06,Maya Thomas,Small Business,Logitech Wireless Mouse,Technology,Accessories,South,Coimbatore,2,27.26,0.15,46.34,4.48,UPI,2023,Feb,2,Q1,9.67,,
ORD03642,2023-02-06,Riya Kulkarni,Consumer,HP Pavilion 15,Technology,Laptops,South,Bengaluru,1,666.31,0.15,566.37,60.24,Credit Card,2023,Feb,2,Q1,10.64,0.0,
ORD04430,2023-02-06,Aarav Mehta,Consumer,A4 Copy Paper,Office Supplies,Paper,East,Kolkata,1,6.37,0.05,6.06,1.07,UPI,2023,Feb,2,Q1,17.66,,
ORD00069,2023-02-07,Kabir Shah,Consumer,A4 Copy Paper,Office Supplies,Paper,West,Surat,2,6.18,0.05,11.75,2.78,UPI,2023,Feb,2,Q1,23.66,,
ORD00768,2023-02-07,Rohan Patel,Corporate,Bookshelf,Furniture,Storage,West,Mumbai,1,104.83,0.1,94.35,10.55,Net Banking,2023,Feb,2,Q1,11.18,,
ORD01729,2023-02-07,Kiara Desai,Corporate,Dell 24-inch Monitor,Technology,Monitors,South,Chennai,2,165.71,0.2,265.14,-3.33,Debit Card,2023,Feb,2,Q1,-1.26,,
ORD02080,2023-02-07,Meera Joshi,Consumer,Stapler,Office Supplies,Stationery,North,Chandigarh,8,8.7,0.15,59.18,9.33,UPI,2023,Feb,2,Q1,15.77,,
ORD02560,2023-02-07,Sana Kapoor,Corporate,Lenovo IdeaPad 3,Technology,Laptops,North,Chandigarh,2,527.42,0.2,843.88,9.13,Cash,2023,Feb,2,Q1,1.08,,
ORD03824,2023-02-07,Diya Sharma,Consumer,USB-C Hub,Technology,Accessories,North,Chandigarh,3,34.03,0.0,102.08,18.76,UPI,2023,Feb,2,Q1,18.38,,
ORD04147,2023-02-07,Diya Sharma,Consumer,Notebook Pack,Office Supplies,Stationery,East,Kolkata,1,11.59,0.1,10.43,2.14,UPI,2023,Feb,2,Q1,20.52,,
ORD04257,2023-02-07,Rahul Verma,Consumer,A4 Copy Paper,Office Supplies,Paper,North,Lucknow,1,6.36,0.25,4.77,0.48,Credit Card,2023,Feb,2,Q1,10.06,,
ORD04969,2023-02-07,Sana Kapoor,Consumer,Apple iPhone 13,Technology,Phones,North,Amritsar,1,659.79,0.1,593.81,-7.2,Net Banking,2023,Feb,2,Q1,-1.21,,
ORD02018,2023-02-08,Rohan Patel,Corporate,Ring Binder,Office Supplies,Binders,South,Kochi,4,7.19,0.1,25.89,4.95,UPI,2023,Feb,2,Q1,19.12,,
ORD02605,2023-02-08,Diya Sharma,Consumer,HP Laser Printer,Technology,Printers,North,Amritsar,1,218.77,0.1,196.9,8.7,Credit Card,2023,Feb,2,Q1,4.42,,
ORD01841,2023-02-09,Riya Kulkarni,Corporate,Stapler,Office Supplies,Stationery,South,Chennai,8,9.54,0.15,64.88,10.83,Debit Card,2023,Feb,2,Q1,16.69,,
ORD02122,2023-02-09,Neel Malhotra,Small Business,Dell 24-inch Monitor,Technology,Monitors,North,Jaipur,2,172.42,0.0,344.85,45.84,Net Banking,2023,Feb,2,Q1,13.29,,
ORD02321,2023-02-09,Vivaan Singh,Corporate,Stapler,Office Supplies,Stationery,West,Pune,4,8.55,0.1,30.78,5.38,Net Banking,2023,Feb,2,Q1,17.48,,
ORD02698,2023-02-09,Ishita Gupta,Consumer,Ring Binder,Office Supplies,Binders,South,Hyderabad,2,7.37,0.15,12.53,2.4,Cash,2023,Feb,2,Q1,19.15,,
ORD02750,2023-02-09,Kunal Bansal,Consumer,HP Laser Printer,Technology,Printers,South,Kochi,6,217.27,0.0,1303.61,171.36,Credit Card,2023,Feb,2,Q1,13.15,,
ORD03351,2023-02-09,Rahul Verma,Corporate,Ring Binder,Office Supplies,Binders,North,Delhi,1,7.36,0.2,5.89,1.03,Credit Card,2023,Feb,2,Q1,17.49,,
ORD04232,2023-02-09,Riya Kulkarni,Consumer,Filing Cabinet,Furniture,Storage,West,Pune,1,98.81,0.0,98.81,10.78,Cash,2023,Feb,2,Q1,10.91,,
ORD03282,2023-02-10,Aarav Mehta,Corporate,Logitech Wireless Mouse,Technology,Accessories,North,Chandigarh,1,27.06,0.0,27.06,4.99,UPI,2023,Feb,2,Q1,18.44,,
ORD04143,2023-02-10,Rahul Verma,Corporate,Conference Table,Furniture,Tables,West,Pune,1,434.58,0.1,391.12,7.58,UPI,2023,Feb,2,Q1,1.94,,
ORD02152,2023-02-11,Riya Kulkarni,Corporate,Apple iPhone 13,Technology,Phones,North,Lucknow,1,610.94,0.3,427.66,-19.39,UPI,2023,Feb,2,Q1,-4.53,,
ORD02501,2023-02-11,Ananya Iyer,Consumer,Filing Cabinet,Furniture,Storage,North,Delhi,10,94.06,0.05,893.57,86.22,UPI,2023,Feb,2,Q1,9.65,,
ORD02919,2023-02-11,Diya Sharma,Corporate,Dell 24-inch Monitor,Technology,Monitors,West,Mumbai,1,166.57,0.05,158.24,9.74,Net Banking,2023,Feb,2,Q1,6.16,,
ORD01161,2023-02-12,Rahul Verma,Consumer,Desk Organizer,Office Supplies,Storage,East,Patna,1,13.1,0.0,13.1,2.79,UPI,2023,Feb,2,Q1,21.3,,
ORD01433,2023-02-12,Kabir Shah,Corporate,Samsung Galaxy A54,Technology,Phones,North,Amritsar,2,311.59,0.2,498.55,7.89,UPI,2023,Feb,2,Q1,1.58,,
ORD01660,2023-02-12,Kunal Bansal,Corporate,Desk Organizer,Office Supplies,Storage,South,Bengaluru,1,14.96,0.15,12.71,1.78,Net Banking,2023,Feb,2,Q1,14.0,,
ORD03454,2023-02-12,Kunal Bansal,Consumer,Lenovo IdeaPad 3,Technology,Laptops,West,Pune,2,503.75,0.15,856.38,21.97,UPI,2023,Feb,2,Q1,2.57,,
ORD04673,2023-02-12,Sana Kapoor,Corporate,Conference Table,Furniture,Tables,East,Ranchi,1,440.4,0.05,418.38,21.66,Net Banking,2023,Feb,2,Q1,5.18,,
ORD00422,2023-02-13,Kabir Shah,Small Business,Samsung Galaxy A54,Technology,Phones,North,Chandigarh,2,321.1,0.15,545.87,12.07,Credit Card,2023,Feb,2,Q1,2.21,,
ORD00485,2023-02-13,Vivaan Singh,Consumer,HP Laser Printer,Technology,Printers,East,Bhubaneswar,8,213.24,0.05,1620.63,171.7,Debit Card,2023,Feb,2,Q1,10.59,,
ORD00723,2023-02-13,Kunal Bansal,Small Business,Notebook Pack,Office Supplies,Stationery,North,Delhi,1,11.5,0.2,9.2,1.15,UPI,2023,Feb,2,Q1,12.5,,
ORD01382,2023-02-13,Ananya Iyer,Corporate,Samsung Galaxy A54,Technology,Phones,North,Delhi,3,312.98,0.15,798.1,21.46,UPI,2023,Feb,2,Q1,2.69,,
ORD02870,2023-02-13,Kiara Desai,Consumer,Ring Binder,Office Supplies,Binders,North,Jaipur,2,7.17,0.15,12.18,2.31,Cash,2023,Feb,2,Q1,18.97,,
ORD03934,2023-02-13,Riya Kulkarni,Corporate,Ergonomic Office Chair,Furniture,Chairs,West,Nagpur,5,149.67,0.2,598.66,12.36,Credit Card,2023,Feb,2,Q1,2.06,,
ORD00633,2023-02-14,Riya Kulkarni,Consumer,Apple iPhone 13,Technology,Phones,West,Pune,3,622.09,0.0,1866.26,116.39,Credit Card,2023,Feb,2,Q1,6.24,,
ORD02276,2023-02-14,Rohan Patel,Consumer,Stapler,Office Supplies,Stationery,North,Delhi,4,8.45,0.1,30.42,5.15,Net Banking,2023,Feb,2,Q1,16.93,,
ORD03372,2023-02-14,Kiara Desai,Small Business,Ergonomic Office Chair,Furniture,Chairs,South,Coimbatore,5,137.13,0.15,582.79,30.04,Debit Card,2023,Feb,2,Q1,5.15,,
ORD04746,2023-02-14,Tara Menon,Small Business,Mechanical Keyboard,Technology,Accessories,West,Mumbai,2,68.23,0.3,95.52,3.02,Credit Card,2023,Feb,2,Q1,3.16,,
ORD00164,2023-02-15,Rohan Patel,Corporate,USB-C Hub,Technology,Accessories,North,Jaipur,3,33.2,0.05,94.63,20.6,Net Banking,2023,Feb,2,Q1,21.77,,
ORD03255,2023-02-15,Kunal Bansal,Consumer,Samsung Galaxy A54,Technology,Phones,East,Patna,5,335.64,0.1,1510.36,45.69,Net Banking,2023,Feb,2,Q1,3.03,,
ORD04568,2023-02-15,Kiara Desai,Corporate,HP Laser Printer,Technology,Printers,West,Surat,6,222.42,0.15,1134.33,38.24,UPI,2023,Feb,2,Q1,3.37,,
ORD01315,2023-02-16,Aditya Rao,Corporate,A4 Copy Paper,Office Supplies,Paper,North,Lucknow,4,5.76,0.1,20.72,3.42,Debit Card,2023,Feb,2,Q1,16.51,,
ORD01620,2023-02-16,Tara Menon,Corporate,Samsung Galaxy A54,Technology,Phones,West,Surat,6,323.2,0.0,1939.22,154.61,UPI,2023,Feb,2,Q1,7.97,,
ORD02097,2023-02-17,Maya Thomas,Consumer,Conference Table,Furniture,Tables,North,Delhi,10,417.68,0.1,3759.16,267.32,UPI,2023,Feb,2,Q1,7.11,,
ORD02229,2023-02-17,Rahul Verma,Corporate,HP Pavilion 15,Technology,Laptops,South,Kochi,1,661.08,0.0,661.08,81.69,UPI,2023,Feb,2,Q1,12.36,,
ORD02296,2023-02-17,Maya Thomas,Consumer,Logitech Wireless Mouse,Technology,Accessories,North,Lucknow,2,26.38,0.05,50.12,9.72,UPI,2023,Feb,2,Q1,19.39,,
ORD03353,2023-02-17,Ananya Iyer,Consumer,HP Pavilion 15,Technology,Laptops,South,Bengaluru,1,682.13,0.25,511.6,-2.0,Debit Card,2023,Feb,2,Q1,-0.39,,
ORD03691,2023-02-17,Kiara Desai,Consumer,Conference Table,Furniture,Tables,South,Chennai,3,445.44,0.05,1269.52,116.18,Net Banking,2023,Feb,2,Q1,9.15,,
ORD03886,2023-02-17,Aditya Rao,Consumer,HP Laser Printer,Technology,Printers,East,Patna,1,215.5,0.2,172.4,1.25,Net Banking,2023,Feb,2,Q1,0.73,,
ORD04644,2023-02-17,Tara Menon,Corporate,Study Desk,Furniture,Tables,South,Coimbatore,3,178.49,0.1,481.93,39.5,UPI,2023,Feb,2,Q1,8.2,,
ORD00435,2023-02-18,Aisha Khan,Consumer,Logitech Wireless Mouse,Technology,Accessories,South,Bengaluru,1,27.12,0.0,27.12,4.72,Credit Card,2023,Feb,2,Q1,17.4,,
ORD01019,2023-02-18,Maya Thomas,Consumer,Ring Binder,Office Supplies,Binders,North,Delhi,1,7.22,0.0,7.22,1.57,UPI,2023,Feb,2,Q1,21.75,,
ORD01364,2023-02-18,Rohan Patel,Consumer,Samsung Galaxy A54,Technology,Phones,South,Chennai,1,304.69,0.0,304.69,28.36,Credit Card,2023,Feb,2,Q1,9.31,,
ORD02118,2023-02-18,Aisha Khan,Corporate,Stapler,Office Supplies,Stationery,West,Surat,2,9.43,0.0,18.86,4.57,Net Banking,2023,Feb,2,Q1,24.23,,
ORD02814,2023-02-18,Sana Kapoor,Consumer,Filing Cabinet,Furniture,Storage,South,Coimbatore,1,99.35,0.0,99.35,19.26,Credit Card,2023,Feb,2,Q1,19.39,,
ORD03176,2023-02-18,Rahul Verma,Consumer,Samsung Galaxy A54,Technology,Phones,North,Amritsar,2,341.67,0.2,546.67,18.01,Debit Card,2023,Feb,2,Q1,3.29,,
ORD03838,2023-02-18,Aisha Khan,Corporate,Ball Pen Set,Office Supplies,Stationery,West,Surat,2,8.34,0.15,14.17,2.09,Credit Card,2023,Feb,2,Q1,14.75,,
ORD00620,2023-02-19,Neel Malhotra,Corporate,Notebook Pack,Office Supplies,Stationery,North,Delhi,2,12.81,0.0,25.63,6.18,Credit Card,2023,Feb,2,Q1,24.11,,
ORD00726,2023-02-19,Neel Malhotra,Corporate,HP Laser Printer,Technology,Printers,South,Coimbatore,6,201.98,0.15,1030.11,30.16,Net Banking,2023,Feb,2,Q1,2.93,,
ORD01386,2023-02-19,Ananya Iyer,Consumer,Bookshelf,Furniture,Storage,East,Patna,6,106.97,0.15,545.55,30.72,Credit Card,2023,Feb,2,Q1,5.63,,
ORD03443,2023-02-19,Meera Joshi,Corporate,Ring Binder,Office Supplies,Binders,South,Kochi,2,6.83,0.3,9.56,0.94,UPI,2023,Feb,2,Q1,9.83,,
ORD04441,2023-02-19,Rahul Verma,Corporate,Notebook Pack,Office Supplies,Stationery,East,Kolkata,10,11.55,0.2,92.41,11.43,Debit Card,2023,Feb,2,Q1,12.37,,
ORD04474,2023-02-19,Aarav Mehta,Consumer,A4 Copy Paper,Office Supplies,Paper,West,Mumbai,3,6.27,0.15,15.99,1.91,Debit Card,2023,Feb,2,Q1,11.94,,
ORD00125,2023-02-20,Dev Agarwal,Consumer,Ball Pen Set,Office Supplies,Stationery,East,Patna,6,7.89,0.15,40.25,7.65,Net Banking,2023,Feb,2,Q1,19.01,,
ORD02567,2023-02-20,Aditya Rao,Consumer,Conference Table,Furniture,Tables,North,Delhi,2,437.52,0.2,700.03,-7.08,Debit Card,2023,Feb,2,Q1,-1.01,,
ORD00451,2023-02-21,Dev Agarwal,Corporate,Filing Cabinet,Furniture,Storage,West,Mumbai,2,96.97,0.0,193.94,34.41,UPI,2023,Feb,2,Q1,17.74,,
ORD01940,2023-02-21,Neel Malhotra,Consumer,Mechanical Keyboard,Technology,Accessories,North,Delhi,2,67.78,0.0,135.56,18.11,Cash,2023,Feb,2,Q1,13.36,,
ORD02046,2023-02-21,Kunal Bansal,Consumer,Study Desk,Furniture,Tables,West,Pune,2,174.72,0.05,331.96,38.78,Debit Card,2023,Feb,2,Q1,11.68,,
ORD02160,2023-02-21,Meera Joshi,Consumer,Dell 24-inch Monitor,Technology,Monitors,West,Mumbai,4,163.87,0.0,655.47,81.76,Debit Card,2023,Feb,2,Q1,12.47,,
ORD04276,2023-02-21,Dev Agarwal,Small Business,Desk Organizer,Office Supplies,Storage,South,Chennai,4,13.9,0.1,50.03,7.33,Credit Card,2023,Feb,2,Q1,14.65,,
ORD00281,2023-02-22,Aisha Khan,Consumer,Logitech Wireless Mouse,Technology,Accessories,North,Delhi,4,26.54,0.15,90.25,8.12,UPI,2023,Feb,2,Q1,9.0,,
ORD02298,2023-02-22,Arjun Nair,Corporate,HP Laser Printer,Technology,Printers,North,Jaipur,2,211.93,0.0,423.87,47.19,Debit Card,2023,Feb,2,Q1,11.13,,
ORD03134,2023-02-22,Aisha Khan,Corporate,Conference Table,Furniture,Tables,South,Hyderabad,5,399.9,0.05,1899.53,137.18,UPI,2023,Feb,2,Q1,7.22,,
ORD03260,2023-02-22,Aarav Mehta,Corporate,Filing Cabinet,Furniture,Storage,North,Jaipur,2,98.64,0.1,177.54,15.0,Credit Card,2023,Feb,2,Q1,8.45,,
ORD04014,2023-02-22,Kabir Shah,Small Business,Conference Table,Furniture,Tables,West,Surat,2,417.39,0.1,751.3,42.51,UPI,2023,Feb,2,Q1,5.66,,
ORD00028,2023-02-23,Dev Agarwal,Consumer,Samsung Galaxy A54,Technology,Phones,East,Kolkata,2,329.52,0.1,593.13,26.85,UPI,2023,Feb,2,Q1,4.53,,
ORD01261,2023-02-23,Tara Menon,Consumer,Apple iPhone 13,Technology,Phones,South,Kochi,2,676.02,0.0,1352.03,133.45,UPI,2023,Feb,2,Q1,9.87,,
ORD03595,2023-02-23,Diya Sharma,Consumer,Study Desk,Furniture,Tables,South,Hyderabad,2,187.33,0.25,281.0,-8.87,Credit Card,2023,Feb,2,Q1,-3.16,,
ORD00176,2023-02-24,Kunal Bansal,Consumer,Samsung Galaxy A54,Technology,Phones,West,Pune,1,298.15,0.2,238.52,-3.87,Credit Card,2023,Feb,2,Q1,-1.62,,
ORD00555,2023-02-24,Arjun Nair,Corporate,Notebook Pack,Office Supplies,Stationery,North,Amritsar,4,11.97,0.3,33.52,1.16,UPI,2023,Feb,2,Q1,3.46,,
ORD00903,2023-02-24,Dev Agarwal,Small Business,Lenovo IdeaPad 3,Technology,Laptops,West,Ahmedabad,2,530.25,0.0,1060.5,160.13,UPI,2023,Feb,2,Q1,15.1,,
ORD01390,2023-02-24,Rahul Verma,Consumer,Study Desk,Furniture,Tables,North,Delhi,4,173.57,0.1,624.87,37.24,Net Banking,2023,Feb,2,Q1,5.96,,
ORD02388,2023-02-24,Arjun Nair,Consumer,Stapler,Office Supplies,Stationery,East,Ranchi,2,8.48,0.15,14.42,2.56,UPI,2023,Feb,2,Q1,17.75,,
ORD02811,2023-02-24,Kiara Desai,Consumer,Ball Pen Set,Office Supplies,Stationery,South,Hyderabad,2,8.35,0.15,14.19,2.41,Debit Card,2023,Feb,2,Q1,16.98,,
ORD04459,2023-02-24,Arjun Nair,Consumer,Bookshelf,Furniture,Storage,East,Guwahati,2,112.67,0.05,214.07,25.93,Cash,2023,Feb,2,Q1,12.11,,
ORD01926,2023-02-25,Kiara Desai,Consumer,Stapler,Office Supplies,Stationery,East,Guwahati,1,8.78,0.2,7.02,1.2,Net Banking,2023,Feb,2,Q1,17.09,,
ORD02840,2023-02-25,Rahul Verma,Consumer,HP Pavilion 15,Technology,Laptops,West,Ahmedabad,1,662.09,0.2,529.67,-1.47,Net Banking,2023,Feb,2,Q1,-0.28,,
ORD04803,2023-02-25,Diya Sharma,Consumer,Study Desk,Furniture,Tables,West,Nagpur,1,177.01,0.15,150.46,-0.19,UPI,2023,Feb,2,Q1,-0.13,,
ORD04682,2023-02-26,Ananya Iyer,Corporate,Apple iPhone 13,Technology,Phones,North,Chandigarh,5,617.6,0.05,2933.61,209.3,Credit Card,2023,Feb,2,Q1,7.13,,
ORD00763,2023-02-27,Maya Thomas,Small Business,Desk Organizer,Office Supplies,Storage,North,Delhi,1,14.38,0.0,14.38,3.01,Credit Card,2023,Feb,2,Q1,20.93,,
ORD02011,2023-02-27,Vivaan Singh,Corporate,Samsung Galaxy A54,Technology,Phones,East,Bhubaneswar,2,298.28,0.2,477.25,-0.84,Net Banking,2023,Feb,2,Q1,-0.18,,
ORD02385,2023-02-27,Tara Menon,Consumer,Apple iPhone 13,Technology,Phones,East,Ranchi,3,644.37,0.3,1353.17,-177.16,Net Banking,2023,Feb,2,Q1,-13.09,,
ORD03096,2023-02-27,Kabir Shah,Consumer,Logitech Wireless Mouse,Technology,Accessories,West,Surat,3,28.86,0.15,73.6,11.02,Debit Card,2023,Feb,2,Q1,14.97,,
ORD03306,2023-02-27,Rahul Verma,Consumer,Logitech Wireless Mouse,Technology,Accessories,North,Amritsar,2,26.36,0.0,52.73,11.73,UPI,2023,Feb,2,Q1,22.25,,
ORD03698,2023-02-27,Maya Thomas,Corporate,Ring Binder,Office Supplies,Binders,South,Hyderabad,1,6.55,0.0,6.55,1.83,Debit Card,2023,Feb,2,Q1,27.94,,
ORD00759,2023-02-28,Riya Kulkarni,Consumer,Ring Binder,Office Supplies,Binders,North,Chandigarh,6,6.99,0.0,41.96,10.49,Net Banking,2023,Feb,2,Q1,25.0,,
ORD00287,2023-03-01,Meera Joshi,Corporate,Desk Organizer,Office Supplies,Storage,South,Bengaluru,1,13.46,0.1,12.11,1.8,Debit Card,2023,Mar,3,Q1,14.86,,
ORD00635,2023-03-01,Maya Thomas,Consumer,Notebook Pack,Office Supplies,Stationery,West,Ahmedabad,1,12.47,0.05,11.85,2.35,Credit Card,2023,Mar,3,Q1,19.83,,
ORD00643,2023-03-01,Aisha Khan,Consumer,Stapler,Office Supplies,Stationery,West,Pune,4,8.87,0.2,28.39,4.27,UPI,2023,Mar,3,Q1,15.04,,
ORD01442,2023-03-01,Dev Agarwal,Consumer,HP Pavilion 15,Technology,Laptops,North,Chandigarh,2,658.64,0.1,1185.56,51.21,Credit Card,2023,Mar,3,Q1,4.32,,
ORD02447,2023-03-01,Kabir Shah,Small Business,Notebook Pack,Office Supplies,Stationery,West,Pune,1,12.2,0.2,9.76,1.22,Credit Card,2023,Mar,3,Q1,12.5,,
ORD02774,2023-03-01,Aditya Rao,Corporate,Ring Binder,Office Supplies,Binders,South,Bengaluru,2,6.72,0.1,12.1,2.45,UPI,2023,Mar,3,Q1,20.25,,
ORD03531,2023-03-01,Vivaan Singh,Corporate,HP Laser Printer,Technology,Printers,North,Amritsar,3,199.02,0.25,447.79,-5.68,Net Banking,2023,Mar,3,Q1,-1.27,,
ORD04541,2023-03-01,Riya Kulkarni,Consumer,Apple iPhone 13,Technology,Phones,East,Bhubaneswar,2,650.21,0.15,1105.36,28.93,Debit Card,2023,Mar,3,Q1,2.62,,
ORD00988,2023-03-02,Ishita Gupta,Consumer,Logitech Wireless Mouse,Technology,Accessories,North,Amritsar,6,27.0,0.1,145.78,17.42,Net Banking,2023,Mar,3,Q1,11.95,,
ORD01206,2023-03-02,Kunal Bansal,Consumer,HP Pavilion 15,Technology,Laptops,East,Guwahati,1,709.99,0.25,532.49,-1.8,Cash,2023,Mar,3,Q1,-0.34,,
ORD04738,2023-03-02,Aditya Rao,Consumer,Samsung Galaxy A54,Technology,Phones,South,Kochi,2,300.67,0.15,511.14,15.97,UPI,2023,Mar,3,Q1,3.12,,
ORD00732,2023-03-03,Sana Kapoor,Corporate,Apple iPhone 13,Technology,Phones,West,Pune,4,694.95,0.0,2779.78,293.97,Debit Card,2023,Mar,3,Q1,10.58,,
ORD00821,2023-03-03,Sana Kapoor,Small Business,Bookshelf,Furniture,Storage,North,Chandigarh,1,112.57,0.25,84.43,0.28,Credit Card,2023,Mar,3,Q1,0.33,,
ORD01486,2023-03-03,Aisha Khan,Corporate,Conference Table,Furniture,Tables,West,Ahmedabad,2,432.34,0.05,821.45,30.1,Credit Card,2023,Mar,3,Q1,3.66,,
ORD01669,2023-03-03,Maya Thomas,Consumer,Bookshelf,Furniture,Storage,North,Lucknow,4,111.06,0.2,355.39,15.53,Debit Card,2023,Mar,3,Q1,4.37,,
ORD01732,2023-03-03,Riya Kulkarni,Consumer,Bookshelf,Furniture,Storage,South,Chennai,2,114.3,0.05,217.18,27.43,UPI,2023,Mar,3,Q1,12.63,,
ORD02476,2023-03-03,Ananya Iyer,Small Business,Study Desk,Furniture,Tables,South,Chennai,3,173.97,0.05,495.81,59.77,Debit Card,2023,Mar,3,Q1,12.06,,
ORD02493,2023-03-03,Aisha Khan,Consumer,Filing Cabinet,Furniture,Storage,North,Chandigarh,1,98.86,0.15,84.03,2.87,Cash,2023,Mar,3,Q1,3.42,,
ORD00424,2023-03-04,Sana Kapoor,Consumer,Filing Cabinet,Furniture,Storage,East,Patna,2,98.26,0.05,186.7,21.69,UPI,2023,Mar,3,Q1,11.62,,
ORD01139,2023-03-04,Neel Malhotra,Corporate,Conference Table,Furniture,Tables,South,Chennai,4,425.98,0.0,1703.91,217.89,UPI,2023,Mar,3,Q1,12.79,,
ORD02060,2023-03-04,Kabir Shah,Consumer,Ergonomic Office Chair,Furniture,Chairs,South,Bengaluru,1,135.91,0.15,115.53,7.28,Cash,2023,Mar,3,Q1,6.3,,
ORD02362,2023-03-04,Aditya Rao,Consumer,Dell 24-inch Monitor,Technology,Monitors,East,Kolkata,4,182.11,0.2,582.74,-4.0,Credit Card,2023,Mar,3,Q1,-0.69,,
ORD03645,2023-03-04,Kiara Desai,Corporate,Notebook Pack,Office Supplies,Stationery,East,Patna,4,12.36,0.05,46.98,10.73,UPI,2023,Mar,3,Q1,22.84,,
ORD00292,2023-03-05,Kabir Shah,Corporate,Ergonomic Office Chair,Furniture,Chairs,South,Chennai,6,153.45,0.1,828.64,49.39,UPI,2023,Mar,3,Q1,5.96,,
ORD01309,2023-03-05,Riya Kulkarni,Consumer,Apple iPhone 13,Technology,Phones,East,Guwahati,8,626.86,0.05,4764.16,-50.67,UPI,2023,Mar,3,Q1,-1.06,,
ORD04354,2023-03-05,Maya Thomas,Corporate,Samsung Galaxy A54,Technology,Phones,South,Bengaluru,6,329.39,0.1,1778.7,90.5,UPI,2023,Mar,3,Q1,5.09,,
ORD04412,2023-03-05,Riya Kulkarni,Consumer,HP Laser Printer,Technology,Printers,North,Chandigarh,2,206.92,0.05,393.16,17.52,Cash,2023,Mar,3,Q1,4.46,,
ORD00273,2023-03-06,Neel Malhotra,Consumer,Bookshelf,Furniture,Storage,East,Kolkata,10,107.34,0.1,966.02,69.79,Cash,2023,Mar,3,Q1,7.22,,
ORD01157,2023-03-06,Kiara Desai,Consumer,Notebook Pack,Office Supplies,Stationery,West,Pune,2,11.41,0.0,22.83,5.72,Credit Card,2023,Mar,3,Q1,25.05,,
ORD02506,2023-03-06,Arjun Nair,Consumer,A4 Copy Paper,Office Supplies,Paper,South,Kochi,2,5.87,0.15,9.99,1.7,UPI,2023,Mar,3,Q1,17.02,,
ORD03680,2023-03-06,Rohan Patel,Corporate,Bookshelf,Furniture,Storage,West,Nagpur,3,112.03,0.15,285.67,28.17,Net Banking,2023,Mar,3,Q1,9.86,,
ORD04636,2023-03-06,Kunal Bansal,Corporate,Stapler,Office Supplies,Stationery,East,Patna,1,9.16,0.0,9.16,1.7,Debit Card,2023,Mar,3,Q1,18.56,,
ORD04942,2023-03-06,Neel Malhotra,Corporate,Apple iPhone 13,Technology,Phones,East,Kolkata,6,649.82,0.15,3314.08,15.26,UPI,2023,Mar,3,Q1,0.46,,
ORD02823,2023-03-07,Meera Joshi,Small Business,HP Laser Printer,Technology,Printers,North,Delhi,1,209.9,0.1,188.91,8.66,UPI,2023,Mar,3,Q1,4.58,,
ORD00449,2023-03-08,Diya Sharma,Corporate,Ergonomic Office Chair,Furniture,Chairs,East,Bhubaneswar,4,153.04,0.2,489.74,10.97,Debit Card,2023,Mar,3,Q1,2.24,,
ORD01900,2023-03-08,Rahul Verma,Small Business,Conference Table,Furniture,Tables,West,Nagpur,1,437.0,0.0,437.0,48.15,Credit Card,2023,Mar,3,Q1,11.02,,
ORD03414,2023-03-08,Kunal Bansal,Corporate,Lenovo IdeaPad 3,Technology,Laptops,South,Hyderabad,1,508.49,0.0,508.49,61.51,UPI,2023,Mar,3,Q1,12.1,,
ORD03977,2023-03-08,Neel Malhotra,Consumer,Ball Pen Set,Office Supplies,Stationery,South,Hyderabad,1,8.36,0.2,6.69,1.51,Credit Card,2023,Mar,3,Q1,22.57,,
ORD00271,2023-03-09,Arjun Nair,Consumer,Notebook Pack,Office Supplies,Stationery,West,Nagpur,2,12.64,0.15,21.48,3.88,UPI,2023,Mar,3,Q1,18.06,,
ORD00513,2023-03-09,Kabir Shah,Corporate,HP Pavilion 15,Technology,Laptops,West,Ahmedabad,3,657.4,0.2,1577.75,-42.7,Debit Card,2023,Mar,3,Q1,-2.71,,
ORD01244,2023-03-09,Kiara Desai,Consumer,USB-C Hub,Technology,Accessories,North,Jaipur,2,35.1,0.05,66.69,9.08,UPI,2023,Mar,3,Q1,13.62,,
ORD01726,2023-03-09,Rohan Patel,Consumer,Ergonomic Office Chair,Furniture,Chairs,North,Chandigarh,2,153.4,0.2,245.45,16.32,Credit Card,2023,Mar,3,Q1,6.65,,
ORD02351,2023-03-10,Neel Malhotra,Consumer,USB-C Hub,Technology,Accessories,South,Bengaluru,3,33.13,0.1,89.45,15.6,Net Banking,2023,Mar,3,Q1,17.44,,
ORD00429,2023-03-11,Rahul Verma,Small Business,HP Laser Printer,Technology,Printers,West,Pune,1,214.26,0.1,192.83,15.95,UPI,2023,Mar,3,Q1,8.27,,
ORD02908,2023-03-11,Neel Malhotra,Consumer,Apple iPhone 13,Technology,Phones,West,Ahmedabad,1,639.62,0.1,575.66,26.06,Debit Card,2023,Mar,3,Q1,4.53,,
ORD03138,2023-03-11,Kunal Bansal,Small Business,HP Laser Printer,Technology,Printers,West,Pune,2,213.7,0.15,363.29,2.33,UPI,2023,Mar,3,Q1,0.64,,
ORD03158,2023-03-11,Arjun Nair,Consumer,A4 Copy Paper,Office Supplies,Paper,South,Coimbatore,8,6.28,0.1,45.22,9.99,Cash,2023,Mar,3,Q1,22.09,,
ORD03419,2023-03-11,Ananya Iyer,Small Business,Ball Pen Set,Office Supplies,Stationery,North,Amritsar,4,7.75,0.05,29.46,5.41,Net Banking,2023,Mar,3,Q1,18.36,,
ORD03660,2023-03-11,Rahul Verma,Consumer,Conference Table,Furniture,Tables,North,Amritsar,2,396.56,0.2,634.5,9.16,Credit Card,2023,Mar,3,Q1,1.44,,
ORD00075,2023-03-12,Aditya Rao,Corporate,Logitech Wireless Mouse,Technology,Accessories,North,Jaipur,2,26.48,0.0,52.97,8.55,UPI,2023,Mar,3,Q1,16.14,,
ORD00568,2023-03-12,Tara Menon,Consumer,Dell 24-inch Monitor,Technology,Monitors,South,Chennai,1,180.16,0.15,153.14,13.28,UPI,2023,Mar,3,Q1,8.67,,
ORD01592,2023-03-12,Sana Kapoor,Small Business,Conference Table,Furniture,Tables,South,Coimbatore,3,428.74,0.1,1157.59,102.81,UPI,2023,Mar,3,Q1,8.88,,
ORD03185,2023-03-12,Dev Agarwal,Corporate,Apple iPhone 13,Technology,Phones,East,Bhubaneswar,2,684.08,0.1,1231.34,2.17,UPI,2023,Mar,3,Q1,0.18,,
ORD03765,2023-03-12,Aarav Mehta,Corporate,HP Laser Printer,Technology,Printers,West,Pune,3,220.09,0.1,594.23,39.01,Debit Card,2023,Mar,3,Q1,6.56,,
ORD02194,2023-03-13,Rohan Patel,Corporate,Mechanical Keyboard,Technology,Accessories,South,Bengaluru,4,68.62,0.05,260.76,38.81,Debit Card,2023,Mar,3,Q1,14.88,,
ORD02259,2023-03-13,Kabir Shah,Corporate,Bookshelf,Furniture,Storage,South,Hyderabad,5,102.81,0.05,488.33,78.62,Credit Card,2023,Mar,3,Q1,16.1,,
ORD04324,2023-03-13,Rohan Patel,Corporate,Mechanical Keyboard,Technology,Accessories,East,Guwahati,2,71.0,0.15,120.7,11.66,Debit Card,2023,Mar,3,Q1,9.66,,
ORD04327,2023-03-13,Maya Thomas,Consumer,Stapler,Office Supplies,Stationery,South,Bengaluru,1,9.5,0.05,9.02,1.69,Debit Card,2023,Mar,3,Q1,18.74,,
ORD01230,2023-03-14,Rohan Patel,Small Business,Apple iPhone 13,Technology,Phones,North,Delhi,5,659.83,0.0,3299.16,367.28,Debit Card,2023,Mar,3,Q1,11.13,,
ORD01394,2023-03-14,Riya Kulkarni,Consumer,USB-C Hub,Technology,Accessories,West,Mumbai,1,33.31,0.2,26.65,3.03,UPI,2023,Mar,3,Q1,11.37,,
ORD02925,2023-03-14,Arjun Nair,Consumer,Mechanical Keyboard,Technology,Accessories,West,Nagpur,1,72.26,0.15,61.42,7.19,UPI,2023,Mar,3,Q1,11.71,,
ORD00735,2023-03-15,Aarav Mehta,Consumer,Mechanical Keyboard,Technology,Accessories,North,Chandigarh,2,69.27,0.0,138.54,27.86,Credit Card,2023,Mar,3,Q1,20.11,,
ORD01491,2023-03-15,Riya Kulkarni,Consumer,Logitech Wireless Mouse,Technology,Accessories,South,Coimbatore,3,27.96,0.15,71.3,5.27,Debit Card,2023,Mar,3,Q1,7.39,,
ORD02242,2023-03-15,Kunal Bansal,Corporate,Ball Pen Set,Office Supplies,Stationery,North,Lucknow,1,8.32,0.0,8.32,2.63,Credit Card,2023,Mar,3,Q1,31.61,,
ORD02987,2023-03-15,Aisha Khan,Corporate,A4 Copy Paper,Office Supplies,Paper,West,Pune,5,5.92,0.0,29.62,5.05,Net Banking,2023,Mar,3,Q1,17.05,,
ORD03705,2023-03-15,Riya Kulkarni,Consumer,Bookshelf,Furniture,Storage,South,Kochi,1,110.93,0.05,105.38,8.1,Credit Card,2023,Mar,3,Q1,7.69,,
ORD02803,2023-03-16,Meera Joshi,Consumer,A4 Copy Paper,Office Supplies,Paper,North,Jaipur,1,5.97,0.15,5.08,0.89,Debit Card,2023,Mar,3,Q1,17.52,,
ORD03814,2023-03-16,Dev Agarwal,Corporate,HP Laser Printer,Technology,Printers,West,Ahmedabad,3,196.75,0.15,501.72,22.34,UPI,2023,Mar,3,Q1,4.45,,
ORD04208,2023-03-16,Kiara Desai,Consumer,Ring Binder,Office Supplies,Binders,South,Kochi,4,7.26,0.0,29.05,5.44,Debit Card,2023,Mar,3,Q1,18.73,,
ORD01001,2023-03-17,Meera Joshi,Small Business,Notebook Pack,Office Supplies,Stationery,North,Lucknow,3,12.48,0.15,31.82,4.97,Credit Card,2023,Mar,3,Q1,15.62,,
ORD03208,2023-03-17,Kiara Desai,Small Business,Dell 24-inch Monitor,Technology,Monitors,North,Chandigarh,5,183.26,0.1,824.67,43.53,Net Banking,2023,Mar,3,Q1,5.28,,
ORD03307,2023-03-17,Kabir Shah,Small Business,Mechanical Keyboard,Technology,Accessories,North,Jaipur,1,76.85,0.0,76.85,9.73,Credit Card,2023,Mar,3,Q1,12.66,,
ORD03636,2023-03-17,Aisha Khan,Corporate,USB-C Hub,Technology,Accessories,North,Lucknow,1,37.25,0.0,37.25,6.04,UPI,2023,Mar,3,Q1,16.21,,
ORD01402,2023-03-18,Rohan Patel,Small Business,Ring Binder,Office Supplies,Binders,West,Nagpur,1,7.26,0.1,6.54,1.43,Debit Card,2023,Mar,3,Q1,21.87,,
ORD01444,2023-03-18,Ananya Iyer,Consumer,Desk Organizer,Office Supplies,Storage,North,Lucknow,6,14.77,0.1,79.73,15.51,Credit Card,2023,Mar,3,Q1,19.45,,
ORD00018,2023-03-19,Riya Kulkarni,Consumer,Mechanical Keyboard,Technology,Accessories,East,Kolkata,2,69.75,0.25,104.63,4.51,Credit Card,2023,Mar,3,Q1,4.31,,
ORD02848,2023-03-19,Vivaan Singh,Consumer,Dell 24-inch Monitor,Technology,Monitors,South,Chennai,2,166.39,0.1,299.51,33.12,Debit Card,2023,Mar,3,Q1,11.06,,
ORD03144,2023-03-19,Aarav Mehta,Small Business,Logitech Wireless Mouse,Technology,Accessories,East,Ranchi,1,28.27,0.15,24.03,2.41,UPI,2023,Mar,3,Q1,10.03,,
ORD03316,2023-03-19,Maya Thomas,Corporate,Apple iPhone 13,Technology,Phones,South,Bengaluru,4,605.19,0.05,2299.72,169.67,Credit Card,2023,Mar,3,Q1,7.38,,
ORD01899,2023-03-20,Kunal Bansal,Consumer,Bookshelf,Furniture,Storage,East,Ranchi,4,109.44,0.05,415.85,31.92,Net Banking,2023,Mar,3,Q1,7.68,,
ORD03032,2023-03-20,Ishita Gupta,Corporate,HP Laser Printer,Technology,Printers,West,Mumbai,8,198.01,0.0,1584.1,170.12,Debit Card,2023,Mar,3,Q1,10.74,,
ORD00728,2023-03-21,Rahul Verma,Consumer,Study Desk,Furniture,Tables,West,Pune,3,171.8,0.0,515.39,68.18,Debit Card,2023,Mar,3,Q1,13.23,,
ORD04292,2023-03-21,Rahul Verma,Consumer,Ball Pen Set,Office Supplies,Stationery,South,Bengaluru,1,7.83,0.1,7.05,1.59,UPI,2023,Mar,3,Q1,22.55,,
ORD04759,2023-03-21,Neel Malhotra,Consumer,Ring Binder,Office Supplies,Binders,North,Jaipur,3,6.8,0.05,19.37,4.7,Credit Card,2023,Mar,3,Q1,24.26,,
ORD00259,2023-03-22,Riya Kulkarni,Small Business,Notebook Pack,Office Supplies,Stationery,East,Kolkata,4,11.79,0.15,40.08,5.21,Debit Card,2023,Mar,3,Q1,13.0,,
ORD01220,2023-03-22,Ishita Gupta,Consumer,Dell 24-inch Monitor,Technology,Monitors,East,Guwahati,2,166.79,0.1,300.22,14.37,Net Banking,2023,Mar,3,Q1,4.79,,
ORD02346,2023-03-22,Kiara Desai,Consumer,Samsung Galaxy A54,Technology,Phones,South,Chennai,1,340.35,0.15,289.3,0.69,Credit Card,2023,Mar,3,Q1,0.24,,
ORD02985,2023-03-22,Tara Menon,Corporate,Notebook Pack,Office Supplies,Stationery,West,Mumbai,6,11.5,0.3,48.29,3.48,UPI,2023,Mar,3,Q1,7.21,,
ORD00681,2023-03-23,Meera Joshi,Consumer,Dell 24-inch Monitor,Technology,Monitors,North,Amritsar,3,170.26,0.05,485.23,37.11,UPI,2023,Mar,3,Q1,7.65,,
ORD01156,2023-03-23,Ishita Gupta,Consumer,Lenovo IdeaPad 3,Technology,Laptops,West,Nagpur,5,528.35,0.15,2245.48,32.37,Credit Card,2023,Mar,3,Q1,1.44,,
ORD01482,2023-03-23,Rohan Patel,Consumer,Dell 24-inch Monitor,Technology,Monitors,North,Jaipur,8,181.09,0.25,1086.56,1.27,Net Banking,2023,Mar,3,Q1,0.12,,
ORD02228,2023-03-23,Kiara Desai,Consumer,Stapler,Office Supplies,Stationery,East,Guwahati,6,8.82,0.0,52.91,13.14,Credit Card,2023,Mar,3,Q1,24.83,,
ORD02322,2023-03-23,Kunal Bansal,Consumer,Stapler,Office Supplies,Stationery,East,Bhubaneswar,8,8.66,0.15,58.88,13.67,UPI,2023,Mar,3,Q1,23.22,,
ORD02419,2023-03-23,Kabir Shah,Consumer,Bookshelf,Furniture,Storage,North,Lucknow,1,105.72,0.15,89.87,3.98,Credit Card,2023,Mar,3,Q1,4.43,,
ORD04235,2023-03-23,Neel Malhotra,Consumer,Mechanical Keyboard,Technology,Accessories,West,Mumbai,1,68.81,0.15,58.49,2.21,Credit Card,2023,Mar,3,Q1,3.78,,
ORD02197,2023-03-24,Dev Agarwal,Corporate,HP Laser Printer,Technology,Printers,North,Chandigarh,2,218.77,0.05,415.67,46.11,Cash,2023,Mar,3,Q1,11.09,,
ORD04333,2023-03-24,Aditya Rao,Consumer,Ball Pen Set,Office Supplies,Stationery,East,Guwahati,1,7.56,0.1,6.8,1.68,Net Banking,2023,Mar,3,Q1,24.71,,
ORD02340,2023-03-25,Diya Sharma,Corporate,USB-C Hub,Technology,Accessories,North,Lucknow,2,33.07,0.25,49.6,3.62,Credit Card,2023,Mar,3,Q1,7.3,,
ORD02342,2023-03-25,Aditya Rao,Corporate,Samsung Galaxy A54,Technology,Phones,West,Ahmedabad,4,298.99,0.2,956.77,0.07,UPI,2023,Mar,3,Q1,0.01,,
ORD02427,2023-03-25,Aisha Khan,Small Business,Mechanical Keyboard,Technology,Accessories,East,Guwahati,2,71.62,0.3,100.27,3.14,UPI,2023,Mar,3,Q1,3.13,,
ORD03401,2023-03-25,Sana Kapoor,Consumer,Bookshelf,Furniture,Storage,North,Lucknow,2,116.58,0.15,198.19,13.99,Net Banking,2023,Mar,3,Q1,7.06,,
ORD03955,2023-03-25,Vivaan Singh,Consumer,Filing Cabinet,Furniture,Storage,North,Delhi,5,98.34,0.15,417.95,17.94,UPI,2023,Mar,3,Q1,4.29,,
ORD04352,2023-03-25,Kabir Shah,Consumer,Dell 24-inch Monitor,Technology,Monitors,South,Kochi,6,182.4,0.2,875.51,22.51,Debit Card,2023,Mar,3,Q1,2.57,,
ORD01116,2023-03-26,Rahul Verma,Consumer,Notebook Pack,Office Supplies,Stationery,East,Kolkata,3,12.18,0.15,31.06,4.94,Debit Card,2023,Mar,3,Q1,15.9,,
ORD01535,2023-03-26,Aisha Khan,Consumer,USB-C Hub,Technology,Accessories,East,Bhubaneswar,2,36.25,0.1,65.24,9.37,Credit Card,2023,Mar,3,Q1,14.36,,
ORD04189,2023-03-26,Meera Joshi,Corporate,Apple iPhone 13,Technology,Phones,South,Kochi,2,623.61,0.15,1060.13,64.13,Credit Card,2023,Mar,3,Q1,6.05,,
ORD02668,2023-03-27,Diya Sharma,Consumer,Dell 24-inch Monitor,Technology,Monitors,South,Kochi,5,171.46,0.2,685.85,30.76,UPI,2023,Mar,3,Q1,4.48,,
ORD03157,2023-03-27,Aditya Rao,Corporate,HP Laser Printer,Technology,Printers,East,Kolkata,2,198.68,0.1,357.62,21.39,Net Banking,2023,Mar,3,Q1,5.98,,
ORD04256,2023-03-27,Tara Menon,Corporate,HP Pavilion 15,Technology,Laptops,North,Lucknow,1,634.39,0.2,507.52,17.01,UPI,2023,Mar,3,Q1,3.35,,
ORD04336,2023-03-27,Ananya Iyer,Consumer,Notebook Pack,Office Supplies,Stationery,East,Ranchi,1,11.33,0.25,8.5,0.77,Debit Card,2023,Mar,3,Q1,9.06,,
ORD04551,2023-03-27,Kabir Shah,Consumer,Stapler,Office Supplies,Stationery,South,Bengaluru,2,9.51,0.3,13.32,1.48,Credit Card,2023,Mar,3,Q1,11.11,,
ORD04725,2023-03-27,Kabir Shah,Corporate,Notebook Pack,Office Supplies,Stationery,North,Jaipur,2,12.03,0.1,21.66,4.42,UPI,2023,Mar,3,Q1,20.41,,
ORD04972,2023-03-27,Riya Kulkarni,Consumer,Study Desk,Furniture,Tables,North,Jaipur,10,175.11,0.2,1400.85,-1.92,UPI,2023,Mar,3,Q1,-0.14,,
ORD01766,2023-03-28,Riya Kulkarni,Consumer,Ring Binder,Office Supplies,Binders,North,Lucknow,10,7.47,0.15,63.53,12.66,UPI,2023,Mar,3,Q1,19.93,,
ORD01994,2023-03-28,Aisha Khan,Corporate,Mechanical Keyboard,Technology,Accessories,South,Chennai,2,67.24,0.05,127.75,19.72,Debit Card,2023,Mar,3,Q1,15.44,,
ORD03310,2023-03-28,Kiara Desai,Consumer,Study Desk,Furniture,Tables,North,Lucknow,3,189.86,0.2,455.65,16.45,Net Banking,2023,Mar,3,Q1,3.61,,
ORD04158,2023-03-28,Kiara Desai,Consumer,HP Pavilion 15,Technology,Laptops,South,Coimbatore,2,636.74,0.05,1209.8,83.43,Net Banking,2023,Mar,3,Q1,6.9,,
ORD04218,2023-03-28,Rahul Verma,Consumer,Ball Pen Set,Office Supplies,Stationery,East,Patna,4,7.83,0.1,28.2,6.27,Cash,2023,Mar,3,Q1,22.23,,
ORD04745,2023-03-28,Tara Menon,Consumer,Filing Cabinet,Furniture,Storage,West,Mumbai,2,89.16,0.1,160.49,9.17,Credit Card,2023,Mar,3,Q1,5.71,,
ORD00511,2023-03-29,Diya Sharma,Consumer,A4 Copy Paper,Office Supplies,Paper,West,Surat,2,6.17,0.2,9.87,1.04,UPI,2023,Mar,3,Q1,10.54,,
ORD00917,2023-03-29,Kiara Desai,Corporate,Filing Cabinet,Furniture,Storage,North,Lucknow,6,100.97,0.25,454.35,-1.21,UPI,2023,Mar,3,Q1,-0.27,,
ORD01826,2023-03-29,Aisha Khan,Consumer,Bookshelf,Furniture,Storage,East,Bhubaneswar,1,114.43,0.1,102.99,11.32,UPI,2023,Mar,3,Q1,10.99,,
ORD01908,2023-03-29,Arjun Nair,Corporate,HP Pavilion 15,Technology,Laptops,West,Surat,8,663.94,0.05,5045.94,479.62,UPI,2023,Mar,3,Q1,9.51,,
ORD02390,2023-03-29,Vivaan Singh,Consumer,HP Laser Printer,Technology,Printers,North,Delhi,1,205.32,0.1,184.79,14.35,UPI,2023,Mar,3,Q1,7.77,,
ORD02765,2023-03-29,Rohan Patel,Corporate,Ring Binder,Office Supplies,Binders,East,Kolkata,3,6.88,0.0,20.65,5.3,Credit Card,2023,Mar,3,Q1,25.67,,
ORD03263,2023-03-29,Ishita Gupta,Consumer,HP Pavilion 15,Technology,Laptops,South,Hyderabad,1,655.79,0.05,623.0,43.47,Credit Card,2023,Mar,3,Q1,6.98,,
ORD03986,2023-03-29,Maya Thomas,Consumer,HP Laser Printer,Technology,Printers,East,Bhubaneswar,2,207.67,0.0,415.34,55.41,Credit Card,2023,Mar,3,Q1,13.34,,
ORD03941,2023-03-30,Kunal Bansal,Consumer,Conference Table,Furniture,Tables,West,Pune,1,405.26,0.0,405.26,44.65,Net Banking,2023,Mar,3,Q1,11.02,,
ORD04089,2023-03-30,Diya Sharma,Consumer,Ring Binder,Office Supplies,Binders,East,Bhubaneswar,6,6.98,0.1,37.69,8.79,Credit Card,2023,Mar,3,Q1,23.32,,
ORD01768,2023-03-31,Arjun Nair,Consumer,Samsung Galaxy A54,Technology,Phones,South,Hyderabad,1,307.92,0.3,215.55,-15.47,UPI,2023,Mar,3,Q1,-7.18,,
ORD01807,2023-03-31,Vivaan Singh,Consumer,Samsung Galaxy A54,Technology,Phones,West,Nagpur,4,315.17,0.15,1071.59,21.96,Cash,2023,Mar,3,Q1,2.05,,
ORD03580,2023-03-31,Aarav Mehta,Corporate,Conference Table,Furniture,Tables,East,Guwahati,1,445.75,0.15,378.89,14.21,UPI,2023,Mar,3,Q1,3.75,,
ORD04837,2023-03-31,Arjun Nair,Consumer,Filing Cabinet,Furniture,Storage,West,Pune,1,100.59,0.05,95.57,12.16,Net Banking,2023,Mar,3,Q1,12.72,,
ORD03397,2023-04-01,Aisha Khan,Consumer,Conference Table,Furniture,Tables,North,Jaipur,1,433.17,0.1,389.85,18.85,UPI,2023,Apr,4,Q2,4.84,,
ORD04293,2023-04-01,Rahul Verma,Consumer,Ball Pen Set,Office Supplies,Stationery,South,Bengaluru,2,7.89,0.15,13.41,2.05,Net Banking,2023,Apr,4,Q2,15.29,,
ORD01966,2023-04-02,Dev Agarwal,Consumer,Conference Table,Furniture,Tables,South,Bengaluru,2,435.99,0.0,871.98,95.66,UPI,2023,Apr,4,Q2,10.97,,
ORD02792,2023-04-02,Maya Thomas,Consumer,HP Pavilion 15,Technology,Laptops,South,Coimbatore,2,644.64,0.05,1224.81,96.26,Net Banking,2023,Apr,4,Q2,7.86,,
ORD04580,2023-04-02,Kiara Desai,Consumer,USB-C Hub,Technology,Accessories,North,Delhi,10,34.04,0.2,272.3,35.89,UPI,2023,Apr,4,Q2,13.18,,
ORD04776,2023-04-02,Maya Thomas,Consumer,Stapler,Office Supplies,Stationery,West,Ahmedabad,4,8.58,0.05,32.59,7.02,Debit Card,2023,Apr,4,Q2,21.54,,
ORD02583,2023-04-03,Meera Joshi,Small Business,Study Desk,Furniture,Tables,East,Ranchi,3,190.94,0.1,515.54,36.66,Net Banking,2023,Apr,4,Q2,7.11,,
ORD03169,2023-04-03,Ananya Iyer,Corporate,Notebook Pack,Office Supplies,Stationery,West,Mumbai,3,11.49,0.1,31.02,6.46,UPI,2023,Apr,4,Q2,20.83,,
ORD03435,2023-04-03,Riya Kulkarni,Consumer,Ergonomic Office Chair,Furniture,Chairs,West,Surat,6,142.91,0.2,685.97,10.89,UPI,2023,Apr,4,Q2,1.59,,
ORD03975,2023-04-03,Riya Kulkarni,Consumer,Study Desk,Furniture,Tables,West,Nagpur,2,182.73,0.25,274.09,0.23,Debit Card,2023,Apr,4,Q2,0.08,,
ORD01428,2023-04-04,Rahul Verma,Consumer,Ergonomic Office Chair,Furniture,Chairs,South,Hyderabad,4,135.46,0.25,406.38,-22.82,Net Banking,2023,Apr,4,Q2,-5.62,,
ORD04679,2023-04-04,Tara Menon,Small Business,Apple iPhone 13,Technology,Phones,North,Jaipur,3,680.72,0.2,1633.73,-35.01,Net Banking,2023,Apr,4,Q2,-2.14,,
ORD00794,2023-04-05,Sana Kapoor,Consumer,Lenovo IdeaPad 3,Technology,Laptops,West,Surat,8,505.42,0.1,3639.05,327.3,Credit Card,2023,Apr,4,Q2,8.99,,
ORD01790,2023-04-05,Tara Menon,Small Business,Stapler,Office Supplies,Stationery,East,Kolkata,1,9.44,0.05,8.97,2.01,UPI,2023,Apr,4,Q2,22.41,,
ORD01958,2023-04-05,Riya Kulkarni,Corporate,Conference Table,Furniture,Tables,East,Bhubaneswar,2,405.12,0.2,648.19,10.28,Credit Card,2023,Apr,4,Q2,1.59,,
ORD03778,2023-04-05,Rahul Verma,Consumer,Logitech Wireless Mouse,Technology,Accessories,South,Kochi,2,29.71,0.25,44.57,2.69,UPI,2023,Apr,4,Q2,6.04,,
ORD02312,2023-04-06,Aditya Rao,Small Business,Desk Organizer,Office Supplies,Storage,South,Coimbatore,1,14.85,0.2,11.88,1.56,Debit Card,2023,Apr,4,Q2,13.13,,
ORD03261,2023-04-06,Riya Kulkarni,Consumer,Conference Table,Furniture,Tables,South,Kochi,4,410.94,0.1,1479.37,72.37,Net Banking,2023,Apr,4,Q2,4.89,,
ORD04578,2023-04-06,Ananya Iyer,Consumer,HP Pavilion 15,Technology,Laptops,West,Surat,5,675.01,0.25,2531.29,-54.29,UPI,2023,Apr,4,Q2,-2.14,,
ORD00548,2023-04-07,Meera Joshi,Corporate,Study Desk,Furniture,Tables,South,Kochi,4,188.44,0.05,716.06,45.78,Cash,2023,Apr,4,Q2,6.39,,
ORD02324,2023-04-07,Dev Agarwal,Consumer,Bookshelf,Furniture,Storage,North,Amritsar,1,106.37,0.25,79.78,1.74,Credit Card,2023,Apr,4,Q2,2.18,,
ORD03009,2023-04-07,Kunal Bansal,Consumer,Bookshelf,Furniture,Storage,West,Nagpur,4,111.11,0.1,400.01,20.65,Debit Card,2023,Apr,4,Q2,5.16,,
ORD01376,2023-04-08,Sana Kapoor,Small Business,Desk Organizer,Office Supplies,Storage,South,Chennai,2,14.87,0.1,26.77,4.5,Net Banking,2023,Apr,4,Q2,16.81,,
ORD01567,2023-04-08,Aditya Rao,Consumer,Ring Binder,Office Supplies,Binders,North,Delhi,3,6.55,0.15,16.71,2.7,Cash,2023,Apr,4,Q2,16.16,,
ORD02754,2023-04-08,Dev Agarwal,Corporate,HP Laser Printer,Technology,Printers,South,Coimbatore,1,216.55,0.2,173.24,4.37,Credit Card,2023,Apr,4,Q2,2.52,,
ORD03186,2023-04-08,Rahul Verma,Small Business,Bookshelf,Furniture,Storage,West,Surat,1,117.25,0.0,117.25,14.48,UPI,2023,Apr,4,Q2,12.35,,
ORD03993,2023-04-08,Rahul Verma,Consumer,Filing Cabinet,Furniture,Storage,East,Bhubaneswar,3,98.16,0.25,220.86,8.98,Debit Card,2023,Apr,4,Q2,4.07,,
ORD04191,2023-04-08,Kabir Shah,Consumer,Lenovo IdeaPad 3,Technology,Laptops,North,Chandigarh,5,544.85,0.15,2315.6,14.33,Debit Card,2023,Apr,4,Q2,0.62,,
ORD03860,2023-04-09,Aarav Mehta,Consumer,Mechanical Keyboard,Technology,Accessories,North,Chandigarh,10,67.51,0.15,573.85,42.0,Net Banking,2023,Apr,4,Q2,7.32,,
ORD04778,2023-04-09,Ananya Iyer,Consumer,Filing Cabinet,Furniture,Storage,East,Kolkata,5,89.66,0.15,381.06,11.24,UPI,2023,Apr,4,Q2,2.95,,
ORD00140,2023-04-10,Neel Malhotra,Consumer,Ring Binder,Office Supplies,Binders,West,Mumbai,2,7.11,0.15,12.08,2.38,UPI,2023,Apr,4,Q2,19.7,,
ORD02631,2023-04-10,Maya Thomas,Small Business,Apple iPhone 13,Technology,Phones,South,Bengaluru,4,641.1,0.15,2179.75,51.81,Credit Card,2023,Apr,4,Q2,2.38,,
ORD03656,2023-04-10,Aarav Mehta,Consumer,HP Laser Printer,Technology,Printers,South,Chennai,1,218.22,0.05,207.31,20.44,Net Banking,2023,Apr,4,Q2,9.86,,
ORD03097,2023-04-11,Tara Menon,Consumer,Dell 24-inch Monitor,Technology,Monitors,West,Mumbai,1,172.28,0.2,137.82,4.66,UPI,2023,Apr,4,Q2,3.38,,
ORD04664,2023-04-11,Aisha Khan,Consumer,Logitech Wireless Mouse,Technology,Accessories,West,Pune,4,27.76,0.05,105.5,13.73,UPI,2023,Apr,4,Q2,13.01,,
ORD00123,2023-04-12,Kunal Bansal,Consumer,Study Desk,Furniture,Tables,North,Jaipur,4,180.72,0.3,506.02,-24.82,UPI,2023,Apr,4,Q2,-4.9,,
ORD00339,2023-04-12,Rohan Patel,Corporate,Samsung Galaxy A54,Technology,Phones,West,Surat,10,309.85,0.25,2323.85,-114.46,UPI,2023,Apr,4,Q2,-4.93,,
ORD00561,2023-04-12,Ananya Iyer,Consumer,Study Desk,Furniture,Tables,South,Bengaluru,4,181.12,0.2,579.6,14.48,Debit Card,2023,Apr,4,Q2,2.5,,
ORD03005,2023-04-12,Ishita Gupta,Consumer,Stapler,Office Supplies,Stationery,South,Coimbatore,2,9.55,0.0,19.1,5.69,UPI,2023,Apr,4,Q2,29.79,,
ORD04291,2023-04-12,Kabir Shah,Consumer,Study Desk,Furniture,Tables,East,Bhubaneswar,3,189.59,0.2,455.01,-8.42,Net Banking,2023,Apr,4,Q2,-1.85,,
ORD04521,2023-04-12,Aisha Khan,Consumer,Study Desk,Furniture,Tables,West,Surat,1,183.79,0.05,174.6,17.95,Debit Card,2023,Apr,4,Q2,10.28,,
ORD00628,2023-04-13,Meera Joshi,Corporate,Stapler,Office Supplies,Stationery,East,Kolkata,5,9.08,0.15,38.6,8.3,UPI,2023,Apr,4,Q2,21.5,,
ORD00664,2023-04-13,Neel Malhotra,Consumer,Conference Table,Furniture,Tables,North,Jaipur,2,399.05,0.2,638.48,10.05,Debit Card,2023,Apr,4,Q2,1.57,,
ORD03319,2023-04-13,Aisha Khan,Consumer,Notebook Pack,Office Supplies,Stationery,West,Surat,1,12.25,0.05,11.63,1.69,Debit Card,2023,Apr,4,Q2,14.53,,
ORD03751,2023-04-13,Neel Malhotra,Consumer,Stapler,Office Supplies,Stationery,North,Delhi,2,9.21,0.0,18.43,4.88,Net Banking,2023,Apr,4,Q2,26.48,,
ORD03781,2023-04-13,Arjun Nair,Consumer,Notebook Pack,Office Supplies,Stationery,West,Pune,8,11.49,0.05,87.35,19.13,UPI,2023,Apr,4,Q2,21.9,,
ORD01183,2023-04-14,Meera Joshi,Consumer,Filing Cabinet,Furniture,Storage,South,Hyderabad,4,99.37,0.05,377.61,44.32,Credit Card,2023,Apr,4,Q2,11.74,,
ORD02938,2023-04-14,Diya Sharma,Small Business,A4 Copy Paper,Office Supplies,Paper,North,Lucknow,10,6.39,0.0,63.92,12.46,Credit Card,2023,Apr,4,Q2,19.49,,
ORD03427,2023-04-14,Riya Kulkarni,Consumer,USB-C Hub,Technology,Accessories,East,Bhubaneswar,1,33.61,0.25,25.21,2.9,UPI,2023,Apr,4,Q2,11.5,,
ORD04707,2023-04-14,Arjun Nair,Consumer,A4 Copy Paper,Office Supplies,Paper,West,Ahmedabad,2,6.09,0.1,10.96,1.72,Debit Card,2023,Apr,4,Q2,15.69,,
ORD01810,2023-04-15,Rahul Verma,Corporate,Notebook Pack,Office Supplies,Stationery,East,Patna,6,12.01,0.1,64.84,10.18,Credit Card,2023,Apr,4,Q2,15.7,,
ORD03594,2023-04-15,Diya Sharma,Consumer,Dell 24-inch Monitor,Technology,Monitors,South,Hyderabad,1,186.57,0.25,139.93,0.55,Debit Card,2023,Apr,4,Q2,0.39,,
ORD03981,2023-04-15,Diya Sharma,Consumer,Lenovo IdeaPad 3,Technology,Laptops,North,Lucknow,3,500.0,0.05,1425.0,108.83,UPI,2023,Apr,4,Q2,7.64,,
ORD04855,2023-04-15,Maya Thomas,Corporate,Stapler,Office Supplies,Stationery,South,Bengaluru,2,8.83,0.2,14.13,1.5,UPI,2023,Apr,4,Q2,10.62,,
ORD00098,2023-04-16,Tara Menon,Consumer,HP Pavilion 15,Technology,Laptops,South,Hyderabad,3,664.09,0.05,1892.65,167.91,UPI,2023,Apr,4,Q2,8.87,,
ORD00364,2023-04-16,Ishita Gupta,Consumer,Conference Table,Furniture,Tables,North,Delhi,10,441.11,0.0,4411.07,560.45,Credit Card,2023,Apr,4,Q2,12.71,,
ORD02216,2023-04-16,Ananya Iyer,Small Business,Ergonomic Office Chair,Furniture,Chairs,South,Bengaluru,2,147.12,0.1,264.82,19.27,Net Banking,2023,Apr,4,Q2,7.28,,
ORD04019,2023-04-16,Aarav Mehta,Consumer,Mechanical Keyboard,Technology,Accessories,West,Ahmedabad,1,67.79,0.0,67.79,10.05,Credit Card,2023,Apr,4,Q2,14.83,,
ORD01624,2023-04-17,Kabir Shah,Consumer,Study Desk,Furniture,Tables,South,Chennai,5,191.43,0.25,717.86,18.47,Credit Card,2023,Apr,4,Q2,2.57,,
ORD01991,2023-04-17,Arjun Nair,Consumer,Ergonomic Office Chair,Furniture,Chairs,East,Kolkata,4,136.53,0.0,546.13,67.85,Credit Card,2023,Apr,4,Q2,12.42,,
ORD02349,2023-04-17,Ananya Iyer,Corporate,Notebook Pack,Office Supplies,Stationery,West,Pune,3,12.46,0.2,29.91,3.78,UPI,2023,Apr,4,Q2,12.64,,
ORD02597,2023-04-17,Neel Malhotra,Consumer,Samsung Galaxy A54,Technology,Phones,North,Delhi,1,333.57,0.1,300.21,17.17,Cash,2023,Apr,4,Q2,5.72,,
ORD02896,2023-04-17,Rohan Patel,Consumer,Logitech Wireless Mouse,Technology,Accessories,South,Coimbatore,1,28.17,0.2,22.53,1.28,UPI,2023,Apr,4,Q2,5.68,,
ORD03763,2023-04-17,Kiara Desai,Corporate,Lenovo IdeaPad 3,Technology,Laptops,West,Mumbai,8,527.5,0.3,2954.01,-122.7,UPI,2023,Apr,4,Q2,-4.15,,
ORD00086,2023-04-18,Arjun Nair,Corporate,Desk Organizer,Office Supplies,Storage,West,Nagpur,6,13.56,0.05,77.29,15.29,Net Banking,2023,Apr,4,Q2,19.78,,
ORD01427,2023-04-18,Aditya Rao,Consumer,Bookshelf,Furniture,Storage,North,Delhi,4,112.94,0.0,451.76,88.42,Credit Card,2023,Apr,4,Q2,19.57,,
ORD01764,2023-04-18,Arjun Nair,Consumer,Conference Table,Furniture,Tables,North,Delhi,5,446.95,0.0,2234.74,319.04,Debit Card,2023,Apr,4,Q2,14.28,,
ORD02129,2023-04-18,Kiara Desai,Small Business,Notebook Pack,Office Supplies,Stationery,South,Kochi,1,11.85,0.25,8.88,0.99,UPI,2023,Apr,4,Q2,11.15,,
ORD04536,2023-04-18,Ishita Gupta,Corporate,Stapler,Office Supplies,Stationery,East,Guwahati,2,9.58,0.05,18.21,4.13,Credit Card,2023,Apr,4,Q2,22.68,,
ORD00413,2023-04-19,Aarav Mehta,Small Business,Filing Cabinet,Furniture,Storage,South,Coimbatore,3,101.12,0.1,273.02,24.04,UPI,2023,Apr,4,Q2,8.81,,
ORD01456,2023-04-19,Sana Kapoor,Consumer,A4 Copy Paper,Office Supplies,Paper,North,Jaipur,2,6.24,0.0,12.47,2.5,Credit Card,2023,Apr,4,Q2,20.05,,
ORD02064,2023-04-19,Dev Agarwal,Consumer,Notebook Pack,Office Supplies,Stationery,North,Delhi,3,12.47,0.15,31.8,5.3,Debit Card,2023,Apr,4,Q2,16.67,,
ORD02463,2023-04-19,Vivaan Singh,Small Business,Desk Organizer,Office Supplies,Storage,North,Jaipur,4,13.96,0.0,55.85,13.51,UPI,2023,Apr,4,Q2,24.19,,
ORD03289,2023-04-19,Ishita Gupta,Corporate,Desk Organizer,Office Supplies,Storage,North,Amritsar,2,13.79,0.1,24.83,3.94,UPI,2023,Apr,4,Q2,15.87,,
ORD03745,2023-04-19,Kabir Shah,Small Business,Ball Pen Set,Office Supplies,Stationery,South,Bengaluru,2,8.43,0.25,12.65,1.5,Cash,2023,Apr,4,Q2,11.86,,
ORD03966,2023-04-19,Rohan Patel,Corporate,A4 Copy Paper,Office Supplies,Paper,West,Surat,10,6.11,0.1,55.0,9.44,Credit Card,2023,Apr,4,Q2,17.16,,
ORD00455,2023-04-20,Aarav Mehta,Consumer,Ergonomic Office Chair,Furniture,Chairs,South,Bengaluru,2,146.0,0.15,248.21,-4.38,UPI,2023,Apr,4,Q2,-1.76,,
ORD01041,2023-04-20,Sana Kapoor,Consumer,Ergonomic Office Chair,Furniture,Chairs,North,Amritsar,6,143.48,0.1,774.81,63.68,UPI,2023,Apr,4,Q2,8.22,,
ORD03018,2023-04-20,Sana Kapoor,Consumer,Mechanical Keyboard,Technology,Accessories,West,Pune,2,71.17,0.05,135.23,18.04,Credit Card,2023,Apr,4,Q2,13.34,,
ORD03948,2023-04-20,Sana Kapoor,Corporate,USB-C Hub,Technology,Accessories,East,Kolkata,1,32.61,0.15,27.72,2.24,Credit Card,2023,Apr,4,Q2,8.08,,
ORD01170,2023-04-21,Kabir Shah,Consumer,Stapler,Office Supplies,Stationery,West,Ahmedabad,5,9.31,0.0,46.57,9.95,Net Banking,2023,Apr,4,Q2,21.37,,
ORD03693,2023-04-21,Vivaan Singh,Small Business,Filing Cabinet,Furniture,Storage,North,Jaipur,6,91.48,0.3,384.21,-12.88,Credit Card,2023,Apr,4,Q2,-3.35,,
ORD02150,2023-04-22,Ananya Iyer,Consumer,Study Desk,Furniture,Tables,North,Chandigarh,5,190.52,0.0,952.62,100.09,UPI,2023,Apr,4,Q2,10.51,,
ORD02264,2023-04-22,Neel Malhotra,Consumer,Bookshelf,Furniture,Storage,North,Delhi,3,107.61,0.0,322.82,51.89,UPI,2023,Apr,4,Q2,16.07,,
ORD02286,2023-04-22,Kiara Desai,Consumer,Mechanical Keyboard,Technology,Accessories,East,Guwahati,8,73.15,0.0,585.19,77.81,Credit Card,2023,Apr,4,Q2,13.3,,
ORD02741,2023-04-22,Aditya Rao,Corporate,Ball Pen Set,Office Supplies,Stationery,West,Nagpur,4,8.1,0.25,24.3,3.72,Credit Card,2023,Apr,4,Q2,15.31,,
ORD02882,2023-04-22,Kiara Desai,Consumer,Dell 24-inch Monitor,Technology,Monitors,East,Guwahati,8,177.32,0.25,1063.91,17.56,UPI,2023,Apr,4,Q2,1.65,,
ORD03940,2023-04-22,Ishita Gupta,Consumer,Desk Organizer,Office Supplies,Storage,East,Guwahati,2,13.85,0.25,20.78,1.86,Debit Card,2023,Apr,4,Q2,8.95,,
ORD00005,2023-04-23,Rohan Patel,Consumer,Mechanical Keyboard,Technology,Accessories,North,Lucknow,6,75.88,0.05,432.49,60.35,UPI,2023,Apr,4,Q2,13.95,,
ORD00188,2023-04-23,Maya Thomas,Consumer,USB-C Hub,Technology,Accessories,East,Guwahati,2,33.86,0.05,64.33,9.64,UPI,2023,Apr,4,Q2,14.99,,
ORD00845,2023-04-23,Ishita Gupta,Consumer,USB-C Hub,Technology,Accessories,West,Mumbai,1,34.42,0.0,34.42,5.11,UPI,2023,Apr,4,Q2,14.85,,
ORD01408,2023-04-23,Tara Menon,Consumer,HP Pavilion 15,Technology,Laptops,North,Amritsar,2,660.72,0.15,1123.23,11.18,Cash,2023,Apr,4,Q2,1.0,,
ORD01707,2023-04-23,Dev Agarwal,Corporate,HP Pavilion 15,Technology,Laptops,West,Mumbai,1,654.61,0.05,621.88,49.0,UPI,2023,Apr,4,Q2,7.88,,
ORD02147,2023-04-23,Vivaan Singh,Small Business,Filing Cabinet,Furniture,Storage,South,Coimbatore,1,98.64,0.0,98.64,12.47,Credit Card,2023,Apr,4,Q2,12.64,,
ORD02233,2023-04-23,Kabir Shah,Consumer,Filing Cabinet,Furniture,Storage,North,Jaipur,1,99.73,0.2,79.78,3.67,Debit Card,2023,Apr,4,Q2,4.6,,
ORD03198,2023-04-23,Aditya Rao,Consumer,USB-C Hub,Technology,Accessories,East,Ranchi,4,35.81,0.2,114.6,12.56,Credit Card,2023,Apr,4,Q2,10.96,,
ORD03284,2023-04-23,Aisha Khan,Consumer,HP Pavilion 15,Technology,Laptops,South,Kochi,2,641.49,0.0,1282.99,206.45,UPI,2023,Apr,4,Q2,16.09,,
ORD03686,2023-04-23,Ishita Gupta,Consumer,HP Pavilion 15,Technology,Laptops,East,Ranchi,2,649.7,0.1,1169.46,113.99,Credit Card,2023,Apr,4,Q2,9.75,,
ORD00337,2023-04-24,Neel Malhotra,Consumer,Samsung Galaxy A54,Technology,Phones,West,Surat,1,320.0,0.0,320.0,57.78,UPI,2023,Apr,4,Q2,18.06,,
ORD00350,2023-04-24,Aarav Mehta,Small Business,Samsung Galaxy A54,Technology,Phones,South,Kochi,4,335.18,0.25,1005.55,16.35,Credit Card,2023,Apr,4,Q2,1.63,,
ORD01133,2023-04-24,Sana Kapoor,Consumer,Desk Organizer,Office Supplies,Storage,South,Coimbatore,2,14.29,0.05,27.14,4.65,UPI,2023,Apr,4,Q2,17.13,,
ORD01297,2023-04-24,Tara Menon,Corporate,Dell 24-inch Monitor,Technology,Monitors,East,Guwahati,4,173.13,0.2,554.01,10.58,Credit Card,2023,Apr,4,Q2,1.91,,
ORD01836,2023-04-24,Aisha Khan,Consumer,Ergonomic Office Chair,Furniture,Chairs,South,Bengaluru,4,136.77,0.05,519.72,61.98,UPI,2023,Apr,4,Q2,11.93,,
ORD03210,2023-04-24,Meera Joshi,Consumer,HP Laser Printer,Technology,Printers,East,Guwahati,1,195.66,0.2,156.53,4.82,UPI,2023,Apr,4,Q2,3.08,,
ORD03997,2023-04-24,Kabir Shah,Corporate,Notebook Pack,Office Supplies,Stationery,North,Delhi,1,11.7,0.0,11.7,2.97,Debit Card,2023,Apr,4,Q2,25.38,,
ORD01153,2023-04-25,Sana Kapoor,Consumer,Ring Binder,Office Supplies,Binders,North,Amritsar,2,6.93,0.25,10.39,1.59,Net Banking,2023,Apr,4,Q2,15.3,,
ORD03167,2023-04-25,Maya Thomas,Consumer,Mechanical Keyboard,Technology,Accessories,West,Pune,3,72.57,0.05,206.81,31.14,Credit Card,2023,Apr,4,Q2,15.06,,
ORD04106,2023-04-25,Ishita Gupta,Corporate,Mechanical Keyboard,Technology,Accessories,North,Lucknow,3,68.27,0.2,163.84,1.8,Credit Card,2023,Apr,4,Q2,1.1,,
ORD00109,2023-04-26,Neel Malhotra,Small Business,A4 Copy Paper,Office Supplies,Paper,West,Mumbai,2,5.72,0.15,9.73,1.67,UPI,2023,Apr,4,Q2,17.16,,
ORD00921,2023-04-26,Aditya Rao,Consumer,A4 Copy Paper,Office Supplies,Paper,East,Patna,3,6.36,0.1,17.17,2.35,Credit Card,2023,Apr,4,Q2,13.69,,
ORD01371,2023-04-26,Neel Malhotra,Consumer,Conference Table,Furniture,Tables,West,Ahmedabad,1,424.88,0.2,339.9,-7.45,UPI,2023,Apr,4,Q2,-2.19,,
ORD02424,2023-04-26,Sana Kapoor,Corporate,Mechanical Keyboard,Technology,Accessories,West,Mumbai,5,71.76,0.3,251.17,-8.43,Net Banking,2023,Apr,4,Q2,-3.36,,
ORD02514,2023-04-26,Rahul Verma,Consumer,Notebook Pack,Office Supplies,Stationery,South,Coimbatore,6,12.63,0.1,68.2,14.68,UPI,2023,Apr,4,Q2,21.52,,
ORD01642,2023-04-27,Sana Kapoor,Consumer,Study Desk,Furniture,Tables,South,Bengaluru,3,192.16,0.0,576.47,88.64,Credit Card,2023,Apr,4,Q2,15.38,,
ORD02157,2023-04-27,Tara Menon,Consumer,Bookshelf,Furniture,Storage,South,Kochi,2,108.76,0.2,174.02,7.67,UPI,2023,Apr,4,Q2,4.41,,
ORD03000,2023-04-27,Kunal Bansal,Consumer,Dell 24-inch Monitor,Technology,Monitors,East,Bhubaneswar,1,170.78,0.1,153.7,-0.27,UPI,2023,Apr,4,Q2,-0.18,,
ORD03052,2023-04-27,Ananya Iyer,Corporate,Conference Table,Furniture,Tables,North,Amritsar,3,399.85,0.0,1199.56,194.18,UPI,2023,Apr,4,Q2,16.19,,
ORD00894,2023-04-28,Sana Kapoor,Corporate,Notebook Pack,Office Supplies,Stationery,East,Patna,1,12.34,0.0,12.34,3.26,Credit Card,2023,Apr,4,Q2,26.42,,
ORD03133,2023-04-28,Ishita Gupta,Consumer,A4 Copy Paper,Office Supplies,Paper,South,Hyderabad,1,5.78,0.1,5.2,0.84,UPI,2023,Apr,4,Q2,16.15,,
ORD00294,2023-04-29,Neel Malhotra,Consumer,HP Laser Printer,Technology,Printers,East,Ranchi,2,214.76,0.1,386.56,20.46,Debit Card,2023,Apr,4,Q2,5.29,,
ORD00869,2023-04-29,Arjun Nair,Consumer,Samsung Galaxy A54,Technology,Phones,South,Chennai,1,327.69,0.15,278.54,8.02,Cash,2023,Apr,4,Q2,2.88,,
ORD01236,2023-04-29,Aditya Rao,Consumer,Apple iPhone 13,Technology,Phones,North,Jaipur,1,689.42,0.15,586.01,17.95,UPI,2023,Apr,4,Q2,3.06,,
ORD01251,2023-04-29,Arjun Nair,Consumer,Mechanical Keyboard,Technology,Accessories,West,Nagpur,1,73.95,0.2,59.16,1.16,Net Banking,2023,Apr,4,Q2,1.96,,
ORD02983,2023-04-29,Ananya Iyer,Corporate,Notebook Pack,Office Supplies,Stationery,East,Bhubaneswar,3,11.78,0.2,28.27,4.18,Credit Card,2023,Apr,4,Q2,14.79,,
ORD00940,2023-04-30,Kiara Desai,Consumer,A4 Copy Paper,Office Supplies,Paper,South,Coimbatore,3,6.22,0.1,16.78,2.87,Debit Card,2023,Apr,4,Q2,17.1,,
ORD02035,2023-04-30,Rahul Verma,Consumer,Ring Binder,Office Supplies,Binders,West,Nagpur,1,6.84,0.15,5.82,1.06,Debit Card,2023,Apr,4,Q2,18.21,,
ORD02568,2023-04-30,Diya Sharma,Corporate,Stapler,Office Supplies,Stationery,South,Chennai,2,9.53,0.15,16.2,2.53,UPI,2023,Apr,4,Q2,15.62,,
ORD02763,2023-04-30,Kabir Shah,Small Business,HP Laser Printer,Technology,Printers,West,Mumbai,4,204.19,0.05,775.93,58.92,Net Banking,2023,Apr,4,Q2,7.59,,
ORD02963,2023-04-30,Rahul Verma,Small Business,Conference Table,Furniture,Tables,East,Guwahati,1,437.49,0.15,371.86,-3.68,UPI,2023,Apr,4,Q2,-0.99,,
ORD03234,2023-04-30,Meera Joshi,Corporate,Ball Pen Set,Office Supplies,Stationery,West,Surat,2,8.51,0.25,12.76,1.87,UPI,2023,Apr,4,Q2,14.66,,
ORD00290,2023-05-01,Kiara Desai,Consumer,Ring Binder,Office Supplies,Binders,South,Bengaluru,1,7.44,0.25,5.58,0.69,UPI,2023,May,5,Q2,12.37,,
ORD01341,2023-05-01,Meera Joshi,Consumer,Desk Organizer,Office Supplies,Storage,East,Bhubaneswar,6,14.41,0.0,86.46,21.07,Credit Card,2023,May,5,Q2,24.37,,
ORD02458,2023-05-01,Arjun Nair,Consumer,Logitech Wireless Mouse,Technology,Accessories,West,Surat,2,28.6,0.3,40.04,-0.22,UPI,2023,May,5,Q2,-0.55,,
ORD03257,2023-05-01,Ishita Gupta,Consumer,Samsung Galaxy A54,Technology,Phones,West,Pune,2,340.4,0.2,544.63,-31.61,Debit Card,2023,May,5,Q2,-5.8,,
ORD03410,2023-05-01,Aditya Rao,Consumer,Bookshelf,Furniture,Storage,South,Coimbatore,2,116.29,0.15,197.7,21.52,UPI,2023,May,5,Q2,10.89,,
ORD04091,2023-05-01,Sana Kapoor,Small Business,Bookshelf,Furniture,Storage,West,Pune,4,112.12,0.15,381.22,22.04,UPI,2023,May,5,Q2,5.78,,
ORD00718,2023-05-02,Meera Joshi,Corporate,HP Pavilion 15,Technology,Laptops,South,Bengaluru,2,642.57,0.1,1156.62,83.76,Credit Card,2023,May,5,Q2,7.24,,
ORD03318,2023-05-02,Tara Menon,Consumer,USB-C Hub,Technology,Accessories,North,Chandigarh,3,35.16,0.05,100.21,15.86,UPI,2023,May,5,Q2,15.83,,
ORD04200,2023-05-02,Rahul Verma,Consumer,Logitech Wireless Mouse,Technology,Accessories,East,Ranchi,1,27.2,0.1,24.48,3.2,UPI,2023,May,5,Q2,13.07,,
ORD04331,2023-05-02,Diya Sharma,Consumer,Conference Table,Furniture,Tables,West,Surat,4,407.4,0.05,1548.11,56.16,Debit Card,2023,May,5,Q2,3.63,,
ORD00129,2023-05-03,Diya Sharma,Corporate,Apple iPhone 13,Technology,Phones,West,Mumbai,3,638.58,0.3,1341.03,-134.64,UPI,2023,May,5,Q2,-10.04,,
ORD00725,2023-05-03,Riya Kulkarni,Corporate,Samsung Galaxy A54,Technology,Phones,West,Nagpur,4,329.34,0.0,1317.37,150.44,Credit Card,2023,May,5,Q2,11.42,,
ORD01278,2023-05-03,Kunal Bansal,Consumer,Notebook Pack,Office Supplies,Stationery,West,Mumbai,1,11.25,0.05,10.69,1.94,UPI,2023,May,5,Q2,18.15,,
ORD01936,2023-05-03,Meera Joshi,Consumer,Ball Pen Set,Office Supplies,Stationery,North,Jaipur,3,8.43,0.2,20.22,3.02,Net Banking,2023,May,5,Q2,14.94,,
ORD02782,2023-05-03,Tara Menon,Consumer,USB-C Hub,Technology,Accessories,South,Bengaluru,2,35.69,0.05,67.81,7.93,Credit Card,2023,May,5,Q2,11.69,,
ORD04990,2023-05-03,Ananya Iyer,Consumer,Bookshelf,Furniture,Storage,West,Ahmedabad,1,109.25,0.25,81.94,0.67,Debit Card,2023,May,5,Q2,0.82,,
ORD02210,2023-05-04,Tara Menon,Corporate,Study Desk,Furniture,Tables,North,Amritsar,2,189.82,0.1,341.67,28.21,UPI,2023,May,5,Q2,8.26,,
ORD02864,2023-05-04,Ananya Iyer,Consumer,Notebook Pack,Office Supplies,Stationery,West,Mumbai,3,12.48,0.15,31.83,6.04,Net Banking,2023,May,5,Q2,18.98,,
ORD03344,2023-05-04,Neel Malhotra,Consumer,Stapler,Office Supplies,Stationery,South,Chennai,4,8.58,0.2,27.45,3.17,Credit Card,2023,May,5,Q2,11.55,,
ORD04187,2023-05-04,Ishita Gupta,Corporate,Ball Pen Set,Office Supplies,Stationery,East,Patna,4,8.26,0.1,29.74,6.53,Cash,2023,May,5,Q2,21.96,,
ORD00583,2023-05-05,Rahul Verma,Consumer,Apple iPhone 13,Technology,Phones,South,Hyderabad,2,617.52,0.1,1111.54,-6.09,Credit Card,2023,May,5,Q2,-0.55,,
ORD00865,2023-05-05,Vivaan Singh,Consumer,Samsung Galaxy A54,Technology,Phones,West,Mumbai,10,339.03,0.25,2542.75,7.88,Net Banking,2023,May,5,Q2,0.31,,
ORD00230,2023-05-06,Maya Thomas,Consumer,A4 Copy Paper,Office Supplies,Paper,West,Surat,1,6.18,0.15,5.25,0.92,Credit Card,2023,May,5,Q2,17.52,,
ORD00258,2023-05-06,Sana Kapoor,Corporate,Study Desk,Furniture,Tables,North,Jaipur,3,181.36,0.05,516.87,66.91,Cash,2023,May,5,Q2,12.95,,
ORD02483,2023-05-06,Tara Menon,Small Business,Dell 24-inch Monitor,Technology,Monitors,East,Guwahati,3,180.8,0.25,406.8,-30.77,Debit Card,2023,May,5,Q2,-7.56,,
ORD02659,2023-05-06,Rahul Verma,Small Business,Desk Organizer,Office Supplies,Storage,East,Bhubaneswar,3,14.24,0.25,32.04,4.41,Credit Card,2023,May,5,Q2,13.76,,
ORD03280,2023-05-06,Rohan Patel,Consumer,USB-C Hub,Technology,Accessories,North,Amritsar,2,33.34,0.25,50.02,4.51,Debit Card,2023,May,5,Q2,9.02,,
ORD03959,2023-05-06,Vivaan Singh,Consumer,A4 Copy Paper,Office Supplies,Paper,South,Bengaluru,8,5.81,0.2,37.15,3.39,UPI,2023,May,5,Q2,9.13,,
ORD04203,2023-05-06,Riya Kulkarni,Corporate,Mechanical Keyboard,Technology,Accessories,North,Chandigarh,4,75.72,0.0,302.87,52.81,Net Banking,2023,May,5,Q2,17.44,,
ORD00409,2023-05-07,Kunal Bansal,Corporate,Ergonomic Office Chair,Furniture,Chairs,West,Pune,2,151.31,0.05,287.48,27.21,Credit Card,2023,May,5,Q2,9.47,,
ORD03631,2023-05-07,Rahul Verma,Consumer,Ergonomic Office Chair,Furniture,Chairs,East,Ranchi,4,154.86,0.1,557.48,36.41,Debit Card,2023,May,5,Q2,6.53,,
ORD04609,2023-05-07,Sana Kapoor,Consumer,Stapler,Office Supplies,Stationery,North,Lucknow,4,8.41,0.0,33.65,8.88,UPI,2023,May,5,Q2,26.39,,
ORD00161,2023-05-08,Rohan Patel,Small Business,Study Desk,Furniture,Tables,East,Kolkata,2,172.58,0.1,310.65,15.37,UPI,2023,May,5,Q2,4.95,,
ORD01252,2023-05-08,Rahul Verma,Consumer,Logitech Wireless Mouse,Technology,Accessories,North,Amritsar,3,26.69,0.0,80.06,12.48,Debit Card,2023,May,5,Q2,15.59,,
ORD01473,2023-05-08,Aisha Khan,Consumer,Logitech Wireless Mouse,Technology,Accessories,North,Lucknow,5,28.46,0.25,106.71,8.53,Credit Card,2023,May,5,Q2,7.99,,
ORD02416,2023-05-08,Rohan Patel,Corporate,Desk Organizer,Office Supplies,Storage,South,Coimbatore,1,14.75,0.15,12.53,2.12,Net Banking,2023,May,5,Q2,16.92,,
ORD04494,2023-05-08,Aisha Khan,Corporate,Ring Binder,Office Supplies,Binders,South,Coimbatore,2,6.68,0.0,13.36,2.99,UPI,2023,May,5,Q2,22.38,,
ORD04658,2023-05-08,Dev Agarwal,Corporate,Study Desk,Furniture,Tables,South,Chennai,8,187.05,0.15,1271.92,58.55,Credit Card,2023,May,5,Q2,4.6,,
ORD00155,2023-05-09,Riya Kulkarni,Corporate,Samsung Galaxy A54,Technology,Phones,North,Amritsar,4,321.41,0.1,1157.08,98.76,UPI,2023,May,5,Q2,8.54,,
ORD01575,2023-05-09,Kiara Desai,Small Business,Notebook Pack,Office Supplies,Stationery,South,Coimbatore,3,12.13,0.15,30.94,5.44,Debit Card,2023,May,5,Q2,17.58,,
ORD02022,2023-05-09,Aditya Rao,Consumer,Bookshelf,Furniture,Storage,North,Delhi,1,111.79,0.1,100.61,8.67,Net Banking,2023,May,5,Q2,8.62,,
ORD02119,2023-05-09,Ishita Gupta,Corporate,Dell 24-inch Monitor,Technology,Monitors,North,Lucknow,3,169.12,0.1,456.63,40.26,Cash,2023,May,5,Q2,8.82,,
ORD02889,2023-05-09,Diya Sharma,Consumer,Filing Cabinet,Furniture,Storage,North,Chandigarh,4,94.47,0.0,377.9,37.68,Debit Card,2023,May,5,Q2,9.97,,
ORD03527,2023-05-09,Sana Kapoor,Consumer,Notebook Pack,Office Supplies,Stationery,South,Kochi,2,12.55,0.1,22.58,5.21,Debit Card,2023,May,5,Q2,23.07,,
ORD00240,2023-05-10,Rohan Patel,Consumer,Logitech Wireless Mouse,Technology,Accessories,West,Mumbai,4,29.67,0.25,89.02,4.85,UPI,2023,May,5,Q2,5.45,,
ORD00636,2023-05-10,Rohan Patel,Consumer,Notebook Pack,Office Supplies,Stationery,North,Delhi,3,12.78,0.05,36.43,9.09,UPI,2023,May,5,Q2,24.95,,
ORD03209,2023-05-10,Vivaan Singh,Corporate,Stapler,Office Supplies,Stationery,East,Kolkata,1,8.62,0.1,7.76,1.46,Credit Card,2023,May,5,Q2,18.81,,
ORD03523,2023-05-10,Diya Sharma,Consumer,Study Desk,Furniture,Tables,West,Surat,6,176.57,0.05,1006.48,79.95,Credit Card,2023,May,5,Q2,7.94,,
ORD04445,2023-05-10,Aisha Khan,Consumer,USB-C Hub,Technology,Accessories,North,Lucknow,4,33.24,0.15,113.0,14.04,Debit Card,2023,May,5,Q2,12.42,,
ORD04625,2023-05-10,Kabir Shah,Small Business,Notebook Pack,Office Supplies,Stationery,North,Delhi,2,12.2,0.3,17.08,1.86,UPI,2023,May,5,Q2,10.89,,
ORD04887,2023-05-10,Meera Joshi,Corporate,Ergonomic Office Chair,Furniture,Chairs,East,Guwahati,1,149.59,0.05,142.11,16.13,Debit Card,2023,May,5,Q2,11.35,,
ORD03398,2023-05-11,Sana Kapoor,Small Business,Desk Organizer,Office Supplies,Storage,West,Surat,3,13.16,0.1,35.53,7.02,Net Banking,2023,May,5,Q2,19.76,,
ORD00404,2023-05-12,Tara Menon,Consumer,Samsung Galaxy A54,Technology,Phones,West,Nagpur,4,333.38,0.1,1200.16,60.97,Debit Card,2023,May,5,Q2,5.08,,
ORD00769,2023-05-12,Rahul Verma,Consumer,Ball Pen Set,Office Supplies,Stationery,South,Bengaluru,5,8.22,0.1,36.99,8.63,Debit Card,2023,May,5,Q2,23.33,,
ORD00908,2023-05-12,Rahul Verma,Corporate,Lenovo IdeaPad 3,Technology,Laptops,South,Coimbatore,8,501.34,0.0,4010.74,340.0,Cash,2023,May,5,Q2,8.48,,
ORD01517,2023-05-12,Rahul Verma,Consumer,Samsung Galaxy A54,Technology,Phones,North,Amritsar,2,326.58,0.0,653.17,70.88,UPI,2023,May,5,Q2,10.85,,
ORD02489,2023-05-12,Vivaan Singh,Consumer,Conference Table,Furniture,Tables,East,Patna,6,431.77,0.25,1942.94,-106.01,Debit Card,2023,May,5,Q2,-5.46,,
ORD03008,2023-05-12,Maya Thomas,Consumer,Study Desk,Furniture,Tables,North,Jaipur,6,192.09,0.0,1152.51,167.58,Net Banking,2023,May,5,Q2,14.54,,
ORD04677,2023-05-12,Neel Malhotra,Consumer,Bookshelf,Furniture,Storage,West,Nagpur,3,108.91,0.15,277.73,20.65,Cash,2023,May,5,Q2,7.44,,
ORD04750,2023-05-12,Arjun Nair,Consumer,Ring Binder,Office Supplies,Binders,West,Mumbai,4,7.25,0.15,24.64,5.14,Net Banking,2023,May,5,Q2,20.86,,
ORD00733,2023-05-13,Riya Kulkarni,Consumer,HP Pavilion 15,Technology,Laptops,South,Hyderabad,4,645.46,0.2,2065.47,32.1,Debit Card,2023,May,5,Q2,1.55,,
ORD00742,2023-05-13,Ananya Iyer,Corporate,Logitech Wireless Mouse,Technology,Accessories,West,Ahmedabad,1,27.41,0.05,26.04,4.06,UPI,2023,May,5,Q2,15.59,,
ORD01122,2023-05-13,Neel Malhotra,Small Business,Filing Cabinet,Furniture,Storage,West,Ahmedabad,3,90.27,0.15,230.19,14.69,Cash,2023,May,5,Q2,6.38,,
ORD03232,2023-05-13,Vivaan Singh,Consumer,Dell 24-inch Monitor,Technology,Monitors,South,Coimbatore,2,172.0,0.25,257.99,5.71,Debit Card,2023,May,5,Q2,2.21,,
ORD03873,2023-05-13,Kunal Bansal,Consumer,USB-C Hub,Technology,Accessories,West,Ahmedabad,1,35.24,0.05,33.48,5.71,Cash,2023,May,5,Q2,17.05,,
ORD04488,2023-05-13,Dev Agarwal,Consumer,Stapler,Office Supplies,Stationery,West,Nagpur,6,9.19,0.2,44.09,2.82,UPI,2023,May,5,Q2,6.4,,
ORD00608,2023-05-15,Riya Kulkarni,Corporate,Desk Organizer,Office Supplies,Storage,South,Coimbatore,1,14.37,0.05,13.65,2.31,UPI,2023,May,5,Q2,16.92,,
ORD02217,2023-05-15,Dev Agarwal,Consumer,Notebook Pack,Office Supplies,Stationery,North,Chandigarh,1,11.53,0.05,10.96,2.47,Debit Card,2023,May,5,Q2,22.54,,
ORD03082,2023-05-15,Vivaan Singh,Consumer,Conference Table,Furniture,Tables,East,Bhubaneswar,2,422.54,0.15,718.32,7.31,Credit Card,2023,May,5,Q2,1.02,,
ORD04214,2023-05-15,Dev Agarwal,Corporate,Bookshelf,Furniture,Storage,South,Kochi,5,115.24,0.0,576.21,63.68,Net Banking,2023,May,5,Q2,11.05,,
ORD00060,2023-05-16,Riya Kulkarni,Corporate,HP Pavilion 15,Technology,Laptops,West,Pune,2,670.48,0.0,1340.96,180.78,UPI,2023,May,5,Q2,13.48,,
ORD03245,2023-05-16,Sana Kapoor,Consumer,Lenovo IdeaPad 3,Technology,Laptops,South,Coimbatore,6,536.02,0.2,2572.91,102.55,Debit Card,2023,May,5,Q2,3.99,,
ORD03549,2023-05-16,Riya Kulkarni,Small Business,Filing Cabinet,Furniture,Storage,West,Mumbai,3,93.35,0.05,266.06,33.51,UPI,2023,May,5,Q2,12.59,,
ORD04515,2023-05-16,Aditya Rao,Consumer,Filing Cabinet,Furniture,Storage,South,Coimbatore,1,90.5,0.15,76.93,6.71,Cash,2023,May,5,Q2,8.72,,
ORD00269,2023-05-17,Dev Agarwal,Consumer,Apple iPhone 13,Technology,Phones,North,Delhi,1,687.63,0.25,515.72,-22.15,UPI,2023,May,5,Q2,-4.29,,
ORD00510,2023-05-17,Aditya Rao,Corporate,Notebook Pack,Office Supplies,Stationery,South,Coimbatore,3,11.25,0.05,32.06,7.11,UPI,2023,May,5,Q2,22.18,,
ORD01107,2023-05-17,Ishita Gupta,Corporate,Study Desk,Furniture,Tables,West,Mumbai,1,176.77,0.15,150.25,11.08,UPI,2023,May,5,Q2,7.37,,
ORD01253,2023-05-17,Kiara Desai,Small Business,Ring Binder,Office Supplies,Binders,West,Surat,2,7.3,0.0,14.59,3.79,UPI,2023,May,5,Q2,25.98,,
ORD02005,2023-05-17,Diya Sharma,Consumer,A4 Copy Paper,Office Supplies,Paper,South,Coimbatore,4,5.82,0.15,19.79,2.43,Net Banking,2023,May,5,Q2,12.28,,
ORD02191,2023-05-17,Tara Menon,Corporate,Notebook Pack,Office Supplies,Stationery,North,Lucknow,1,12.73,0.05,12.09,2.7,UPI,2023,May,5,Q2,22.33,,
ORD04866,2023-05-17,Tara Menon,Corporate,USB-C Hub,Technology,Accessories,East,Guwahati,1,34.16,0.1,30.74,4.48,UPI,2023,May,5,Q2,14.57,,
ORD03352,2023-05-18,Diya Sharma,Consumer,Ring Binder,Office Supplies,Binders,East,Kolkata,2,6.63,0.05,12.6,3.47,Credit Card,2023,May,5,Q2,27.54,,
ORD00363,2023-05-19,Kiara Desai,Consumer,Mechanical Keyboard,Technology,Accessories,West,Mumbai,1,76.43,0.2,61.14,2.14,UPI,2023,May,5,Q2,3.5,,
ORD01393,2023-05-19,Arjun Nair,Consumer,Logitech Wireless Mouse,Technology,Accessories,South,Bengaluru,3,26.19,0.05,74.64,16.3,UPI,2023,May,5,Q2,21.84,,
ORD02781,2023-05-19,Ishita Gupta,Consumer,Filing Cabinet,Furniture,Storage,West,Pune,5,91.13,0.1,410.1,34.34,Debit Card,2023,May,5,Q2,8.37,,
ORD04197,2023-05-19,Ishita Gupta,Small Business,Study Desk,Furniture,Tables,East,Kolkata,2,189.74,0.1,341.53,35.46,Credit Card,2023,May,5,Q2,10.38,,
ORD00099,2023-05-20,Rahul Verma,Consumer,Dell 24-inch Monitor,Technology,Monitors,South,Coimbatore,2,171.99,0.05,326.77,25.37,Credit Card,2023,May,5,Q2,7.76,,
ORD00389,2023-05-20,Ishita Gupta,Consumer,Ring Binder,Office Supplies,Binders,West,Mumbai,3,7.46,0.1,20.14,4.07,UPI,2023,May,5,Q2,20.21,,
ORD01350,2023-05-20,Rohan Patel,Consumer,Stapler,Office Supplies,Stationery,South,Hyderabad,2,8.77,0.0,17.55,4.13,Debit Card,2023,May,5,Q2,23.53,,
ORD01685,2023-05-20,Ishita Gupta,Small Business,Logitech Wireless Mouse,Technology,Accessories,East,Kolkata,1,29.48,0.25,22.11,0.91,Debit Card,2023,May,5,Q2,4.12,,
ORD02875,2023-05-20,Kunal Bansal,Consumer,Lenovo IdeaPad 3,Technology,Laptops,South,Kochi,2,511.16,0.15,868.97,26.23,Debit Card,2023,May,5,Q2,3.02,,
ORD04366,2023-05-20,Kabir Shah,Small Business,Notebook Pack,Office Supplies,Stationery,North,Chandigarh,2,11.81,0.15,20.08,2.79,UPI,2023,May,5,Q2,13.89,,
ORD00473,2023-05-21,Aarav Mehta,Consumer,USB-C Hub,Technology,Accessories,East,Guwahati,2,35.12,0.2,56.19,4.93,UPI,2023,May,5,Q2,8.77,,
ORD00973,2023-05-21,Arjun Nair,Consumer,USB-C Hub,Technology,Accessories,West,Nagpur,6,35.33,0.3,148.4,5.94,UPI,2023,May,5,Q2,4.0,,
ORD01182,2023-05-21,Kiara Desai,Consumer,Samsung Galaxy A54,Technology,Phones,West,Mumbai,3,329.66,0.15,840.63,15.05,Credit Card,2023,May,5,Q2,1.79,,
ORD02201,2023-05-21,Aarav Mehta,Small Business,Ring Binder,Office Supplies,Binders,South,Hyderabad,1,6.9,0.2,5.52,0.81,UPI,2023,May,5,Q2,14.67,,
ORD02513,2023-05-21,Kabir Shah,Consumer,HP Laser Printer,Technology,Printers,East,Kolkata,3,209.42,0.05,596.86,38.63,Credit Card,2023,May,5,Q2,6.47,,
ORD02805,2023-05-21,Dev Agarwal,Consumer,Ergonomic Office Chair,Furniture,Chairs,North,Chandigarh,1,140.54,0.0,140.54,18.22,UPI,2023,May,5,Q2,12.96,,
ORD04065,2023-05-21,Kunal Bansal,Consumer,Ergonomic Office Chair,Furniture,Chairs,East,Guwahati,2,141.94,0.0,283.89,24.04,Credit Card,2023,May,5,Q2,8.47,,
ORD04372,2023-05-21,Ananya Iyer,Corporate,Bookshelf,Furniture,Storage,West,Surat,3,112.89,0.05,321.75,44.51,Debit Card,2023,May,5,Q2,13.83,,
ORD00362,2023-05-22,Aisha Khan,Consumer,Filing Cabinet,Furniture,Storage,East,Kolkata,1,101.36,0.05,96.3,7.28,Debit Card,2023,May,5,Q2,7.56,,
ORD00525,2023-05-22,Kiara Desai,Corporate,HP Pavilion 15,Technology,Laptops,East,Kolkata,1,691.51,0.05,656.93,64.54,UPI,2023,May,5,Q2,9.82,,
ORD01765,2023-05-22,Vivaan Singh,Consumer,A4 Copy Paper,Office Supplies,Paper,North,Amritsar,1,5.83,0.15,4.95,0.64,Net Banking,2023,May,5,Q2,12.93,,
ORD03874,2023-05-22,Rahul Verma,Consumer,A4 Copy Paper,Office Supplies,Paper,East,Ranchi,6,6.23,0.3,26.17,1.45,Net Banking,2023,May,5,Q2,5.54,,
ORD00938,2023-05-23,Rahul Verma,Consumer,Ergonomic Office Chair,Furniture,Chairs,North,Delhi,1,143.46,0.1,129.11,9.04,Net Banking,2023,May,5,Q2,7.0,,
ORD04911,2023-05-23,Aditya Rao,Consumer,Ergonomic Office Chair,Furniture,Chairs,South,Hyderabad,3,148.67,0.25,334.51,-12.9,Credit Card,2023,May,5,Q2,-3.86,,
ORD00209,2023-05-24,Diya Sharma,Consumer,Apple iPhone 13,Technology,Phones,South,Hyderabad,10,639.55,0.1,5755.96,233.64,Debit Card,2023,May,5,Q2,4.06,,
ORD00392,2023-05-24,Diya Sharma,Consumer,Ring Binder,Office Supplies,Binders,West,Nagpur,3,7.18,0.05,20.47,4.22,Credit Card,2023,May,5,Q2,20.62,,
ORD01255,2023-05-24,Kunal Bansal,Corporate,Dell 24-inch Monitor,Technology,Monitors,North,Amritsar,3,185.05,0.0,555.16,79.95,Debit Card,2023,May,5,Q2,14.4,,
ORD04514,2023-05-24,Kiara Desai,Consumer,Stapler,Office Supplies,Stationery,East,Patna,1,8.84,0.3,6.19,0.15,Net Banking,2023,May,5,Q2,2.42,,
ORD04908,2023-05-24,Vivaan Singh,Corporate,Ball Pen Set,Office Supplies,Stationery,South,Hyderabad,1,7.95,0.1,7.15,1.19,Credit Card,2023,May,5,Q2,16.64,,
ORD00193,2023-05-25,Neel Malhotra,Consumer,Conference Table,Furniture,Tables,North,Chandigarh,4,413.3,0.2,1322.56,-7.81,UPI,2023,May,5,Q2,-0.59,,
ORD02579,2023-05-25,Aarav Mehta,Consumer,HP Laser Printer,Technology,Printers,East,Patna,1,218.14,0.0,218.14,32.15,Credit Card,2023,May,5,Q2,14.74,,
ORD04839,2023-05-25,Ananya Iyer,Consumer,Logitech Wireless Mouse,Technology,Accessories,South,Chennai,5,27.69,0.3,96.92,7.81,Credit Card,2023,May,5,Q2,8.06,,
ORD00218,2023-05-26,Maya Thomas,Consumer,Apple iPhone 13,Technology,Phones,North,Chandigarh,10,669.04,0.1,6021.36,90.48,UPI,2023,May,5,Q2,1.5,,
ORD00619,2023-05-26,Kunal Bansal,Consumer,Lenovo IdeaPad 3,Technology,Laptops,South,Hyderabad,4,534.31,0.05,2030.36,105.61,UPI,2023,May,5,Q2,5.2,,
ORD02421,2023-05-26,Aditya Rao,Consumer,USB-C Hub,Technology,Accessories,South,Coimbatore,2,35.17,0.0,70.33,13.04,Credit Card,2023,May,5,Q2,18.54,,
ORD02866,2023-05-26,Ananya Iyer,Small Business,A4 Copy Paper,Office Supplies,Paper,South,Hyderabad,2,5.85,0.25,8.77,0.72,Credit Card,2023,May,5,Q2,8.21,,
ORD03154,2023-05-26,Rahul Verma,Consumer,Stapler,Office Supplies,Stationery,West,Ahmedabad,1,9.32,0.3,6.53,0.39,Net Banking,2023,May,5,Q2,5.97,,
ORD02099,2023-05-27,Kabir Shah,Consumer,Notebook Pack,Office Supplies,Stationery,South,Kochi,2,11.34,0.05,21.55,5.42,UPI,2023,May,5,Q2,25.15,,
ORD02399,2023-05-27,Aditya Rao,Corporate,Mechanical Keyboard,Technology,Accessories,South,Chennai,1,71.52,0.0,71.52,10.51,Net Banking,2023,May,5,Q2,14.7,,
ORD02594,2023-05-27,Ishita Gupta,Corporate,Ring Binder,Office Supplies,Binders,West,Mumbai,4,6.82,0.2,21.81,3.26,Debit Card,2023,May,5,Q2,14.95,,
ORD04035,2023-05-27,Aarav Mehta,Consumer,Ergonomic Office Chair,Furniture,Chairs,South,Bengaluru,1,148.12,0.1,133.31,10.12,Cash,2023,May,5,Q2,7.59,,
ORD04342,2023-05-27,Riya Kulkarni,Corporate,Desk Organizer,Office Supplies,Storage,South,Kochi,1,14.64,0.1,13.17,2.51,UPI,2023,May,5,Q2,19.06,,
ORD04654,2023-05-27,Aisha Khan,Consumer,Filing Cabinet,Furniture,Storage,South,Chennai,2,89.82,0.1,161.68,11.93,UPI,2023,May,5,Q2,7.38,,
ORD00437,2023-05-28,Maya Thomas,Corporate,Apple iPhone 13,Technology,Phones,North,Lucknow,1,609.61,0.05,579.13,25.76,Credit Card,2023,May,5,Q2,4.45,,
ORD00964,2023-05-28,Dev Agarwal,Corporate,Study Desk,Furniture,Tables,South,Kochi,4,179.84,0.1,647.42,44.28,UPI,2023,May,5,Q2,6.84,,
ORD04306,2023-05-28,Vivaan Singh,Consumer,Samsung Galaxy A54,Technology,Phones,West,Mumbai,6,303.91,0.1,1641.1,89.04,Credit Card,2023,May,5,Q2,5.43,,
ORD04854,2023-05-28,Aisha Khan,Consumer,Mechanical Keyboard,Technology,Accessories,East,Kolkata,1,76.58,0.25,57.43,-1.11,Cash,2023,May,5,Q2,-1.93,,
ORD00805,2023-05-29,Neel Malhotra,Consumer,Mechanical Keyboard,Technology,Accessories,North,Jaipur,1,69.49,0.0,69.49,9.53,UPI,2023,May,5,Q2,13.71,,
ORD01040,2023-05-29,Aisha Khan,Consumer,Dell 24-inch Monitor,Technology,Monitors,East,Kolkata,5,173.54,0.1,780.91,50.28,Debit Card,2023,May,5,Q2,6.44,,
ORD02266,2023-05-29,Diya Sharma,Corporate,Filing Cabinet,Furniture,Storage,West,Surat,4,91.74,0.05,348.61,35.58,UPI,2023,May,5,Q2,10.21,,
ORD04653,2023-05-29,Arjun Nair,Consumer,Study Desk,Furniture,Tables,West,Surat,10,186.53,0.0,1865.34,183.43,Cash,2023,May,5,Q2,9.83,,
ORD00815,2023-05-30,Vivaan Singh,Consumer,Ring Binder,Office Supplies,Binders,West,Nagpur,6,6.86,0.3,28.82,1.99,UPI,2023,May,5,Q2,6.9,,
ORD01415,2023-05-30,Rahul Verma,Consumer,Logitech Wireless Mouse,Technology,Accessories,South,Coimbatore,2,26.11,0.05,49.6,6.4,UPI,2023,May,5,Q2,12.9,,
ORD01532,2023-05-30,Riya Kulkarni,Consumer,Desk Organizer,Office Supplies,Storage,North,Amritsar,2,14.44,0.2,23.11,3.16,Net Banking,2023,May,5,Q2,13.67,,
ORD01887,2023-05-30,Tara Menon,Consumer,Ring Binder,Office Supplies,Binders,East,Bhubaneswar,2,7.47,0.25,11.2,1.4,UPI,2023,May,5,Q2,12.5,,
ORD02890,2023-05-30,Aisha Khan,Consumer,Logitech Wireless Mouse,Technology,Accessories,West,Ahmedabad,2,27.95,0.1,50.3,5.04,UPI,2023,May,5,Q2,10.02,,
ORD04182,2023-05-30,Kabir Shah,Consumer,Filing Cabinet,Furniture,Storage,North,Delhi,8,89.26,0.2,571.28,2.79,Credit Card,2023,May,5,Q2,0.49,,
ORD04341,2023-05-30,Kiara Desai,Consumer,Ergonomic Office Chair,Furniture,Chairs,East,Bhubaneswar,3,154.7,0.15,394.49,14.42,UPI,2023,May,5,Q2,3.66,,
ORD00009,2023-05-31,Kiara Desai,Consumer,Ergonomic Office Chair,Furniture,Chairs,South,Chennai,2,144.04,0.1,259.27,18.94,Credit Card,2023,May,5,Q2,7.31,,
ORD01275,2023-05-31,Riya Kulkarni,Corporate,Ball Pen Set,Office Supplies,Stationery,East,Bhubaneswar,1,7.55,0.3,5.29,0.54,Net Banking,2023,May,5,Q2,10.21,,
ORD01674,2023-05-31,Neel Malhotra,Consumer,Bookshelf,Furniture,Storage,North,Chandigarh,1,102.43,0.05,97.31,12.58,Credit Card,2023,May,5,Q2,12.93,,
ORD02973,2023-05-31,Aarav Mehta,Small Business,Ergonomic Office Chair,Furniture,Chairs,West,Nagpur,2,151.36,0.05,287.58,22.89,Credit Card,2023,May,5,Q2,7.96,,
ORD03788,2023-05-31,Rahul Verma,Small Business,Stapler,Office Supplies,Stationery,West,Surat,5,9.12,0.2,36.46,4.22,UPI,2023,May,5,Q2,11.57,,
ORD01003,2023-06-01,Ishita Gupta,Consumer,HP Pavilion 15,Technology,Laptops,North,Chandigarh,5,660.67,0.3,2312.35,-201.09,Net Banking,2023,Jun,6,Q2,-8.7,,
ORD03128,2023-06-01,Aarav Mehta,Consumer,Samsung Galaxy A54,Technology,Phones,North,Amritsar,6,314.3,0.0,1885.78,138.11,UPI,2023,Jun,6,Q2,7.32,,
ORD03495,2023-06-01,Maya Thomas,Small Business,Desk Organizer,Office Supplies,Storage,South,Kochi,2,14.44,0.15,24.55,3.91,UPI,2023,Jun,6,Q2,15.93,,
ORD03668,2023-06-01,Kunal Bansal,Small Business,Stapler,Office Supplies,Stationery,East,Kolkata,3,8.64,0.25,19.43,1.44,Credit Card,2023,Jun,6,Q2,7.41,,
ORD00037,2023-06-02,Ishita Gupta,Consumer,Samsung Galaxy A54,Technology,Phones,South,Coimbatore,1,316.66,0.05,300.83,21.8,Credit Card,2023,Jun,6,Q2,7.25,,
ORD01052,2023-06-02,Riya Kulkarni,Corporate,Stapler,Office Supplies,Stationery,North,Lucknow,2,9.58,0.2,15.32,2.25,UPI,2023,Jun,6,Q2,14.69,,
ORD03602,2023-06-02,Tara Menon,Consumer,Ergonomic Office Chair,Furniture,Chairs,North,Amritsar,1,142.05,0.0,142.05,25.67,UPI,2023,Jun,6,Q2,18.07,,
ORD03962,2023-06-02,Vivaan Singh,Small Business,Dell 24-inch Monitor,Technology,Monitors,East,Kolkata,5,171.62,0.0,858.08,117.26,UPI,2023,Jun,6,Q2,13.67,,
ORD04284,2023-06-02,Diya Sharma,Consumer,Ring Binder,Office Supplies,Binders,North,Amritsar,1,6.94,0.25,5.21,0.64,Credit Card,2023,Jun,6,Q2,12.28,,
ORD01551,2023-06-03,Maya Thomas,Corporate,A4 Copy Paper,Office Supplies,Paper,East,Kolkata,2,5.62,0.2,9.0,0.51,UPI,2023,Jun,6,Q2,5.67,,
ORD02059,2023-06-03,Kunal Bansal,Small Business,Samsung Galaxy A54,Technology,Phones,West,Ahmedabad,1,325.71,0.05,309.43,8.26,Debit Card,2023,Jun,6,Q2,2.67,,
ORD02102,2023-06-03,Dev Agarwal,Consumer,Dell 24-inch Monitor,Technology,Monitors,North,Amritsar,1,178.5,0.2,142.8,2.18,UPI,2023,Jun,6,Q2,1.53,,
ORD04505,2023-06-03,Kiara Desai,Corporate,A4 Copy Paper,Office Supplies,Paper,East,Ranchi,2,6.16,0.15,10.47,1.54,UPI,2023,Jun,6,Q2,14.71,,
ORD00207,2023-06-04,Maya Thomas,Corporate,Conference Table,Furniture,Tables,North,Jaipur,4,414.92,0.25,1244.77,6.79,Net Banking,2023,Jun,6,Q2,0.55,,
ORD00217,2023-06-04,Tara Menon,Consumer,Desk Organizer,Office Supplies,Storage,West,Nagpur,10,13.68,0.2,109.48,11.38,Credit Card,2023,Jun,6,Q2,10.39,,
ORD00888,2023-06-04,Ishita Gupta,Consumer,Study Desk,Furniture,Tables,West,Ahmedabad,2,186.2,0.1,335.16,32.45,UPI,2023,Jun,6,Q2,9.68,,
ORD00963,2023-06-04,Arjun Nair,Consumer,Mechanical Keyboard,Technology,Accessories,East,Patna,1,69.58,0.15,59.14,5.19,Net Banking,2023,Jun,6,Q2,8.78,,
ORD01511,2023-06-04,Rahul Verma,Consumer,Dell 24-inch Monitor,Technology,Monitors,North,Jaipur,2,182.43,0.1,328.38,29.63,UPI,2023,Jun,6,Q2,9.02,,
ORD04739,2023-06-04,Sana Kapoor,Consumer,Apple iPhone 13,Technology,Phones,South,Hyderabad,3,641.32,0.15,1635.36,17.23,Credit Card,2023,Jun,6,Q2,1.05,,
ORD00335,2023-06-05,Aisha Khan,Corporate,A4 Copy Paper,Office Supplies,Paper,West,Mumbai,1,6.01,0.05,5.71,1.13,Credit Card,2023,Jun,6,Q2,19.79,,
ORD01769,2023-06-05,Tara Menon,Consumer,Mechanical Keyboard,Technology,Accessories,West,Surat,4,76.89,0.05,292.17,43.88,Credit Card,2023,Jun,6,Q2,15.02,,
ORD03236,2023-06-05,Arjun Nair,Corporate,Stapler,Office Supplies,Stationery,West,Mumbai,1,8.88,0.0,8.88,2.15,Debit Card,2023,Jun,6,Q2,24.21,,
ORD04678,2023-06-05,Sana Kapoor,Consumer,Samsung Galaxy A54,Technology,Phones,West,Nagpur,5,327.51,0.15,1391.92,45.24,UPI,2023,Jun,6,Q2,3.25,,
ORD03899,2023-06-06,Ishita Gupta,Corporate,Desk Organizer,Office Supplies,Storage,South,Kochi,4,13.15,0.0,52.61,15.06,UPI,2023,Jun,6,Q2,28.63,,
ORD00302,2023-06-07,Kabir Shah,Small Business,Desk Organizer,Office Supplies,Storage,North,Delhi,2,13.09,0.25,19.64,1.86,Cash,2023,Jun,6,Q2,9.47,,
ORD00474,2023-06-07,Dev Agarwal,Small Business,Ring Binder,Office Supplies,Binders,South,Hyderabad,2,6.96,0.25,10.44,0.98,Credit Card,2023,Jun,6,Q2,9.39,,
ORD00679,2023-06-07,Kiara Desai,Consumer,Stapler,Office Supplies,Stationery,South,Coimbatore,4,8.96,0.1,32.24,4.25,Cash,2023,Jun,6,Q2,13.18,,
ORD02379,2023-06-07,Rohan Patel,Corporate,Ball Pen Set,Office Supplies,Stationery,West,Nagpur,3,7.67,0.25,17.27,2.8,Debit Card,2023,Jun,6,Q2,16.21,,
ORD03412,2023-06-07,Kabir Shah,Consumer,Apple iPhone 13,Technology,Phones,East,Guwahati,1,667.12,0.2,533.7,-23.21,Credit Card,2023,Jun,6,Q2,-4.35,,
ORD04188,2023-06-07,Sana Kapoor,Consumer,Apple iPhone 13,Technology,Phones,North,Lucknow,5,648.67,0.15,2756.85,121.4,Credit Card,2023,Jun,6,Q2,4.4,,
ORD04705,2023-06-07,Aisha Khan,Corporate,Lenovo IdeaPad 3,Technology,Laptops,East,Bhubaneswar,1,541.25,0.05,514.19,53.6,UPI,2023,Jun,6,Q2,10.42,,
ORD01240,2023-06-08,Ishita Gupta,Consumer,A4 Copy Paper,Office Supplies,Paper,North,Lucknow,8,6.21,0.05,47.21,9.17,Cash,2023,Jun,6,Q2,19.42,,
ORD01654,2023-06-08,Diya Sharma,Consumer,Conference Table,Furniture,Tables,South,Bengaluru,2,429.06,0.15,729.4,3.39,Debit Card,2023,Jun,6,Q2,0.46,,
ORD01803,2023-06-08,Aarav Mehta,Consumer,USB-C Hub,Technology,Accessories,North,Delhi,2,33.99,0.15,57.78,6.63,Credit Card,2023,Jun,6,Q2,11.47,,
ORD02780,2023-06-08,Kunal Bansal,Consumer,Lenovo IdeaPad 3,Technology,Laptops,South,Kochi,1,497.98,0.0,497.98,57.11,Debit Card,2023,Jun,6,Q2,11.47,,
ORD03369,2023-06-08,Diya Sharma,Small Business,Logitech Wireless Mouse,Technology,Accessories,East,Bhubaneswar,1,27.01,0.15,22.96,2.94,Net Banking,2023,Jun,6,Q2,12.8,,
ORD04043,2023-06-08,Diya Sharma,Small Business,Dell 24-inch Monitor,Technology,Monitors,South,Chennai,3,187.19,0.15,477.33,38.56,Cash,2023,Jun,6,Q2,8.08,,
ORD04617,2023-06-09,Kunal Bansal,Consumer,Ergonomic Office Chair,Furniture,Chairs,East,Ranchi,2,153.63,0.15,261.18,15.26,Net Banking,2023,Jun,6,Q2,5.84,,
ORD00671,2023-06-10,Arjun Nair,Consumer,Bookshelf,Furniture,Storage,West,Surat,5,109.96,0.1,494.83,50.85,Credit Card,2023,Jun,6,Q2,10.28,,
ORD01189,2023-06-10,Rahul Verma,Small Business,Conference Table,Furniture,Tables,South,Kochi,3,393.9,0.15,1004.45,7.64,UPI,2023,Jun,6,Q2,0.76,,
ORD02237,2023-06-10,Kunal Bansal,Corporate,Bookshelf,Furniture,Storage,West,Mumbai,3,105.59,0.1,285.09,26.29,Debit Card,2023,Jun,6,Q2,9.22,,
ORD02728,2023-06-10,Dev Agarwal,Consumer,Ring Binder,Office Supplies,Binders,East,Ranchi,5,6.76,0.0,33.8,9.58,Cash,2023,Jun,6,Q2,28.34,,
ORD04789,2023-06-10,Rohan Patel,Consumer,Apple iPhone 13,Technology,Phones,East,Kolkata,1,675.47,0.2,540.38,-12.02,Credit Card,2023,Jun,6,Q2,-2.22,,
ORD04849,2023-06-10,Aditya Rao,Small Business,Apple iPhone 13,Technology,Phones,South,Chennai,3,673.6,0.1,1818.73,52.97,Credit Card,2023,Jun,6,Q2,2.91,,
ORD00341,2023-06-11,Riya Kulkarni,Consumer,Ball Pen Set,Office Supplies,Stationery,South,Bengaluru,3,7.52,0.15,19.18,3.52,Debit Card,2023,Jun,6,Q2,18.35,,
ORD00918,2023-06-11,Vivaan Singh,Consumer,A4 Copy Paper,Office Supplies,Paper,South,Coimbatore,2,6.29,0.3,8.81,0.66,UPI,2023,Jun,6,Q2,7.49,,
ORD01117,2023-06-11,Rahul Verma,Small Business,Desk Organizer,Office Supplies,Storage,South,Chennai,1,14.91,0.2,11.93,1.44,UPI,2023,Jun,6,Q2,12.07,,
ORD03812,2023-06-11,Kunal Bansal,Corporate,Desk Organizer,Office Supplies,Storage,South,Coimbatore,2,13.69,0.15,23.28,3.55,Cash,2023,Jun,6,Q2,15.25,,
ORD04428,2023-06-11,Riya Kulkarni,Small Business,Bookshelf,Furniture,Storage,South,Chennai,2,116.24,0.2,185.98,8.76,UPI,2023,Jun,6,Q2,4.71,,
ORD04847,2023-06-11,Vivaan Singh,Consumer,Bookshelf,Furniture,Storage,South,Hyderabad,3,112.27,0.2,269.45,9.2,Debit Card,2023,Jun,6,Q2,3.41,,
ORD00764,2023-06-12,Aditya Rao,Consumer,Samsung Galaxy A54,Technology,Phones,South,Kochi,3,325.06,0.1,877.66,42.67,Credit Card,2023,Jun,6,Q2,4.86,,
ORD01054,2023-06-12,Dev Agarwal,Small Business,Ring Binder,Office Supplies,Binders,East,Bhubaneswar,3,7.3,0.05,20.81,5.32,Credit Card,2023,Jun,6,Q2,25.56,,
ORD01105,2023-06-12,Vivaan Singh,Consumer,USB-C Hub,Technology,Accessories,South,Kochi,1,35.33,0.25,26.49,1.44,Credit Card,2023,Jun,6,Q2,5.44,,
ORD02334,2023-06-12,Rahul Verma,Consumer,A4 Copy Paper,Office Supplies,Paper,South,Hyderabad,1,6.05,0.25,4.53,0.2,UPI,2023,Jun,6,Q2,4.42,,
ORD03225,2023-06-12,Aisha Khan,Small Business,A4 Copy Paper,Office Supplies,Paper,North,Lucknow,2,6.23,0.15,10.58,1.07,Net Banking,2023,Jun,6,Q2,10.11,,
ORD03391,2023-06-12,Rahul Verma,Corporate,Stapler,Office Supplies,Stationery,West,Ahmedabad,1,9.17,0.1,8.26,1.56,Credit Card,2023,Jun,6,Q2,18.89,,
ORD03929,2023-06-12,Aisha Khan,Corporate,Mechanical Keyboard,Technology,Accessories,West,Ahmedabad,2,69.49,0.25,104.23,0.13,UPI,2023,Jun,6,Q2,0.12,,
ORD00050,2023-06-13,Meera Joshi,Small Business,Conference Table,Furniture,Tables,North,Delhi,2,436.78,0.1,786.21,34.55,Debit Card,2023,Jun,6,Q2,4.39,,
ORD00059,2023-06-13,Kunal Bansal,Consumer,Conference Table,Furniture,Tables,South,Coimbatore,8,391.98,0.05,2979.07,211.09,UPI,2023,Jun,6,Q2,7.09,,
ORD00310,2023-06-13,Neel Malhotra,Consumer,Dell 24-inch Monitor,Technology,Monitors,South,Hyderabad,6,165.6,0.15,844.56,40.28,Cash,2023,Jun,6,Q2,4.77,,
ORD01368,2023-06-13,Vivaan Singh,Corporate,Notebook Pack,Office Supplies,Stationery,East,Bhubaneswar,3,11.35,0.15,28.95,3.62,Credit Card,2023,Jun,6,Q2,12.5,,
ORD02013,2023-06-13,Ishita Gupta,Small Business,Apple iPhone 13,Technology,Phones,West,Mumbai,1,630.48,0.15,535.91,-10.45,Cash,2023,Jun,6,Q2,-1.95,,
ORD02714,2023-06-13,Ishita Gupta,Consumer,Stapler,Office Supplies,Stationery,East,Bhubaneswar,2,9.38,0.1,16.89,3.06,Debit Card,2023,Jun,6,Q2,18.12,,
ORD03978,2023-06-13,Aisha Khan,Small Business,Bookshelf,Furniture,Storage,South,Coimbatore,1,116.64,0.0,116.64,19.43,Debit Card,2023,Jun,6,Q2,16.66,,
ORD00153,2023-06-14,Dev Agarwal,Consumer,Lenovo IdeaPad 3,Technology,Laptops,East,Ranchi,3,553.86,0.05,1578.51,196.8,UPI,2023,Jun,6,Q2,12.47,,
ORD00231,2023-06-14,Sana Kapoor,Consumer,Lenovo IdeaPad 3,Technology,Laptops,East,Bhubaneswar,2,525.56,0.0,1051.12,116.27,Credit Card,2023,Jun,6,Q2,11.06,,
ORD01602,2023-06-14,Meera Joshi,Corporate,Desk Organizer,Office Supplies,Storage,North,Delhi,3,13.21,0.15,33.7,4.52,Credit Card,2023,Jun,6,Q2,13.41,,
ORD03270,2023-06-14,Kunal Bansal,Consumer,HP Laser Printer,Technology,Printers,South,Kochi,4,221.16,0.2,707.71,24.45,Debit Card,2023,Jun,6,Q2,3.45,,
ORD03572,2023-06-14,Tara Menon,Consumer,Ring Binder,Office Supplies,Binders,West,Surat,2,6.8,0.25,10.19,1.41,UPI,2023,Jun,6,Q2,13.84,,
ORD00545,2023-06-15,Tara Menon,Corporate,A4 Copy Paper,Office Supplies,Paper,West,Pune,1,6.26,0.15,5.32,0.83,UPI,2023,Jun,6,Q2,15.6,,
ORD01757,2023-06-15,Kiara Desai,Consumer,HP Laser Printer,Technology,Printers,South,Kochi,1,215.48,0.1,193.93,11.65,Debit Card,2023,Jun,6,Q2,6.01,,
ORD02008,2023-06-15,Kiara Desai,Consumer,Logitech Wireless Mouse,Technology,Accessories,East,Patna,3,29.42,0.25,66.2,0.63,UPI,2023,Jun,6,Q2,0.95,,
ORD03026,2023-06-15,Sana Kapoor,Small Business,Dell 24-inch Monitor,Technology,Monitors,South,Hyderabad,1,176.63,0.05,167.79,17.13,Credit Card,2023,Jun,6,Q2,10.21,,
ORD04539,2023-06-15,Meera Joshi,Consumer,Filing Cabinet,Furniture,Storage,West,Nagpur,1,91.79,0.0,91.79,12.34,Credit Card,2023,Jun,6,Q2,13.44,,
ORD02184,2023-06-16,Kiara Desai,Consumer,Desk Organizer,Office Supplies,Storage,East,Guwahati,4,13.33,0.05,50.65,9.53,Credit Card,2023,Jun,6,Q2,18.82,,
ORD03163,2023-06-16,Aarav Mehta,Small Business,Bookshelf,Furniture,Storage,South,Hyderabad,3,113.14,0.3,237.6,-1.09,UPI,2023,Jun,6,Q2,-0.46,,
ORD03891,2023-06-16,Tara Menon,Corporate,Lenovo IdeaPad 3,Technology,Laptops,South,Chennai,6,495.92,0.15,2529.19,14.68,UPI,2023,Jun,6,Q2,0.58,,
ORD04676,2023-06-16,Kiara Desai,Consumer,A4 Copy Paper,Office Supplies,Paper,West,Nagpur,2,5.71,0.15,9.7,0.88,Cash,2023,Jun,6,Q2,9.07,,
ORD00417,2023-06-17,Neel Malhotra,Corporate,HP Laser Printer,Technology,Printers,South,Coimbatore,3,211.5,0.2,507.6,-18.03,Debit Card,2023,Jun,6,Q2,-3.55,,
ORD02477,2023-06-17,Neel Malhotra,Consumer,A4 Copy Paper,Office Supplies,Paper,South,Bengaluru,4,6.2,0.05,23.57,5.69,Cash,2023,Jun,6,Q2,24.14,,
ORD03189,2023-06-17,Meera Joshi,Consumer,Ring Binder,Office Supplies,Binders,West,Pune,2,7.39,0.1,13.31,2.87,UPI,2023,Jun,6,Q2,21.56,,
ORD03607,2023-06-17,Riya Kulkarni,Corporate,Filing Cabinet,Furniture,Storage,West,Surat,3,93.24,0.15,237.76,4.14,Net Banking,2023,Jun,6,Q2,1.74,,
ORD03901,2023-06-17,Kunal Bansal,Corporate,Ergonomic Office Chair,Furniture,Chairs,South,Kochi,2,145.16,0.1,261.3,35.75,UPI,2023,Jun,6,Q2,13.68,,
ORD03970,2023-06-17,Aarav Mehta,Corporate,Study Desk,Furniture,Tables,West,Mumbai,1,186.29,0.05,176.98,13.54,UPI,2023,Jun,6,Q2,7.65,,
ORD00204,2023-06-18,Kunal Bansal,Small Business,Samsung Galaxy A54,Technology,Phones,West,Surat,3,333.26,0.25,749.84,-6.18,UPI,2023,Jun,6,Q2,-0.82,,
ORD00264,2023-06-18,Kiara Desai,Small Business,Ergonomic Office Chair,Furniture,Chairs,East,Guwahati,2,151.5,0.15,257.55,18.26,Net Banking,2023,Jun,6,Q2,7.09,,
ORD00806,2023-06-18,Aditya Rao,Consumer,Desk Organizer,Office Supplies,Storage,North,Jaipur,3,14.89,0.15,37.96,9.54,Credit Card,2023,Jun,6,Q2,25.13,,
ORD01151,2023-06-18,Kabir Shah,Corporate,Mechanical Keyboard,Technology,Accessories,East,Kolkata,2,67.08,0.25,100.62,-0.37,Cash,2023,Jun,6,Q2,-0.37,,
ORD02606,2023-06-18,Riya Kulkarni,Consumer,USB-C Hub,Technology,Accessories,West,Ahmedabad,2,35.99,0.15,61.18,6.95,UPI,2023,Jun,6,Q2,11.36,,
ORD00128,2023-06-19,Diya Sharma,Corporate,HP Pavilion 15,Technology,Laptops,North,Amritsar,5,655.39,0.1,2949.26,27.77,UPI,2023,Jun,6,Q2,0.94,,
ORD00462,2023-06-19,Meera Joshi,Small Business,Study Desk,Furniture,Tables,East,Guwahati,2,174.49,0.15,296.63,8.72,Net Banking,2023,Jun,6,Q2,2.94,,
ORD03972,2023-06-19,Aditya Rao,Consumer,Mechanical Keyboard,Technology,Accessories,North,Lucknow,1,71.21,0.25,53.41,3.24,Net Banking,2023,Jun,6,Q2,6.07,,
ORD02517,2023-06-20,Riya Kulkarni,Consumer,Ball Pen Set,Office Supplies,Stationery,North,Jaipur,5,7.76,0.15,32.99,6.31,UPI,2023,Jun,6,Q2,19.13,,
ORD00261,2023-06-21,Ananya Iyer,Consumer,HP Laser Printer,Technology,Printers,East,Ranchi,1,216.34,0.15,183.89,7.48,UPI,2023,Jun,6,Q2,4.07,,
ORD01165,2023-06-21,Rahul Verma,Consumer,Filing Cabinet,Furniture,Storage,South,Hyderabad,2,99.39,0.05,188.85,29.65,Credit Card,2023,Jun,6,Q2,15.7,,
ORD02049,2023-06-21,Ishita Gupta,Corporate,HP Laser Printer,Technology,Printers,North,Delhi,3,203.6,0.0,610.8,80.08,Credit Card,2023,Jun,6,Q2,13.11,,
ORD02891,2023-06-21,Kabir Shah,Consumer,Study Desk,Furniture,Tables,South,Hyderabad,3,192.5,0.15,490.88,34.02,Debit Card,2023,Jun,6,Q2,6.93,,
ORD03215,2023-06-21,Aisha Khan,Small Business,Apple iPhone 13,Technology,Phones,South,Kochi,2,610.78,0.3,855.09,-70.69,Credit Card,2023,Jun,6,Q2,-8.27,,
ORD04369,2023-06-21,Kunal Bansal,Small Business,A4 Copy Paper,Office Supplies,Paper,South,Kochi,1,6.37,0.15,5.41,0.93,Debit Card,2023,Jun,6,Q2,17.19,,
ORD00376,2023-06-22,Dev Agarwal,Consumer,Ball Pen Set,Office Supplies,Stationery,East,Guwahati,3,7.68,0.15,19.58,4.46,UPI,2023,Jun,6,Q2,22.78,,
ORD01529,2023-06-22,Neel Malhotra,Consumer,Ring Binder,Office Supplies,Binders,South,Bengaluru,3,7.04,0.25,15.84,2.34,UPI,2023,Jun,6,Q2,14.77,,
ORD00469,2023-06-23,Tara Menon,Consumer,Dell 24-inch Monitor,Technology,Monitors,North,Amritsar,2,167.17,0.25,250.76,-0.89,Cash,2023,Jun,6,Q2,-0.35,,
ORD02953,2023-06-23,Meera Joshi,Consumer,HP Laser Printer,Technology,Printers,East,Bhubaneswar,4,207.29,0.1,746.23,52.22,UPI,2023,Jun,6,Q2,7.0,,
ORD04720,2023-06-23,Meera Joshi,Consumer,HP Laser Printer,Technology,Printers,West,Nagpur,1,199.05,0.15,169.2,1.05,Credit Card,2023,Jun,6,Q2,0.62,,
ORD00849,2023-06-24,Rahul Verma,Consumer,Apple iPhone 13,Technology,Phones,North,Lucknow,1,650.89,0.0,650.89,51.88,Net Banking,2023,Jun,6,Q2,7.97,,
ORD02903,2023-06-24,Kiara Desai,Small Business,HP Laser Printer,Technology,Printers,South,Coimbatore,2,199.07,0.3,278.69,-18.07,UPI,2023,Jun,6,Q2,-6.48,,
ORD02912,2023-06-24,Kabir Shah,Consumer,Filing Cabinet,Furniture,Storage,North,Amritsar,5,96.73,0.2,386.91,13.02,Net Banking,2023,Jun,6,Q2,3.37,,
ORD04457,2023-06-24,Riya Kulkarni,Corporate,Conference Table,Furniture,Tables,East,Kolkata,8,410.85,0.1,2958.14,166.81,Credit Card,2023,Jun,6,Q2,5.64,,
ORD00762,2023-06-25,Sana Kapoor,Consumer,Ring Binder,Office Supplies,Binders,North,Amritsar,2,7.45,0.1,13.4,2.32,Debit Card,2023,Jun,6,Q2,17.31,,
ORD01915,2023-06-25,Sana Kapoor,Small Business,Ring Binder,Office Supplies,Binders,West,Surat,4,6.88,0.1,24.78,5.25,Net Banking,2023,Jun,6,Q2,21.19,,
ORD02360,2023-06-25,Ishita Gupta,Small Business,Logitech Wireless Mouse,Technology,Accessories,West,Mumbai,1,29.21,0.0,29.21,5.09,Net Banking,2023,Jun,6,Q2,17.43,,
ORD02376,2023-06-25,Arjun Nair,Consumer,HP Laser Printer,Technology,Printers,South,Chennai,1,196.53,0.0,196.53,20.38,UPI,2023,Jun,6,Q2,10.37,,
ORD04252,2023-06-25,Rohan Patel,Corporate,Ring Binder,Office Supplies,Binders,East,Kolkata,1,7.37,0.3,5.16,0.47,Net Banking,2023,Jun,6,Q2,9.11,,
ORD04881,2023-06-25,Aarav Mehta,Consumer,USB-C Hub,Technology,Accessories,West,Ahmedabad,5,36.45,0.25,136.7,9.22,Debit Card,2023,Jun,6,Q2,6.74,,
ORD00552,2023-06-26,Aditya Rao,Consumer,Study Desk,Furniture,Tables,North,Amritsar,2,178.1,0.1,320.59,18.69,UPI,2023,Jun,6,Q2,5.83,,
ORD01990,2023-06-26,Rahul Verma,Consumer,Logitech Wireless Mouse,Technology,Accessories,North,Amritsar,1,26.74,0.1,24.07,3.25,UPI,2023,Jun,6,Q2,13.5,,
ORD02383,2023-06-26,Kiara Desai,Consumer,HP Pavilion 15,Technology,Laptops,North,Chandigarh,3,646.4,0.1,1745.27,112.68,Net Banking,2023,Jun,6,Q2,6.46,,
ORD02526,2023-06-26,Arjun Nair,Corporate,Ball Pen Set,Office Supplies,Stationery,South,Kochi,2,7.45,0.2,11.93,1.95,Credit Card,2023,Jun,6,Q2,16.35,,
ORD04414,2023-06-26,Riya Kulkarni,Corporate,Ball Pen Set,Office Supplies,Stationery,North,Amritsar,8,7.63,0.0,61.04,18.71,Credit Card,2023,Jun,6,Q2,30.65,,
ORD04466,2023-06-26,Ishita Gupta,Small Business,USB-C Hub,Technology,Accessories,South,Coimbatore,4,34.25,0.1,123.28,19.54,Credit Card,2023,Jun,6,Q2,15.85,,
ORD00091,2023-06-27,Arjun Nair,Consumer,Notebook Pack,Office Supplies,Stationery,West,Pune,5,11.57,0.25,43.38,5.36,Debit Card,2023,Jun,6,Q2,12.36,,
ORD01004,2023-06-27,Maya Thomas,Small Business,USB-C Hub,Technology,Accessories,North,Chandigarh,6,35.14,0.0,210.87,34.24,Debit Card,2023,Jun,6,Q2,16.24,,
ORD02174,2023-06-27,Kabir Shah,Consumer,Notebook Pack,Office Supplies,Stationery,East,Ranchi,4,12.49,0.25,37.46,4.66,Net Banking,2023,Jun,6,Q2,12.44,,
ORD03058,2023-06-27,Vivaan Singh,Consumer,A4 Copy Paper,Office Supplies,Paper,North,Amritsar,2,6.35,0.25,9.52,0.67,Cash,2023,Jun,6,Q2,7.04,,
ORD00985,2023-06-28,Diya Sharma,Small Business,HP Laser Printer,Technology,Printers,East,Patna,4,218.04,0.25,654.11,25.7,UPI,2023,Jun,6,Q2,3.93,,
ORD02009,2023-06-28,Vivaan Singh,Consumer,Apple iPhone 13,Technology,Phones,South,Bengaluru,3,687.54,0.2,1650.08,-69.76,UPI,2023,Jun,6,Q2,-4.23,,
ORD03706,2023-06-28,Kunal Bansal,Small Business,Stapler,Office Supplies,Stationery,South,Bengaluru,4,9.58,0.0,38.31,10.25,UPI,2023,Jun,6,Q2,26.76,,
ORD04008,2023-06-28,Kunal Bansal,Consumer,Ball Pen Set,Office Supplies,Stationery,South,Chennai,1,8.24,0.15,7.0,1.09,Net Banking,2023,Jun,6,Q2,15.57,,
ORD04126,2023-06-28,Kiara Desai,Consumer,Ring Binder,Office Supplies,Binders,West,Ahmedabad,2,6.87,0.25,10.3,1.5,Net Banking,2023,Jun,6,Q2,14.56,,
ORD04224,2023-06-28,Rahul Verma,Corporate,Desk Organizer,Office Supplies,Storage,East,Patna,3,14.49,0.1,39.12,7.43,UPI,2023,Jun,6,Q2,18.99,,
ORD00195,2023-06-29,Aditya Rao,Consumer,Notebook Pack,Office Supplies,Stationery,South,Kochi,3,12.17,0.1,32.85,5.77,UPI,2023,Jun,6,Q2,17.56,,
ORD00268,2023-06-29,Neel Malhotra,Corporate,Desk Organizer,Office Supplies,Storage,North,Amritsar,4,14.31,0.1,51.51,10.61,Debit Card,2023,Jun,6,Q2,20.6,,
ORD00523,2023-06-29,Rahul Verma,Corporate,Lenovo IdeaPad 3,Technology,Laptops,South,Hyderabad,1,552.19,0.1,496.97,32.38,Credit Card,2023,Jun,6,Q2,6.52,,
ORD01111,2023-06-29,Rohan Patel,Corporate,Notebook Pack,Office Supplies,Stationery,East,Bhubaneswar,2,11.4,0.0,22.8,5.96,Credit Card,2023,Jun,6,Q2,26.14,,
ORD01154,2023-06-29,Kiara Desai,Consumer,Desk Organizer,Office Supplies,Storage,South,Bengaluru,2,13.12,0.1,23.61,3.6,UPI,2023,Jun,6,Q2,15.25,,
ORD01443,2023-06-29,Kabir Shah,Small Business,Samsung Galaxy A54,Technology,Phones,South,Hyderabad,5,311.81,0.25,1169.28,-16.28,Debit Card,2023,Jun,6,Q2,-1.39,,
ORD01784,2023-06-29,Rahul Verma,Corporate,Stapler,Office Supplies,Stationery,North,Lucknow,6,8.4,0.15,42.86,6.24,Credit Card,2023,Jun,6,Q2,14.56,,
ORD01964,2023-06-29,Aisha Khan,Consumer,Study Desk,Furniture,Tables,West,Mumbai,6,187.28,0.1,1011.3,65.08,Cash,2023,Jun,6,Q2,6.44,,
ORD02683,2023-06-29,Aditya Rao,Corporate,HP Pavilion 15,Technology,Laptops,South,Coimbatore,1,672.15,0.15,571.33,39.22,UPI,2023,Jun,6,Q2,6.86,,
ORD02951,2023-06-29,Kunal Bansal,Consumer,Mechanical Keyboard,Technology,Accessories,North,Lucknow,3,67.63,0.0,202.89,34.11,Net Banking,2023,Jun,6,Q2,16.81,,
ORD03528,2023-06-29,Vivaan Singh,Consumer,Notebook Pack,Office Supplies,Stationery,West,Surat,2,11.84,0.0,23.67,6.05,Debit Card,2023,Jun,6,Q2,25.56,,
ORD03794,2023-06-29,Meera Joshi,Consumer,Bookshelf,Furniture,Storage,South,Bengaluru,4,114.29,0.1,411.43,47.61,Credit Card,2023,Jun,6,Q2,11.57,,
ORD04936,2023-06-29,Dev Agarwal,Consumer,Logitech Wireless Mouse,Technology,Accessories,West,Ahmedabad,1,26.37,0.0,26.37,5.01,Debit Card,2023,Jun,6,Q2,19.0,,
ORD00029,2023-06-30,Maya Thomas,Corporate,A4 Copy Paper,Office Supplies,Paper,West,Ahmedabad,1,5.84,0.05,5.55,1.09,Credit Card,2023,Jun,6,Q2,19.64,,
ORD01519,2023-06-30,Ishita Gupta,Small Business,Filing Cabinet,Furniture,Storage,West,Nagpur,1,101.52,0.1,91.37,10.44,Debit Card,2023,Jun,6,Q2,11.43,,
ORD01843,2023-06-30,Rohan Patel,Consumer,Bookshelf,Furniture,Storage,West,Surat,1,114.16,0.1,102.74,16.1,Credit Card,2023,Jun,6,Q2,15.67,,
ORD02916,2023-06-30,Kunal Bansal,Consumer,USB-C Hub,Technology,Accessories,North,Lucknow,5,36.1,0.1,162.45,27.32,Debit Card,2023,Jun,6,Q2,16.82,,
ORD03199,2023-06-30,Kiara Desai,Corporate,Dell 24-inch Monitor,Technology,Monitors,North,Delhi,1,179.63,0.25,134.72,1.24,Credit Card,2023,Jun,6,Q2,0.92,,
ORD03425,2023-06-30,Kunal Bansal,Consumer,Apple iPhone 13,Technology,Phones,North,Lucknow,1,632.54,0.2,506.03,-29.04,Credit Card,2023,Jun,6,Q2,-5.74,,
ORD03539,2023-06-30,Vivaan Singh,Consumer,Filing Cabinet,Furniture,Storage,North,Delhi,2,100.75,0.1,181.35,13.11,UPI,2023,Jun,6,Q2,7.23,,
ORD04388,2023-06-30,Tara Menon,Small Business,Filing Cabinet,Furniture,Storage,East,Guwahati,2,98.45,0.05,187.06,21.74,Net Banking,2023,Jun,6,Q2,11.62,,
ORD00442,2023-07-01,Ananya Iyer,Consumer,Ring Binder,Office Supplies,Binders,South,Hyderabad,2,7.09,0.05,13.48,2.79,Debit Card,2023,Jul,7,Q3,20.7,,
ORD00703,2023-07-01,Arjun Nair,Small Business,Apple iPhone 13,Technology,Phones,South,Chennai,1,669.24,0.0,669.24,34.64,UPI,2023,Jul,7,Q3,5.18,,
ORD01396,2023-07-01,Ishita Gupta,Corporate,Lenovo IdeaPad 3,Technology,Laptops,East,Guwahati,1,548.65,0.1,493.78,51.4,Credit Card,2023,Jul,7,Q3,10.41,,
ORD01904,2023-07-01,Kabir Shah,Consumer,Mechanical Keyboard,Technology,Accessories,South,Bengaluru,2,70.69,0.1,127.24,5.23,Cash,2023,Jul,7,Q3,4.11,,
ORD04660,2023-07-01,Maya Thomas,Small Business,USB-C Hub,Technology,Accessories,South,Hyderabad,5,34.45,0.1,155.04,22.73,Debit Card,2023,Jul,7,Q3,14.66,,
ORD02209,2023-07-02,Vivaan Singh,Corporate,Apple iPhone 13,Technology,Phones,South,Bengaluru,1,654.19,0.0,654.19,26.27,Credit Card,2023,Jul,7,Q3,4.02,,
ORD04079,2023-07-02,Ishita Gupta,Consumer,HP Laser Printer,Technology,Printers,West,Surat,3,199.19,0.25,448.19,1.64,Credit Card,2023,Jul,7,Q3,0.37,,
ORD04286,2023-07-02,Tara Menon,Corporate,Filing Cabinet,Furniture,Storage,North,Jaipur,4,88.93,0.25,266.79,-10.22,Debit Card,2023,Jul,7,Q3,-3.83,,
ORD04840,2023-07-02,Vivaan Singh,Consumer,Ring Binder,Office Supplies,Binders,North,Chandigarh,2,7.27,0.1,13.09,2.51,Credit Card,2023,Jul,7,Q3,19.17,,
ORD02957,2023-07-03,Aditya Rao,Consumer,HP Pavilion 15,Technology,Laptops,West,Pune,3,699.19,0.1,1887.82,37.08,Debit Card,2023,Jul,7,Q3,1.96,,
ORD03806,2023-07-03,Maya Thomas,Consumer,Notebook Pack,Office Supplies,Stationery,West,Ahmedabad,4,12.59,0.1,45.32,9.21,Debit Card,2023,Jul,7,Q3,20.32,,
ORD04399,2023-07-03,Kabir Shah,Consumer,Mechanical Keyboard,Technology,Accessories,South,Bengaluru,4,72.63,0.2,232.41,9.41,Credit Card,2023,Jul,7,Q3,4.05,,
ORD00375,2023-07-04,Ananya Iyer,Small Business,Filing Cabinet,Furniture,Storage,East,Bhubaneswar,2,96.65,0.1,173.97,12.24,UPI,2023,Jul,7,Q3,7.04,,
ORD01434,2023-07-04,Aditya Rao,Corporate,USB-C Hub,Technology,Accessories,South,Bengaluru,8,33.46,0.2,214.13,18.95,Debit Card,2023,Jul,7,Q3,8.85,,
ORD03343,2023-07-04,Meera Joshi,Consumer,Logitech Wireless Mouse,Technology,Accessories,South,Kochi,3,27.94,0.05,79.64,15.44,Debit Card,2023,Jul,7,Q3,19.39,,
ORD03968,2023-07-04,Dev Agarwal,Small Business,HP Laser Printer,Technology,Printers,South,Coimbatore,2,206.06,0.05,391.51,58.31,UPI,2023,Jul,7,Q3,14.89,,
ORD04671,2023-07-04,Rohan Patel,Corporate,Ring Binder,Office Supplies,Binders,South,Chennai,1,6.98,0.0,6.98,1.48,Credit Card,2023,Jul,7,Q3,21.2,,
ORD03657,2023-07-05,Maya Thomas,Consumer,Samsung Galaxy A54,Technology,Phones,North,Lucknow,4,309.36,0.0,1237.45,131.78,UPI,2023,Jul,7,Q3,10.65,,
ORD04961,2023-07-05,Aditya Rao,Small Business,HP Pavilion 15,Technology,Laptops,North,Jaipur,2,723.7,0.1,1302.65,2.24,UPI,2023,Jul,7,Q3,0.17,,
ORD04962,2023-07-05,Tara Menon,Consumer,Bookshelf,Furniture,Storage,South,Chennai,3,113.87,0.05,324.52,38.94,Net Banking,2023,Jul,7,Q3,12.0,,
ORD03117,2023-07-06,Ananya Iyer,Corporate,A4 Copy Paper,Office Supplies,Paper,North,Amritsar,2,6.38,0.0,12.77,2.61,Credit Card,2023,Jul,7,Q3,20.44,,
ORD03618,2023-07-06,Riya Kulkarni,Consumer,Dell 24-inch Monitor,Technology,Monitors,South,Bengaluru,1,183.49,0.0,183.49,20.75,UPI,2023,Jul,7,Q3,11.31,,
ORD00927,2023-07-07,Rohan Patel,Corporate,Bookshelf,Furniture,Storage,West,Ahmedabad,5,104.13,0.05,494.64,58.39,Credit Card,2023,Jul,7,Q3,11.8,,
ORD01330,2023-07-07,Rohan Patel,Corporate,Mechanical Keyboard,Technology,Accessories,South,Chennai,3,70.18,0.15,178.97,13.48,UPI,2023,Jul,7,Q3,7.53,,
ORD02442,2023-07-07,Tara Menon,Corporate,Stapler,Office Supplies,Stationery,South,Hyderabad,1,9.25,0.15,7.87,1.12,Net Banking,2023,Jul,7,Q3,14.23,,
ORD02989,2023-07-07,Maya Thomas,Corporate,Filing Cabinet,Furniture,Storage,North,Chandigarh,4,91.84,0.2,293.88,7.79,UPI,2023,Jul,7,Q3,2.65,,
ORD04565,2023-07-07,Sana Kapoor,Consumer,Ring Binder,Office Supplies,Binders,North,Lucknow,3,6.94,0.1,18.75,3.84,UPI,2023,Jul,7,Q3,20.48,,
ORD04984,2023-07-07,Kunal Bansal,Corporate,Dell 24-inch Monitor,Technology,Monitors,North,Jaipur,1,181.44,0.15,154.22,6.8,UPI,2023,Jul,7,Q3,4.41,,
ORD00089,2023-07-08,Neel Malhotra,Consumer,Stapler,Office Supplies,Stationery,West,Pune,4,9.14,0.0,36.55,8.95,UPI,2023,Jul,7,Q3,24.49,,
ORD00954,2023-07-08,Dev Agarwal,Consumer,HP Pavilion 15,Technology,Laptops,East,Guwahati,1,693.15,0.15,589.18,28.23,Debit Card,2023,Jul,7,Q3,4.79,,
ORD02923,2023-07-08,Ishita Gupta,Consumer,Bookshelf,Furniture,Storage,West,Pune,1,108.79,0.15,92.47,7.43,Net Banking,2023,Jul,7,Q3,8.04,,
ORD04009,2023-07-08,Kunal Bansal,Consumer,Stapler,Office Supplies,Stationery,South,Kochi,2,8.83,0.15,15.02,2.8,Net Banking,2023,Jul,7,Q3,18.64,,
ORD04063,2023-07-08,Dev Agarwal,Corporate,Notebook Pack,Office Supplies,Stationery,North,Amritsar,10,12.74,0.15,108.28,14.56,UPI,2023,Jul,7,Q3,13.45,,
ORD04922,2023-07-08,Rahul Verma,Small Business,Apple iPhone 13,Technology,Phones,East,Kolkata,5,666.97,0.25,2501.12,-136.33,UPI,2023,Jul,7,Q3,-5.45,,
ORD01661,2023-07-09,Rohan Patel,Consumer,HP Laser Printer,Technology,Printers,South,Bengaluru,3,203.61,0.2,488.66,18.89,Net Banking,2023,Jul,7,Q3,3.87,,
ORD02771,2023-07-09,Maya Thomas,Consumer,Samsung Galaxy A54,Technology,Phones,East,Kolkata,2,299.62,0.1,539.31,16.7,Net Banking,2023,Jul,7,Q3,3.1,,
ORD02881,2023-07-09,Tara Menon,Consumer,Bookshelf,Furniture,Storage,South,Coimbatore,2,108.73,0.3,152.22,2.14,UPI,2023,Jul,7,Q3,1.41,,
ORD03121,2023-07-09,Tara Menon,Consumer,Apple iPhone 13,Technology,Phones,South,Coimbatore,1,620.74,0.2,496.59,-2.53,UPI,2023,Jul,7,Q3,-0.51,,
ORD00778,2023-07-10,Vivaan Singh,Corporate,Lenovo IdeaPad 3,Technology,Laptops,South,Hyderabad,4,519.68,0.1,1870.84,152.23,UPI,2023,Jul,7,Q3,8.14,,
ORD00889,2023-07-10,Dev Agarwal,Consumer,Samsung Galaxy A54,Technology,Phones,South,Hyderabad,10,328.03,0.1,2952.29,157.61,Debit Card,2023,Jul,7,Q3,5.34,,
ORD02110,2023-07-10,Meera Joshi,Consumer,Dell 24-inch Monitor,Technology,Monitors,North,Lucknow,2,169.28,0.1,304.7,16.62,Net Banking,2023,Jul,7,Q3,5.45,,
ORD02521,2023-07-10,Meera Joshi,Corporate,HP Pavilion 15,Technology,Laptops,North,Chandigarh,1,650.82,0.1,585.74,38.05,Net Banking,2023,Jul,7,Q3,6.5,,
ORD03374,2023-07-10,Tara Menon,Consumer,Ring Binder,Office Supplies,Binders,East,Bhubaneswar,1,6.72,0.15,5.71,1.24,Cash,2023,Jul,7,Q3,21.72,,
ORD04573,2023-07-10,Ananya Iyer,Consumer,Ergonomic Office Chair,Furniture,Chairs,North,Amritsar,5,148.88,0.1,669.97,72.56,Debit Card,2023,Jul,7,Q3,10.83,,
ORD00538,2023-07-11,Kiara Desai,Corporate,Ball Pen Set,Office Supplies,Stationery,North,Delhi,1,7.57,0.15,6.44,1.17,UPI,2023,Jul,7,Q3,18.17,,
ORD00968,2023-07-11,Ananya Iyer,Small Business,Lenovo IdeaPad 3,Technology,Laptops,East,Kolkata,2,553.73,0.25,830.59,-46.79,UPI,2023,Jul,7,Q3,-5.63,,
ORD01360,2023-07-11,Aditya Rao,Corporate,Desk Organizer,Office Supplies,Storage,North,Jaipur,2,13.37,0.05,25.4,5.52,UPI,2023,Jul,7,Q3,21.73,,
ORD04410,2023-07-11,Riya Kulkarni,Consumer,Notebook Pack,Office Supplies,Stationery,North,Delhi,2,12.35,0.15,21.0,3.39,Credit Card,2023,Jul,7,Q3,16.14,,
ORD00175,2023-07-12,Aisha Khan,Small Business,HP Laser Printer,Technology,Printers,West,Nagpur,10,202.78,0.25,1520.88,-45.74,UPI,2023,Jul,7,Q3,-3.01,,
ORD03235,2023-07-12,Meera Joshi,Consumer,HP Laser Printer,Technology,Printers,North,Delhi,3,210.21,0.2,504.5,-10.27,UPI,2023,Jul,7,Q3,-2.04,,
ORD03534,2023-07-12,Rohan Patel,Consumer,Logitech Wireless Mouse,Technology,Accessories,South,Bengaluru,1,27.39,0.2,21.91,1.14,Credit Card,2023,Jul,7,Q3,5.2,,
ORD00266,2023-07-13,Dev Agarwal,Consumer,Notebook Pack,Office Supplies,Stationery,South,Chennai,4,12.65,0.0,50.58,13.75,UPI,2023,Jul,7,Q3,27.18,,
ORD00798,2023-07-13,Ananya Iyer,Corporate,Samsung Galaxy A54,Technology,Phones,West,Mumbai,4,326.82,0.15,1111.2,41.37,Debit Card,2023,Jul,7,Q3,3.72,,
ORD00925,2023-07-13,Aditya Rao,Consumer,A4 Copy Paper,Office Supplies,Paper,West,Mumbai,2,6.25,0.1,11.25,2.1,UPI,2023,Jul,7,Q3,18.67,,
ORD03760,2023-07-13,Ananya Iyer,Small Business,USB-C Hub,Technology,Accessories,South,Hyderabad,1,35.08,0.3,24.56,0.37,Cash,2023,Jul,7,Q3,1.51,,
ORD04374,2023-07-13,Kunal Bansal,Small Business,Desk Organizer,Office Supplies,Storage,North,Lucknow,3,14.25,0.0,42.74,9.88,Net Banking,2023,Jul,7,Q3,23.12,,
ORD04467,2023-07-13,Arjun Nair,Corporate,Ring Binder,Office Supplies,Binders,West,Mumbai,4,7.47,0.1,26.89,4.47,Credit Card,2023,Jul,7,Q3,16.62,,
ORD00539,2023-07-14,Riya Kulkarni,Consumer,HP Laser Printer,Technology,Printers,East,Bhubaneswar,5,204.89,0.25,768.33,-17.09,Debit Card,2023,Jul,7,Q3,-2.22,,
ORD01298,2023-07-14,Dev Agarwal,Consumer,HP Pavilion 15,Technology,Laptops,South,Bengaluru,1,659.2,0.2,527.36,-10.42,Credit Card,2023,Jul,7,Q3,-1.98,,
ORD02588,2023-07-14,Tara Menon,Corporate,Samsung Galaxy A54,Technology,Phones,West,Ahmedabad,2,336.93,0.25,505.4,-4.82,Net Banking,2023,Jul,7,Q3,-0.95,,
ORD02696,2023-07-14,Aisha Khan,Corporate,Ball Pen Set,Office Supplies,Stationery,North,Amritsar,3,7.99,0.25,17.97,1.75,Debit Card,2023,Jul,7,Q3,9.74,,
ORD02810,2023-07-14,Kabir Shah,Consumer,Ring Binder,Office Supplies,Binders,South,Kochi,1,6.53,0.0,6.53,1.35,UPI,2023,Jul,7,Q3,20.67,,
ORD00084,2023-07-15,Tara Menon,Consumer,Dell 24-inch Monitor,Technology,Monitors,West,Ahmedabad,3,179.56,0.3,377.07,-3.52,Net Banking,2023,Jul,7,Q3,-0.93,,
ORD01845,2023-07-15,Ishita Gupta,Consumer,Notebook Pack,Office Supplies,Stationery,South,Kochi,5,11.61,0.2,46.44,6.68,Debit Card,2023,Jul,7,Q3,14.38,,
ORD03735,2023-07-15,Neel Malhotra,Small Business,Conference Table,Furniture,Tables,North,Lucknow,3,391.65,0.15,998.71,18.25,UPI,2023,Jul,7,Q3,1.83,,
ORD04709,2023-07-15,Riya Kulkarni,Consumer,Mechanical Keyboard,Technology,Accessories,West,Mumbai,2,75.78,0.15,128.83,10.43,Credit Card,2023,Jul,7,Q3,8.1,,
ORD01100,2023-07-16,Ishita Gupta,Consumer,Dell 24-inch Monitor,Technology,Monitors,South,Coimbatore,3,174.78,0.25,393.26,-13.17,Debit Card,2023,Jul,7,Q3,-3.35,,
ORD01164,2023-07-16,Tara Menon,Consumer,Logitech Wireless Mouse,Technology,Accessories,South,Coimbatore,2,26.45,0.05,50.26,8.4,Net Banking,2023,Jul,7,Q3,16.71,,
ORD02725,2023-07-16,Riya Kulkarni,Consumer,Desk Organizer,Office Supplies,Storage,South,Hyderabad,3,13.63,0.3,28.62,1.67,Debit Card,2023,Jul,7,Q3,5.84,,
ORD01470,2023-07-17,Tara Menon,Small Business,Stapler,Office Supplies,Stationery,North,Delhi,4,9.05,0.05,34.38,7.11,UPI,2023,Jul,7,Q3,20.68,,
ORD02944,2023-07-17,Kunal Bansal,Corporate,Ball Pen Set,Office Supplies,Stationery,South,Coimbatore,2,7.58,0.1,13.64,2.73,Debit Card,2023,Jul,7,Q3,20.01,,
ORD04997,2023-07-17,Vivaan Singh,Consumer,Stapler,Office Supplies,Stationery,East,Patna,1,8.86,0.15,7.53,1.16,Debit Card,2023,Jul,7,Q3,15.41,,
ORD01590,2023-07-18,Rahul Verma,Corporate,HP Pavilion 15,Technology,Laptops,East,Ranchi,1,704.24,0.05,669.03,44.47,UPI,2023,Jul,7,Q3,6.65,,
ORD01762,2023-07-18,Vivaan Singh,Consumer,A4 Copy Paper,Office Supplies,Paper,East,Bhubaneswar,1,5.86,0.25,4.39,0.2,Debit Card,2023,Jul,7,Q3,4.56,,
ORD01781,2023-07-18,Kunal Bansal,Consumer,Bookshelf,Furniture,Storage,East,Guwahati,1,103.99,0.2,83.19,6.21,UPI,2023,Jul,7,Q3,7.46,,
ORD04376,2023-07-18,Vivaan Singh,Small Business,Conference Table,Furniture,Tables,South,Bengaluru,1,427.23,0.1,384.51,10.14,UPI,2023,Jul,7,Q3,2.64,,
ORD00131,2023-07-19,Kiara Desai,Corporate,Samsung Galaxy A54,Technology,Phones,West,Pune,1,309.3,0.1,278.37,23.15,Credit Card,2023,Jul,7,Q3,8.32,,
ORD01267,2023-07-19,Sana Kapoor,Consumer,Notebook Pack,Office Supplies,Stationery,West,Surat,2,12.4,0.3,17.36,1.04,UPI,2023,Jul,7,Q3,5.99,,
ORD02186,2023-07-19,Tara Menon,Consumer,A4 Copy Paper,Office Supplies,Paper,South,Coimbatore,2,6.07,0.15,10.32,1.83,Cash,2023,Jul,7,Q3,17.73,,
ORD02341,2023-07-19,Kunal Bansal,Consumer,A4 Copy Paper,Office Supplies,Paper,South,Kochi,3,5.88,0.0,17.63,3.32,Credit Card,2023,Jul,7,Q3,18.83,,
ORD02709,2023-07-19,Meera Joshi,Consumer,Samsung Galaxy A54,Technology,Phones,West,Surat,2,314.25,0.1,565.65,0.02,Net Banking,2023,Jul,7,Q3,0.0,,
ORD03100,2023-07-19,Tara Menon,Consumer,Notebook Pack,Office Supplies,Stationery,East,Patna,3,11.45,0.2,27.49,3.17,Net Banking,2023,Jul,7,Q3,11.53,,
ORD00352,2023-07-20,Kiara Desai,Consumer,Dell 24-inch Monitor,Technology,Monitors,East,Kolkata,8,183.92,0.0,1471.34,211.96,UPI,2023,Jul,7,Q3,14.41,,
ORD03682,2023-07-20,Vivaan Singh,Consumer,Study Desk,Furniture,Tables,North,Delhi,3,177.35,0.15,452.25,19.68,UPI,2023,Jul,7,Q3,4.35,,
ORD01225,2023-07-21,Aisha Khan,Consumer,Desk Organizer,Office Supplies,Storage,East,Bhubaneswar,4,14.8,0.05,56.23,13.84,Net Banking,2023,Jul,7,Q3,24.61,,
ORD03518,2023-07-21,Kiara Desai,Small Business,Lenovo IdeaPad 3,Technology,Laptops,West,Mumbai,1,519.14,0.05,493.18,44.23,Credit Card,2023,Jul,7,Q3,8.97,,
ORD04236,2023-07-21,Vivaan Singh,Consumer,HP Pavilion 15,Technology,Laptops,West,Ahmedabad,2,684.71,0.2,1095.53,24.72,UPI,2023,Jul,7,Q3,2.26,,
ORD00454,2023-07-22,Vivaan Singh,Consumer,HP Pavilion 15,Technology,Laptops,South,Chennai,1,713.63,0.1,642.26,10.24,Credit Card,2023,Jul,7,Q3,1.59,,
ORD00516,2023-07-22,Vivaan Singh,Consumer,Conference Table,Furniture,Tables,East,Bhubaneswar,1,440.28,0.15,374.24,3.13,Debit Card,2023,Jul,7,Q3,0.84,,
ORD00808,2023-07-22,Tara Menon,Corporate,Ball Pen Set,Office Supplies,Stationery,South,Coimbatore,1,8.13,0.0,8.13,2.17,Credit Card,2023,Jul,7,Q3,26.69,,
ORD02548,2023-07-22,Kunal Bansal,Consumer,Logitech Wireless Mouse,Technology,Accessories,East,Ranchi,10,27.76,0.0,277.56,47.01,Credit Card,2023,Jul,7,Q3,16.94,,
ORD03142,2023-07-22,Kunal Bansal,Small Business,Desk Organizer,Office Supplies,Storage,West,Mumbai,5,13.92,0.2,55.67,10.05,Credit Card,2023,Jul,7,Q3,18.05,,
ORD04012,2023-07-22,Riya Kulkarni,Corporate,Logitech Wireless Mouse,Technology,Accessories,East,Bhubaneswar,2,29.34,0.1,52.82,8.33,Credit Card,2023,Jul,7,Q3,15.77,,
ORD03184,2023-07-23,Neel Malhotra,Corporate,Mechanical Keyboard,Technology,Accessories,West,Pune,2,72.18,0.1,129.93,10.19,Debit Card,2023,Jul,7,Q3,7.84,,
ORD00272,2023-07-24,Rohan Patel,Corporate,Filing Cabinet,Furniture,Storage,West,Surat,2,92.07,0.1,165.73,12.63,UPI,2023,Jul,7,Q3,7.62,,
ORD02317,2023-07-24,Kiara Desai,Small Business,HP Laser Printer,Technology,Printers,North,Delhi,1,216.05,0.2,172.84,5.13,UPI,2023,Jul,7,Q3,2.97,,
ORD01185,2023-07-25,Sana Kapoor,Corporate,Ball Pen Set,Office Supplies,Stationery,North,Amritsar,3,8.27,0.1,22.34,5.21,Credit Card,2023,Jul,7,Q3,23.32,,
ORD01526,2023-07-25,Riya Kulkarni,Small Business,Study Desk,Furniture,Tables,West,Pune,2,169.08,0.0,338.16,51.09,Credit Card,2023,Jul,7,Q3,15.11,,
ORD01598,2023-07-25,Meera Joshi,Corporate,HP Pavilion 15,Technology,Laptops,West,Surat,2,653.69,0.1,1176.63,44.72,UPI,2023,Jul,7,Q3,3.8,,
ORD01975,2023-07-25,Kabir Shah,Corporate,Filing Cabinet,Furniture,Storage,East,Patna,3,98.02,0.3,205.83,-3.39,Debit Card,2023,Jul,7,Q3,-1.65,,
ORD02743,2023-07-25,Kiara Desai,Corporate,Lenovo IdeaPad 3,Technology,Laptops,West,Nagpur,4,526.36,0.05,2000.18,270.75,UPI,2023,Jul,7,Q3,13.54,,
ORD04074,2023-07-25,Aditya Rao,Consumer,HP Pavilion 15,Technology,Laptops,South,Chennai,4,651.4,0.2,2084.46,-12.4,UPI,2023,Jul,7,Q3,-0.59,,
ORD04199,2023-07-25,Ananya Iyer,Consumer,Conference Table,Furniture,Tables,West,Mumbai,1,423.62,0.25,317.72,-5.47,Credit Card,2023,Jul,7,Q3,-1.72,,
ORD04465,2023-07-25,Arjun Nair,Small Business,Apple iPhone 13,Technology,Phones,West,Mumbai,4,627.9,0.1,2260.43,63.27,UPI,2023,Jul,7,Q3,2.8,,
ORD01124,2023-07-26,Arjun Nair,Corporate,Apple iPhone 13,Technology,Phones,West,Pune,2,676.26,0.15,1149.64,12.57,UPI,2023,Jul,7,Q3,1.09,,
ORD01184,2023-07-26,Rahul Verma,Corporate,Stapler,Office Supplies,Stationery,South,Bengaluru,1,9.09,0.2,7.27,1.38,Debit Card,2023,Jul,7,Q3,18.98,,
ORD01239,2023-07-26,Aditya Rao,Consumer,Notebook Pack,Office Supplies,Stationery,East,Kolkata,3,12.11,0.25,27.25,4.17,Credit Card,2023,Jul,7,Q3,15.3,,
ORD01544,2023-07-26,Ishita Gupta,Corporate,Stapler,Office Supplies,Stationery,West,Pune,1,9.27,0.3,6.49,0.36,Debit Card,2023,Jul,7,Q3,5.55,,
ORD04639,2023-07-26,Tara Menon,Consumer,Stapler,Office Supplies,Stationery,South,Hyderabad,4,9.12,0.0,36.48,8.3,Debit Card,2023,Jul,7,Q3,22.75,,
ORD00115,2023-07-27,Kunal Bansal,Corporate,A4 Copy Paper,Office Supplies,Paper,East,Patna,8,6.21,0.05,47.23,7.41,Credit Card,2023,Jul,7,Q3,15.69,,
ORD01016,2023-07-27,Ananya Iyer,Corporate,USB-C Hub,Technology,Accessories,South,Hyderabad,8,35.53,0.1,255.81,29.46,Credit Card,2023,Jul,7,Q3,11.52,,
ORD01896,2023-07-27,Kabir Shah,Consumer,Ergonomic Office Chair,Furniture,Chairs,North,Delhi,1,150.11,0.2,120.09,1.2,Net Banking,2023,Jul,7,Q3,1.0,,
ORD01944,2023-07-27,Tara Menon,Consumer,Bookshelf,Furniture,Storage,South,Coimbatore,2,113.68,0.1,204.63,19.61,Credit Card,2023,Jul,7,Q3,9.58,,
ORD03644,2023-07-27,Vivaan Singh,Consumer,Study Desk,Furniture,Tables,South,Bengaluru,3,168.47,0.1,454.87,47.09,Credit Card,2023,Jul,7,Q3,10.35,,
ORD04228,2023-07-27,Rahul Verma,Small Business,Notebook Pack,Office Supplies,Stationery,South,Hyderabad,3,12.44,0.0,37.31,9.41,Credit Card,2023,Jul,7,Q3,25.22,,
ORD00587,2023-07-28,Ananya Iyer,Consumer,Notebook Pack,Office Supplies,Stationery,North,Chandigarh,2,11.68,0.1,21.02,3.94,Debit Card,2023,Jul,7,Q3,18.74,,
ORD02113,2023-07-28,Aarav Mehta,Consumer,Ring Binder,Office Supplies,Binders,West,Nagpur,1,6.67,0.1,6.0,1.06,Net Banking,2023,Jul,7,Q3,17.67,,
ORD03945,2023-07-28,Ananya Iyer,Consumer,Stapler,Office Supplies,Stationery,North,Jaipur,3,9.29,0.05,26.46,5.02,Credit Card,2023,Jul,7,Q3,18.97,,
ORD00851,2023-07-29,Arjun Nair,Corporate,Study Desk,Furniture,Tables,North,Lucknow,3,189.08,0.2,453.79,19.35,Credit Card,2023,Jul,7,Q3,4.26,,
ORD01912,2023-07-29,Kabir Shah,Corporate,Logitech Wireless Mouse,Technology,Accessories,North,Chandigarh,3,28.36,0.3,59.56,-0.34,UPI,2023,Jul,7,Q3,-0.57,,
ORD03804,2023-07-29,Vivaan Singh,Consumer,Dell 24-inch Monitor,Technology,Monitors,East,Patna,1,173.59,0.0,173.59,21.84,UPI,2023,Jul,7,Q3,12.58,,
ORD04090,2023-07-29,Vivaan Singh,Corporate,Apple iPhone 13,Technology,Phones,South,Kochi,3,634.26,0.15,1617.37,-17.92,Credit Card,2023,Jul,7,Q3,-1.11,,
ORD00196,2023-07-30,Rohan Patel,Consumer,Stapler,Office Supplies,Stationery,East,Bhubaneswar,5,9.27,0.05,44.04,9.86,UPI,2023,Jul,7,Q3,22.39,,
ORD00943,2023-07-30,Kunal Bansal,Small Business,Desk Organizer,Office Supplies,Storage,North,Chandigarh,2,13.27,0.0,26.54,6.09,Debit Card,2023,Jul,7,Q3,22.95,,
ORD04827,2023-07-30,Arjun Nair,Consumer,Dell 24-inch Monitor,Technology,Monitors,West,Pune,6,187.18,0.15,954.62,85.2,UPI,2023,Jul,7,Q3,8.93,,
ORD04000,2023-07-31,Kabir Shah,Corporate,Ring Binder,Office Supplies,Binders,South,Kochi,3,6.85,0.2,16.44,3.41,Credit Card,2023,Jul,7,Q3,20.74,,
ORD04397,2023-07-31,Sana Kapoor,Consumer,Filing Cabinet,Furniture,Storage,South,Coimbatore,3,97.69,0.05,278.42,23.51,Credit Card,2023,Jul,7,Q3,8.44,,
ORD04422,2023-07-31,Neel Malhotra,Corporate,Stapler,Office Supplies,Stationery,West,Mumbai,2,8.85,0.3,12.39,1.15,Debit Card,2023,Jul,7,Q3,9.28,,
ORD04903,2023-07-31,Ananya Iyer,Small Business,Samsung Galaxy A54,Technology,Phones,East,Guwahati,6,307.63,0.15,1568.94,-15.7,Cash,2023,Jul,7,Q3,-1.0,,
ORD00553,2023-08-01,Kiara Desai,Corporate,Notebook Pack,Office Supplies,Stationery,East,Kolkata,2,11.37,0.05,21.61,4.88,Debit Card,2023,Aug,8,Q3,22.58,,
ORD01834,2023-08-01,Ananya Iyer,Consumer,USB-C Hub,Technology,Accessories,North,Amritsar,3,37.45,0.2,89.87,12.49,Net Banking,2023,Aug,8,Q3,13.9,,
ORD02084,2023-08-01,Maya Thomas,Consumer,Conference Table,Furniture,Tables,East,Bhubaneswar,2,407.83,0.15,693.32,42.38,UPI,2023,Aug,8,Q3,6.11,,
ORD02314,2023-08-01,Vivaan Singh,Corporate,HP Pavilion 15,Technology,Laptops,South,Coimbatore,1,688.65,0.25,516.49,-14.44,Net Banking,2023,Aug,8,Q3,-2.8,,
ORD04070,2023-08-01,Ishita Gupta,Small Business,Stapler,Office Supplies,Stationery,West,Nagpur,2,8.55,0.05,16.24,3.47,Credit Card,2023,Aug,8,Q3,21.37,,
ORD00282,2023-08-02,Neel Malhotra,Small Business,Logitech Wireless Mouse,Technology,Accessories,North,Chandigarh,5,27.57,0.25,103.38,2.13,Debit Card,2023,Aug,8,Q3,2.06,,
ORD02737,2023-08-02,Kiara Desai,Corporate,Mechanical Keyboard,Technology,Accessories,North,Chandigarh,8,74.43,0.25,446.57,6.62,UPI,2023,Aug,8,Q3,1.48,,
ORD03068,2023-08-02,Kabir Shah,Consumer,Ergonomic Office Chair,Furniture,Chairs,South,Bengaluru,1,135.07,0.0,135.07,18.44,UPI,2023,Aug,8,Q3,13.65,,
ORD04221,2023-08-02,Tara Menon,Consumer,HP Laser Printer,Technology,Printers,West,Nagpur,2,216.35,0.15,367.79,15.32,UPI,2023,Aug,8,Q3,4.17,,
ORD04598,2023-08-02,Vivaan Singh,Corporate,Conference Table,Furniture,Tables,East,Ranchi,2,441.16,0.15,749.96,27.66,UPI,2023,Aug,8,Q3,3.69,,
ORD04796,2023-08-02,Ishita Gupta,Consumer,HP Pavilion 15,Technology,Laptops,West,Pune,4,691.17,0.1,2488.2,124.8,Debit Card,2023,Aug,8,Q3,5.02,,
ORD01463,2023-08-03,Aditya Rao,Consumer,Notebook Pack,Office Supplies,Stationery,South,Kochi,3,12.2,0.2,29.28,3.52,UPI,2023,Aug,8,Q3,12.02,,
ORD04351,2023-08-03,Meera Joshi,Corporate,Dell 24-inch Monitor,Technology,Monitors,East,Bhubaneswar,3,164.66,0.1,444.58,34.14,UPI,2023,Aug,8,Q3,7.68,,
ORD00456,2023-08-04,Sana Kapoor,Corporate,Stapler,Office Supplies,Stationery,East,Kolkata,1,9.28,0.1,8.35,1.78,UPI,2023,Aug,8,Q3,21.32,,
ORD02809,2023-08-04,Rohan Patel,Corporate,HP Pavilion 15,Technology,Laptops,South,Bengaluru,3,642.56,0.0,1927.69,212.62,Debit Card,2023,Aug,8,Q3,11.03,,
ORD02970,2023-08-04,Ananya Iyer,Small Business,Filing Cabinet,Furniture,Storage,East,Kolkata,2,98.1,0.25,147.15,0.95,UPI,2023,Aug,8,Q3,0.65,,
ORD03150,2023-08-04,Riya Kulkarni,Corporate,Mechanical Keyboard,Technology,Accessories,West,Nagpur,5,69.21,0.0,346.03,35.59,UPI,2023,Aug,8,Q3,10.29,,
ORD03039,2023-08-05,Dev Agarwal,Consumer,Logitech Wireless Mouse,Technology,Accessories,East,Ranchi,4,26.05,0.15,88.57,9.35,Credit Card,2023,Aug,8,Q3,10.56,,
ORD03564,2023-08-05,Maya Thomas,Consumer,Samsung Galaxy A54,Technology,Phones,East,Patna,8,317.97,0.1,2289.41,64.68,Credit Card,2023,Aug,8,Q3,2.83,,
ORD03685,2023-08-05,Riya Kulkarni,Small Business,Lenovo IdeaPad 3,Technology,Laptops,West,Pune,4,550.67,0.15,1872.26,115.03,UPI,2023,Aug,8,Q3,6.14,,
ORD04006,2023-08-05,Sana Kapoor,Small Business,HP Pavilion 15,Technology,Laptops,West,Ahmedabad,3,709.9,0.2,1703.76,60.46,Credit Card,2023,Aug,8,Q3,3.55,,
ORD00716,2023-08-06,Sana Kapoor,Corporate,Desk Organizer,Office Supplies,Storage,North,Amritsar,2,14.62,0.0,29.24,7.03,UPI,2023,Aug,8,Q3,24.04,,
ORD01645,2023-08-06,Arjun Nair,Corporate,Ergonomic Office Chair,Furniture,Chairs,South,Kochi,5,136.74,0.1,615.35,25.03,Debit Card,2023,Aug,8,Q3,4.07,,
ORD00899,2023-08-07,Rohan Patel,Small Business,Ball Pen Set,Office Supplies,Stationery,North,Lucknow,3,7.97,0.05,22.71,5.0,UPI,2023,Aug,8,Q3,22.02,,
ORD02204,2023-08-07,Diya Sharma,Consumer,Ball Pen Set,Office Supplies,Stationery,North,Delhi,5,8.07,0.0,40.34,11.31,Debit Card,2023,Aug,8,Q3,28.04,,
ORD03155,2023-08-07,Kabir Shah,Consumer,Apple iPhone 13,Technology,Phones,South,Coimbatore,2,638.77,0.05,1213.66,52.81,Credit Card,2023,Aug,8,Q3,4.35,,
ORD03942,2023-08-07,Meera Joshi,Consumer,Desk Organizer,Office Supplies,Storage,North,Lucknow,2,14.22,0.2,22.75,2.99,Cash,2023,Aug,8,Q3,13.14,,
ORD04216,2023-08-07,Kiara Desai,Consumer,Ergonomic Office Chair,Furniture,Chairs,South,Bengaluru,1,140.1,0.3,98.07,-2.94,Cash,2023,Aug,8,Q3,-3.0,,
ORD02078,2023-08-08,Sana Kapoor,Corporate,Apple iPhone 13,Technology,Phones,West,Surat,2,648.43,0.05,1232.02,61.78,UPI,2023,Aug,8,Q3,5.01,,
ORD02748,2023-08-08,Ananya Iyer,Consumer,Logitech Wireless Mouse,Technology,Accessories,South,Coimbatore,3,28.94,0.25,65.12,4.86,Credit Card,2023,Aug,8,Q3,7.46,,
ORD03109,2023-08-08,Rahul Verma,Consumer,Desk Organizer,Office Supplies,Storage,South,Kochi,4,14.66,0.1,52.78,9.03,Net Banking,2023,Aug,8,Q3,17.11,,
ORD04094,2023-08-08,Aditya Rao,Small Business,HP Pavilion 15,Technology,Laptops,South,Chennai,4,661.2,0.0,2644.8,193.82,UPI,2023,Aug,8,Q3,7.33,,
ORD04253,2023-08-08,Arjun Nair,Corporate,A4 Copy Paper,Office Supplies,Paper,North,Jaipur,2,5.6,0.1,10.08,1.75,Credit Card,2023,Aug,8,Q3,17.36,,
ORD04427,2023-08-08,Tara Menon,Corporate,A4 Copy Paper,Office Supplies,Paper,East,Guwahati,2,6.35,0.0,12.69,3.18,Credit Card,2023,Aug,8,Q3,25.06,,
ORD00663,2023-08-09,Dev Agarwal,Corporate,A4 Copy Paper,Office Supplies,Paper,East,Ranchi,4,6.11,0.3,17.12,1.28,UPI,2023,Aug,8,Q3,7.48,,
ORD00980,2023-08-09,Tara Menon,Corporate,Apple iPhone 13,Technology,Phones,East,Bhubaneswar,3,671.7,0.2,1612.08,-58.68,Debit Card,2023,Aug,8,Q3,-3.64,,
ORD01337,2023-08-09,Rohan Patel,Consumer,Mechanical Keyboard,Technology,Accessories,South,Hyderabad,3,69.76,0.25,156.96,4.68,UPI,2023,Aug,8,Q3,2.98,,
ORD01472,2023-08-09,Meera Joshi,Small Business,Filing Cabinet,Furniture,Storage,North,Amritsar,2,89.15,0.0,178.29,24.68,UPI,2023,Aug,8,Q3,13.84,,
ORD03442,2023-08-09,Diya Sharma,Consumer,USB-C Hub,Technology,Accessories,West,Pune,3,36.41,0.15,92.84,8.1,Debit Card,2023,Aug,8,Q3,8.72,,
ORD04508,2023-08-09,Arjun Nair,Consumer,Lenovo IdeaPad 3,Technology,Laptops,South,Hyderabad,1,507.95,0.1,457.16,21.08,Credit Card,2023,Aug,8,Q3,4.61,,
ORD04797,2023-08-09,Arjun Nair,Consumer,Notebook Pack,Office Supplies,Stationery,South,Chennai,2,12.16,0.25,18.24,2.66,Net Banking,2023,Aug,8,Q3,14.58,,
ORD04940,2023-08-09,Aisha Khan,Corporate,Ergonomic Office Chair,Furniture,Chairs,South,Bengaluru,2,140.93,0.05,267.77,22.99,Debit Card,2023,Aug,8,Q3,8.59,,
ORD00767,2023-08-10,Aditya Rao,Consumer,Filing Cabinet,Furniture,Storage,West,Nagpur,1,98.6,0.2,78.88,4.65,UPI,2023,Aug,8,Q3,5.9,,
ORD01369,2023-08-10,Ishita Gupta,Corporate,A4 Copy Paper,Office Supplies,Paper,East,Patna,6,5.89,0.0,35.34,7.93,Credit Card,2023,Aug,8,Q3,22.44,,
ORD01697,2023-08-10,Sana Kapoor,Consumer,Study Desk,Furniture,Tables,East,Bhubaneswar,4,177.07,0.05,672.87,67.53,UPI,2023,Aug,8,Q3,10.04,,
ORD01888,2023-08-10,Aisha Khan,Consumer,A4 Copy Paper,Office Supplies,Paper,East,Bhubaneswar,6,5.67,0.15,28.91,3.47,UPI,2023,Aug,8,Q3,12.0,,
ORD02282,2023-08-10,Ananya Iyer,Corporate,HP Laser Printer,Technology,Printers,South,Kochi,4,219.5,0.2,702.4,10.78,Debit Card,2023,Aug,8,Q3,1.53,,
ORD03168,2023-08-10,Aisha Khan,Small Business,Dell 24-inch Monitor,Technology,Monitors,North,Chandigarh,2,178.25,0.25,267.38,-0.7,Debit Card,2023,Aug,8,Q3,-0.26,,
ORD03267,2023-08-10,Rohan Patel,Corporate,Bookshelf,Furniture,Storage,South,Hyderabad,3,103.95,0.15,265.08,14.47,Net Banking,2023,Aug,8,Q3,5.46,,
ORD00036,2023-08-11,Diya Sharma,Consumer,Bookshelf,Furniture,Storage,South,Coimbatore,3,113.48,0.15,289.37,14.69,Debit Card,2023,Aug,8,Q3,5.08,,
ORD01405,2023-08-11,Aditya Rao,Consumer,Ball Pen Set,Office Supplies,Stationery,East,Guwahati,1,7.51,0.0,7.51,1.96,Credit Card,2023,Aug,8,Q3,26.1,,
ORD01628,2023-08-11,Aisha Khan,Consumer,Filing Cabinet,Furniture,Storage,South,Kochi,2,93.5,0.15,158.95,4.29,Debit Card,2023,Aug,8,Q3,2.7,,
ORD02398,2023-08-11,Vivaan Singh,Corporate,Mechanical Keyboard,Technology,Accessories,North,Delhi,3,72.45,0.1,195.61,20.3,Credit Card,2023,Aug,8,Q3,10.38,,
ORD03742,2023-08-11,Riya Kulkarni,Consumer,Desk Organizer,Office Supplies,Storage,North,Amritsar,1,13.88,0.0,13.88,3.32,UPI,2023,Aug,8,Q3,23.92,,
ORD02224,2023-08-12,Ishita Gupta,Corporate,Mechanical Keyboard,Technology,Accessories,West,Nagpur,1,73.46,0.1,66.11,9.11,Debit Card,2023,Aug,8,Q3,13.78,,
ORD03125,2023-08-12,Kabir Shah,Consumer,Lenovo IdeaPad 3,Technology,Laptops,South,Hyderabad,3,553.44,0.05,1577.3,142.49,Debit Card,2023,Aug,8,Q3,9.03,,
ORD03630,2023-08-12,Maya Thomas,Consumer,Notebook Pack,Office Supplies,Stationery,South,Hyderabad,1,11.71,0.0,11.71,2.59,UPI,2023,Aug,8,Q3,22.12,,
ORD04207,2023-08-12,Riya Kulkarni,Consumer,Bookshelf,Furniture,Storage,South,Coimbatore,4,115.07,0.1,414.25,39.55,Debit Card,2023,Aug,8,Q3,9.55,,
ORD04988,2023-08-12,Riya Kulkarni,Corporate,HP Laser Printer,Technology,Printers,West,Mumbai,10,218.36,0.05,2074.44,262.48,Credit Card,2023,Aug,8,Q3,12.65,,
ORD03285,2023-08-13,Neel Malhotra,Consumer,Notebook Pack,Office Supplies,Stationery,South,Kochi,10,12.63,0.0,126.29,31.04,Net Banking,2023,Aug,8,Q3,24.58,,
ORD03943,2023-08-13,Neel Malhotra,Consumer,Notebook Pack,Office Supplies,Stationery,East,Guwahati,2,12.19,0.0,24.39,7.18,Credit Card,2023,Aug,8,Q3,29.44,,
ORD04576,2023-08-13,Rahul Verma,Consumer,Ball Pen Set,Office Supplies,Stationery,North,Amritsar,1,7.67,0.2,6.14,0.7,Net Banking,2023,Aug,8,Q3,11.4,,
ORD00589,2023-08-14,Dev Agarwal,Corporate,Filing Cabinet,Furniture,Storage,West,Pune,3,90.5,0.0,271.5,33.6,Net Banking,2023,Aug,8,Q3,12.38,,
ORD01597,2023-08-14,Ananya Iyer,Corporate,HP Pavilion 15,Technology,Laptops,South,Hyderabad,1,682.42,0.15,580.06,19.28,UPI,2023,Aug,8,Q3,3.32,,
ORD01110,2023-08-15,Rahul Verma,Consumer,USB-C Hub,Technology,Accessories,West,Surat,3,36.31,0.05,103.48,16.43,UPI,2023,Aug,8,Q3,15.88,,
ORD01196,2023-08-15,Tara Menon,Consumer,Mechanical Keyboard,Technology,Accessories,West,Nagpur,8,68.48,0.0,547.81,121.6,Credit Card,2023,Aug,8,Q3,22.2,,
ORD03900,2023-08-15,Riya Kulkarni,Consumer,USB-C Hub,Technology,Accessories,North,Delhi,2,32.96,0.15,56.03,7.03,UPI,2023,Aug,8,Q3,12.55,,
ORD00444,2023-08-16,Sana Kapoor,Consumer,Lenovo IdeaPad 3,Technology,Laptops,West,Mumbai,1,541.7,0.1,487.53,7.71,Credit Card,2023,Aug,8,Q3,1.58,,
ORD01277,2023-08-16,Kunal Bansal,Consumer,Mechanical Keyboard,Technology,Accessories,East,Ranchi,1,67.98,0.3,47.58,1.21,Debit Card,2023,Aug,8,Q3,2.54,,
ORD02124,2023-08-16,Diya Sharma,Corporate,Stapler,Office Supplies,Stationery,North,Jaipur,1,8.79,0.0,8.79,1.81,UPI,2023,Aug,8,Q3,20.59,,
ORD02478,2023-08-16,Neel Malhotra,Consumer,Desk Organizer,Office Supplies,Storage,South,Coimbatore,1,13.63,0.15,11.58,1.75,UPI,2023,Aug,8,Q3,15.11,,
ORD03126,2023-08-16,Aarav Mehta,Corporate,Stapler,Office Supplies,Stationery,East,Kolkata,3,8.97,0.05,25.57,6.09,Debit Card,2023,Aug,8,Q3,23.82,,
ORD04022,2023-08-16,Neel Malhotra,Small Business,Filing Cabinet,Furniture,Storage,West,Surat,10,91.64,0.3,641.46,-34.01,Debit Card,2023,Aug,8,Q3,-5.3,,
ORD04716,2023-08-17,Kiara Desai,Small Business,Ball Pen Set,Office Supplies,Stationery,North,Delhi,5,7.5,0.2,29.99,5.88,Net Banking,2023,Aug,8,Q3,19.61,,
ORD00026,2023-08-18,Kabir Shah,Consumer,Conference Table,Furniture,Tables,East,Bhubaneswar,2,392.83,0.1,707.09,27.35,UPI,2023,Aug,8,Q3,3.87,,
ORD01445,2023-08-18,Kunal Bansal,Corporate,Stapler,Office Supplies,Stationery,North,Amritsar,4,8.5,0.3,23.8,1.54,Credit Card,2023,Aug,8,Q3,6.47,,
ORD01591,2023-08-18,Sana Kapoor,Corporate,Logitech Wireless Mouse,Technology,Accessories,West,Mumbai,3,27.09,0.15,69.08,8.0,Debit Card,2023,Aug,8,Q3,11.58,,
ORD02584,2023-08-18,Vivaan Singh,Consumer,Ring Binder,Office Supplies,Binders,West,Ahmedabad,3,7.27,0.15,18.53,2.51,Cash,2023,Aug,8,Q3,13.55,,
ORD03191,2023-08-18,Maya Thomas,Consumer,Ball Pen Set,Office Supplies,Stationery,South,Hyderabad,4,7.65,0.25,22.96,3.32,UPI,2023,Aug,8,Q3,14.46,,
ORD03228,2023-08-18,Maya Thomas,Consumer,Study Desk,Furniture,Tables,West,Ahmedabad,5,189.28,0.25,709.8,-9.42,UPI,2023,Aug,8,Q3,-1.33,,
ORD04378,2023-08-18,Rohan Patel,Corporate,Dell 24-inch Monitor,Technology,Monitors,North,Lucknow,1,180.4,0.15,153.34,14.15,UPI,2023,Aug,8,Q3,9.23,,
ORD04629,2023-08-18,Vivaan Singh,Consumer,HP Laser Printer,Technology,Printers,West,Surat,5,208.35,0.05,989.68,79.01,UPI,2023,Aug,8,Q3,7.98,,
ORD01233,2023-08-19,Aisha Khan,Consumer,HP Pavilion 15,Technology,Laptops,South,Bengaluru,1,727.42,0.15,618.31,41.0,Credit Card,2023,Aug,8,Q3,6.63,,
ORD01629,2023-08-19,Meera Joshi,Consumer,Filing Cabinet,Furniture,Storage,North,Jaipur,4,89.23,0.2,285.52,13.61,Net Banking,2023,Aug,8,Q3,4.77,,
ORD03102,2023-08-19,Dev Agarwal,Consumer,Notebook Pack,Office Supplies,Stationery,West,Pune,3,11.33,0.25,25.49,3.33,Credit Card,2023,Aug,8,Q3,13.06,,
ORD04249,2023-08-19,Sana Kapoor,Small Business,Apple iPhone 13,Technology,Phones,North,Jaipur,6,620.88,0.2,2980.2,-211.49,Credit Card,2023,Aug,8,Q3,-7.1,,
ORD00199,2023-08-20,Ananya Iyer,Corporate,Samsung Galaxy A54,Technology,Phones,East,Guwahati,3,317.81,0.1,858.08,51.66,Credit Card,2023,Aug,8,Q3,6.02,,
ORD00885,2023-08-20,Vivaan Singh,Corporate,Logitech Wireless Mouse,Technology,Accessories,South,Chennai,2,27.18,0.3,38.05,1.47,UPI,2023,Aug,8,Q3,3.86,,
ORD02246,2023-08-20,Arjun Nair,Consumer,Ring Binder,Office Supplies,Binders,West,Surat,3,7.16,0.05,20.41,3.61,Cash,2023,Aug,8,Q3,17.69,,
ORD03974,2023-08-20,Riya Kulkarni,Consumer,Dell 24-inch Monitor,Technology,Monitors,East,Bhubaneswar,2,177.05,0.0,354.1,49.98,UPI,2023,Aug,8,Q3,14.11,,
ORD04751,2023-08-20,Kabir Shah,Consumer,Samsung Galaxy A54,Technology,Phones,South,Coimbatore,2,329.76,0.1,593.57,31.93,UPI,2023,Aug,8,Q3,5.38,,
ORD01047,2023-08-21,Tara Menon,Consumer,Filing Cabinet,Furniture,Storage,East,Bhubaneswar,4,94.07,0.1,338.64,45.6,Credit Card,2023,Aug,8,Q3,13.47,,
ORD01520,2023-08-21,Aditya Rao,Corporate,Ball Pen Set,Office Supplies,Stationery,West,Mumbai,6,8.45,0.1,45.63,11.02,Net Banking,2023,Aug,8,Q3,24.15,,
ORD02617,2023-08-21,Meera Joshi,Small Business,A4 Copy Paper,Office Supplies,Paper,North,Jaipur,1,6.06,0.0,6.06,1.3,Cash,2023,Aug,8,Q3,21.45,,
ORD00419,2023-08-22,Sana Kapoor,Consumer,Desk Organizer,Office Supplies,Storage,North,Chandigarh,5,13.83,0.05,65.71,11.95,Debit Card,2023,Aug,8,Q3,18.19,,
ORD01512,2023-08-22,Maya Thomas,Consumer,Ring Binder,Office Supplies,Binders,South,Coimbatore,1,7.44,0.0,7.44,2.1,Debit Card,2023,Aug,8,Q3,28.23,,
ORD02328,2023-08-22,Tara Menon,Consumer,Conference Table,Furniture,Tables,West,Nagpur,2,394.67,0.2,631.47,-11.14,Net Banking,2023,Aug,8,Q3,-1.76,,
ORD02422,2023-08-22,Kiara Desai,Corporate,Notebook Pack,Office Supplies,Stationery,South,Kochi,3,12.01,0.1,32.42,6.47,Net Banking,2023,Aug,8,Q3,19.96,,
ORD02640,2023-08-22,Kiara Desai,Consumer,Conference Table,Furniture,Tables,East,Kolkata,6,436.33,0.2,2094.36,-37.98,Net Banking,2023,Aug,8,Q3,-1.81,,
ORD03609,2023-08-23,Aarav Mehta,Corporate,USB-C Hub,Technology,Accessories,North,Chandigarh,2,32.98,0.0,65.96,11.95,UPI,2023,Aug,8,Q3,18.12,,
ORD00051,2023-08-24,Kunal Bansal,Consumer,Dell 24-inch Monitor,Technology,Monitors,East,Guwahati,6,171.5,0.15,874.67,80.99,Debit Card,2023,Aug,8,Q3,9.26,,
ORD00213,2023-08-24,Rahul Verma,Consumer,USB-C Hub,Technology,Accessories,South,Kochi,8,36.41,0.1,262.16,36.44,UPI,2023,Aug,8,Q3,13.9,,
ORD00852,2023-08-24,Diya Sharma,Small Business,Filing Cabinet,Furniture,Storage,South,Hyderabad,1,88.68,0.2,70.94,2.72,Debit Card,2023,Aug,8,Q3,3.83,,
ORD02082,2023-08-24,Kunal Bansal,Consumer,Study Desk,Furniture,Tables,North,Jaipur,4,178.65,0.05,678.86,38.05,Credit Card,2023,Aug,8,Q3,5.6,,
ORD02289,2023-08-24,Ananya Iyer,Corporate,Mechanical Keyboard,Technology,Accessories,East,Ranchi,4,70.19,0.2,224.62,16.72,Net Banking,2023,Aug,8,Q3,7.44,,
ORD03750,2023-08-24,Kabir Shah,Consumer,Ball Pen Set,Office Supplies,Stationery,South,Hyderabad,4,8.41,0.1,30.28,7.53,UPI,2023,Aug,8,Q3,24.87,,
ORD01644,2023-08-25,Aisha Khan,Small Business,Ball Pen Set,Office Supplies,Stationery,North,Lucknow,3,7.64,0.05,21.78,6.42,Credit Card,2023,Aug,8,Q3,29.48,,
ORD04391,2023-08-25,Kunal Bansal,Corporate,HP Pavilion 15,Technology,Laptops,South,Chennai,3,716.35,0.25,1611.79,-75.9,Cash,2023,Aug,8,Q3,-4.71,,
ORD04641,2023-08-25,Diya Sharma,Corporate,Samsung Galaxy A54,Technology,Phones,East,Ranchi,2,330.3,0.25,495.45,-37.8,Cash,2023,Aug,8,Q3,-7.63,,
ORD00436,2023-08-26,Rohan Patel,Consumer,Logitech Wireless Mouse,Technology,Accessories,South,Hyderabad,1,27.41,0.0,27.41,4.16,Net Banking,2023,Aug,8,Q3,15.18,,
ORD01450,2023-08-26,Rohan Patel,Corporate,Desk Organizer,Office Supplies,Storage,North,Amritsar,4,14.79,0.0,59.16,13.26,UPI,2023,Aug,8,Q3,22.41,,
ORD01752,2023-08-26,Diya Sharma,Consumer,Lenovo IdeaPad 3,Technology,Laptops,South,Hyderabad,2,556.15,0.1,1001.07,44.17,UPI,2023,Aug,8,Q3,4.41,,
ORD01947,2023-08-26,Kiara Desai,Corporate,Filing Cabinet,Furniture,Storage,East,Patna,2,99.87,0.1,179.76,6.86,Credit Card,2023,Aug,8,Q3,3.82,,
ORD04325,2023-08-26,Kiara Desai,Corporate,Dell 24-inch Monitor,Technology,Monitors,North,Chandigarh,2,165.24,0.15,280.9,8.97,Credit Card,2023,Aug,8,Q3,3.19,,
ORD04851,2023-08-26,Kiara Desai,Consumer,Apple iPhone 13,Technology,Phones,North,Jaipur,1,611.93,0.05,581.33,28.41,Credit Card,2023,Aug,8,Q3,4.89,,
ORD00112,2023-08-27,Meera Joshi,Consumer,Samsung Galaxy A54,Technology,Phones,West,Ahmedabad,3,318.02,0.1,858.65,55.19,Credit Card,2023,Aug,8,Q3,6.43,,
ORD00332,2023-08-27,Maya Thomas,Consumer,Bookshelf,Furniture,Storage,West,Pune,2,111.2,0.15,189.04,17.3,Cash,2023,Aug,8,Q3,9.15,,
ORD00682,2023-08-27,Diya Sharma,Consumer,Desk Organizer,Office Supplies,Storage,West,Mumbai,3,13.59,0.15,34.66,4.31,Cash,2023,Aug,8,Q3,12.44,,
ORD00898,2023-08-27,Kabir Shah,Consumer,Bookshelf,Furniture,Storage,South,Hyderabad,6,107.3,0.0,643.81,104.61,UPI,2023,Aug,8,Q3,16.25,,
ORD01058,2023-08-27,Maya Thomas,Consumer,Notebook Pack,Office Supplies,Stationery,West,Surat,4,11.79,0.1,42.46,8.54,Net Banking,2023,Aug,8,Q3,20.11,,
ORD01916,2023-08-27,Aditya Rao,Consumer,HP Laser Printer,Technology,Printers,East,Guwahati,2,203.63,0.2,325.8,-2.55,Net Banking,2023,Aug,8,Q3,-0.78,,
ORD02131,2023-08-27,Tara Menon,Corporate,A4 Copy Paper,Office Supplies,Paper,South,Chennai,4,6.21,0.0,24.83,6.3,Credit Card,2023,Aug,8,Q3,25.37,,
ORD02443,2023-08-27,Aarav Mehta,Corporate,Mechanical Keyboard,Technology,Accessories,North,Chandigarh,1,76.04,0.2,60.83,0.89,UPI,2023,Aug,8,Q3,1.46,,
ORD03385,2023-08-27,Kunal Bansal,Corporate,A4 Copy Paper,Office Supplies,Paper,North,Chandigarh,2,5.96,0.0,11.93,2.46,UPI,2023,Aug,8,Q3,20.62,,
ORD03976,2023-08-27,Arjun Nair,Corporate,Lenovo IdeaPad 3,Technology,Laptops,South,Bengaluru,4,504.17,0.15,1714.17,102.22,Debit Card,2023,Aug,8,Q3,5.96,,
ORD04210,2023-08-27,Kabir Shah,Consumer,Ergonomic Office Chair,Furniture,Chairs,East,Guwahati,1,137.29,0.15,116.7,1.74,Net Banking,2023,Aug,8,Q3,1.49,,
ORD04594,2023-08-27,Arjun Nair,Corporate,Study Desk,Furniture,Tables,West,Nagpur,2,169.2,0.15,287.63,5.36,Net Banking,2023,Aug,8,Q3,1.86,,
ORD03654,2023-08-28,Kunal Bansal,Consumer,Desk Organizer,Office Supplies,Storage,North,Delhi,3,13.97,0.05,39.82,8.05,Net Banking,2023,Aug,8,Q3,20.22,,
ORD00870,2023-08-29,Aditya Rao,Corporate,Ball Pen Set,Office Supplies,Stationery,West,Ahmedabad,1,8.1,0.15,6.89,1.4,Net Banking,2023,Aug,8,Q3,20.32,,
ORD01868,2023-08-29,Kiara Desai,Corporate,Ergonomic Office Chair,Furniture,Chairs,South,Bengaluru,2,150.95,0.0,301.9,39.87,Cash,2023,Aug,8,Q3,13.21,,
ORD02285,2023-08-29,Aarav Mehta,Consumer,HP Laser Printer,Technology,Printers,East,Ranchi,2,205.7,0.25,308.56,-7.16,UPI,2023,Aug,8,Q3,-2.32,,
ORD02898,2023-08-29,Meera Joshi,Consumer,Filing Cabinet,Furniture,Storage,South,Coimbatore,3,95.78,0.15,244.24,9.18,Credit Card,2023,Aug,8,Q3,3.76,,
ORD03872,2023-08-29,Ananya Iyer,Consumer,HP Laser Printer,Technology,Printers,East,Bhubaneswar,3,219.04,0.1,591.4,45.71,Debit Card,2023,Aug,8,Q3,7.73,,
ORD03087,2023-08-30,Sana Kapoor,Consumer,Conference Table,Furniture,Tables,West,Nagpur,5,424.54,0.1,1910.43,86.15,Credit Card,2023,Aug,8,Q3,4.51,,
ORD04201,2023-08-30,Maya Thomas,Consumer,Mechanical Keyboard,Technology,Accessories,West,Pune,3,72.98,0.0,218.95,34.59,UPI,2023,Aug,8,Q3,15.8,,
ORD01248,2023-08-31,Kabir Shah,Consumer,Stapler,Office Supplies,Stationery,North,Delhi,2,8.89,0.0,17.77,3.55,Net Banking,2023,Aug,8,Q3,19.98,,
ORD01435,2023-08-31,Vivaan Singh,Corporate,Stapler,Office Supplies,Stationery,North,Jaipur,4,8.76,0.1,31.54,5.77,UPI,2023,Aug,8,Q3,18.29,,
ORD00936,2023-09-01,Meera Joshi,Corporate,Logitech Wireless Mouse,Technology,Accessories,North,Chandigarh,5,26.17,0.2,104.69,8.54,Credit Card,2023,Sep,9,Q3,8.16,,
ORD02747,2023-09-01,Aditya Rao,Consumer,Study Desk,Furniture,Tables,West,Mumbai,1,179.31,0.15,152.41,5.72,Credit Card,2023,Sep,9,Q3,3.75,,
ORD03802,2023-09-01,Maya Thomas,Corporate,Stapler,Office Supplies,Stationery,West,Mumbai,4,9.15,0.1,32.94,6.24,Credit Card,2023,Sep,9,Q3,18.94,,
ORD00737,2023-09-02,Riya Kulkarni,Consumer,Ergonomic Office Chair,Furniture,Chairs,South,Bengaluru,2,138.99,0.3,194.58,-9.62,UPI,2023,Sep,9,Q3,-4.94,,
ORD00970,2023-09-02,Meera Joshi,Consumer,Conference Table,Furniture,Tables,East,Kolkata,1,410.53,0.05,390.0,39.31,Debit Card,2023,Sep,9,Q3,10.08,,
ORD01237,2023-09-02,Rahul Verma,Corporate,Ergonomic Office Chair,Furniture,Chairs,East,Patna,1,142.05,0.15,120.74,0.85,Credit Card,2023,Sep,9,Q3,0.7,,
ORD02932,2023-09-02,Meera Joshi,Small Business,Stapler,Office Supplies,Stationery,South,Kochi,8,9.06,0.2,57.99,10.7,UPI,2023,Sep,9,Q3,18.45,,
ORD03925,2023-09-02,Rahul Verma,Corporate,Filing Cabinet,Furniture,Storage,East,Guwahati,10,89.98,0.1,809.81,106.23,Debit Card,2023,Sep,9,Q3,13.12,,
ORD04160,2023-09-02,Dev Agarwal,Consumer,Ball Pen Set,Office Supplies,Stationery,North,Chandigarh,2,7.99,0.15,13.58,2.57,UPI,2023,Sep,9,Q3,18.92,,
ORD01180,2023-09-03,Kunal Bansal,Consumer,Bookshelf,Furniture,Storage,East,Bhubaneswar,5,106.81,0.0,534.03,63.23,UPI,2023,Sep,9,Q3,11.84,,
ORD01621,2023-09-03,Dev Agarwal,Consumer,Lenovo IdeaPad 3,Technology,Laptops,West,Surat,2,544.78,0.15,926.13,45.91,Credit Card,2023,Sep,9,Q3,4.96,,
ORD04978,2023-09-03,Aarav Mehta,Consumer,HP Laser Printer,Technology,Printers,North,Lucknow,2,206.5,0.0,413.0,59.93,UPI,2023,Sep,9,Q3,14.51,,
ORD00536,2023-09-04,Aditya Rao,Corporate,Lenovo IdeaPad 3,Technology,Laptops,West,Mumbai,3,493.8,0.15,1259.2,23.05,Debit Card,2023,Sep,9,Q3,1.83,,
ORD02327,2023-09-04,Riya Kulkarni,Consumer,Mechanical Keyboard,Technology,Accessories,West,Mumbai,1,72.63,0.2,58.11,0.87,Credit Card,2023,Sep,9,Q3,1.5,,
ORD02638,2023-09-04,Rahul Verma,Consumer,Lenovo IdeaPad 3,Technology,Laptops,West,Mumbai,1,542.43,0.25,406.82,20.2,Credit Card,2023,Sep,9,Q3,4.97,,
ORD03489,2023-09-04,Aisha Khan,Consumer,Samsung Galaxy A54,Technology,Phones,West,Ahmedabad,5,318.07,0.15,1351.79,51.83,Cash,2023,Sep,9,Q3,3.83,,
ORD04802,2023-09-04,Rahul Verma,Small Business,Bookshelf,Furniture,Storage,North,Amritsar,2,106.77,0.15,181.51,14.73,Net Banking,2023,Sep,9,Q3,8.12,,
ORD02845,2023-09-05,Aarav Mehta,Corporate,Lenovo IdeaPad 3,Technology,Laptops,South,Chennai,3,501.4,0.2,1203.35,27.49,Cash,2023,Sep,9,Q3,2.28,,
ORD02998,2023-09-05,Kunal Bansal,Consumer,Study Desk,Furniture,Tables,South,Hyderabad,3,179.4,0.0,538.2,75.28,UPI,2023,Sep,9,Q3,13.99,,
ORD03652,2023-09-05,Meera Joshi,Consumer,HP Pavilion 15,Technology,Laptops,West,Ahmedabad,2,650.81,0.15,1106.38,11.64,Credit Card,2023,Sep,9,Q3,1.05,,
ORD03947,2023-09-05,Tara Menon,Small Business,Bookshelf,Furniture,Storage,North,Amritsar,4,117.13,0.0,468.52,74.95,UPI,2023,Sep,9,Q3,16.0,,
ORD04741,2023-09-05,Kabir Shah,Consumer,Mechanical Keyboard,Technology,Accessories,South,Bengaluru,3,72.13,0.25,162.29,11.05,Debit Card,2023,Sep,9,Q3,6.81,,
ORD01664,2023-09-06,Tara Menon,Consumer,Conference Table,Furniture,Tables,East,Guwahati,3,445.72,0.15,1136.59,3.58,Net Banking,2023,Sep,9,Q3,0.31,,
ORD01763,2023-09-07,Rahul Verma,Consumer,Ball Pen Set,Office Supplies,Stationery,North,Chandigarh,3,7.74,0.2,18.58,2.08,Credit Card,2023,Sep,9,Q3,11.19,,
ORD02498,2023-09-07,Riya Kulkarni,Consumer,Study Desk,Furniture,Tables,South,Kochi,4,177.61,0.25,532.84,20.92,Credit Card,2023,Sep,9,Q3,3.93,,
ORD03667,2023-09-07,Sana Kapoor,Consumer,Bookshelf,Furniture,Storage,South,Kochi,3,109.4,0.0,328.19,35.9,UPI,2023,Sep,9,Q3,10.94,,
ORD03741,2023-09-07,Aarav Mehta,Small Business,Notebook Pack,Office Supplies,Stationery,South,Chennai,3,12.01,0.1,32.44,6.33,Debit Card,2023,Sep,9,Q3,19.51,,
ORD04275,2023-09-07,Ananya Iyer,Corporate,Conference Table,Furniture,Tables,West,Pune,4,405.55,0.1,1459.99,113.52,Net Banking,2023,Sep,9,Q3,7.78,,
ORD04595,2023-09-07,Neel Malhotra,Consumer,Apple iPhone 13,Technology,Phones,South,Kochi,5,676.12,0.1,3042.56,101.1,UPI,2023,Sep,9,Q3,3.32,,
ORD00855,2023-09-08,Kunal Bansal,Small Business,Ergonomic Office Chair,Furniture,Chairs,South,Kochi,8,145.64,0.15,990.33,43.85,Cash,2023,Sep,9,Q3,4.43,,
ORD00994,2023-09-08,Rohan Patel,Consumer,Ball Pen Set,Office Supplies,Stationery,West,Ahmedabad,1,8.26,0.15,7.02,1.26,Credit Card,2023,Sep,9,Q3,17.95,,
ORD01222,2023-09-08,Kabir Shah,Consumer,Stapler,Office Supplies,Stationery,North,Amritsar,5,8.38,0.1,37.72,7.35,Credit Card,2023,Sep,9,Q3,19.49,,
ORD01616,2023-09-09,Ishita Gupta,Consumer,Filing Cabinet,Furniture,Storage,North,Amritsar,1,96.07,0.05,91.27,8.05,UPI,2023,Sep,9,Q3,8.82,,
ORD03661,2023-09-09,Diya Sharma,Corporate,Desk Organizer,Office Supplies,Storage,North,Amritsar,6,14.0,0.05,79.81,20.94,Credit Card,2023,Sep,9,Q3,26.24,,
ORD01235,2023-09-10,Rohan Patel,Small Business,Mechanical Keyboard,Technology,Accessories,West,Ahmedabad,3,76.57,0.05,218.23,32.22,Debit Card,2023,Sep,9,Q3,14.76,,
ORD02094,2023-09-10,Kabir Shah,Corporate,Ring Binder,Office Supplies,Binders,South,Bengaluru,2,6.89,0.1,12.4,2.41,Debit Card,2023,Sep,9,Q3,19.44,,
ORD00071,2023-09-11,Ishita Gupta,Small Business,Ball Pen Set,Office Supplies,Stationery,South,Coimbatore,3,8.04,0.1,21.7,5.38,Credit Card,2023,Sep,9,Q3,24.79,,
ORD01301,2023-09-11,Kiara Desai,Consumer,Samsung Galaxy A54,Technology,Phones,South,Chennai,10,299.05,0.0,2990.53,248.97,UPI,2023,Sep,9,Q3,8.33,,
ORD01367,2023-09-11,Riya Kulkarni,Consumer,USB-C Hub,Technology,Accessories,South,Coimbatore,1,34.55,0.2,27.64,2.92,UPI,2023,Sep,9,Q3,10.56,,
ORD02520,2023-09-11,Aditya Rao,Corporate,Stapler,Office Supplies,Stationery,South,Chennai,5,8.68,0.05,41.23,8.61,Debit Card,2023,Sep,9,Q3,20.88,,
ORD04648,2023-09-11,Kabir Shah,Small Business,Lenovo IdeaPad 3,Technology,Laptops,West,Ahmedabad,1,513.98,0.15,436.88,5.65,Net Banking,2023,Sep,9,Q3,1.29,,
ORD04769,2023-09-11,Meera Joshi,Consumer,HP Pavilion 15,Technology,Laptops,West,Surat,4,648.43,0.05,2464.02,217.71,Debit Card,2023,Sep,9,Q3,8.84,,
ORD01231,2023-09-12,Rohan Patel,Consumer,A4 Copy Paper,Office Supplies,Paper,East,Kolkata,2,6.15,0.05,11.68,1.82,UPI,2023,Sep,9,Q3,15.58,,
ORD01509,2023-09-12,Neel Malhotra,Consumer,HP Laser Printer,Technology,Printers,South,Hyderabad,1,217.97,0.15,185.28,6.05,Debit Card,2023,Sep,9,Q3,3.27,,
ORD01738,2023-09-12,Ishita Gupta,Consumer,Notebook Pack,Office Supplies,Stationery,North,Jaipur,2,12.75,0.2,20.39,3.19,UPI,2023,Sep,9,Q3,15.64,,
ORD01980,2023-09-12,Arjun Nair,Small Business,HP Pavilion 15,Technology,Laptops,West,Nagpur,4,665.45,0.2,2129.43,-83.6,Debit Card,2023,Sep,9,Q3,-3.93,,
ORD03059,2023-09-12,Meera Joshi,Corporate,Logitech Wireless Mouse,Technology,Accessories,North,Lucknow,2,27.24,0.1,49.03,6.48,Credit Card,2023,Sep,9,Q3,13.22,,
ORD04621,2023-09-12,Tara Menon,Consumer,Ergonomic Office Chair,Furniture,Chairs,North,Chandigarh,8,146.31,0.0,1170.49,166.57,Credit Card,2023,Sep,9,Q3,14.23,,
ORD00791,2023-09-13,Vivaan Singh,Small Business,Conference Table,Furniture,Tables,North,Lucknow,5,447.3,0.1,2012.87,0.85,Net Banking,2023,Sep,9,Q3,0.04,,
ORD01793,2023-09-13,Meera Joshi,Corporate,Mechanical Keyboard,Technology,Accessories,South,Kochi,5,74.96,0.2,299.85,20.54,Credit Card,2023,Sep,9,Q3,6.85,,
ORD02278,2023-09-13,Kunal Bansal,Consumer,Filing Cabinet,Furniture,Storage,West,Surat,6,93.6,0.25,421.22,15.61,Debit Card,2023,Sep,9,Q3,3.71,,
ORD02785,2023-09-13,Meera Joshi,Consumer,A4 Copy Paper,Office Supplies,Paper,North,Amritsar,3,5.66,0.0,16.98,4.69,Cash,2023,Sep,9,Q3,27.62,,
ORD03638,2023-09-13,Aisha Khan,Consumer,USB-C Hub,Technology,Accessories,South,Chennai,2,35.09,0.1,63.17,9.0,Credit Card,2023,Sep,9,Q3,14.25,,
ORD04288,2023-09-13,Vivaan Singh,Consumer,Study Desk,Furniture,Tables,North,Lucknow,4,173.02,0.15,588.26,26.15,Debit Card,2023,Sep,9,Q3,4.45,,
ORD04910,2023-09-13,Rohan Patel,Small Business,Lenovo IdeaPad 3,Technology,Laptops,North,Amritsar,3,511.2,0.2,1226.88,0.57,Net Banking,2023,Sep,9,Q3,0.05,,
ORD04927,2023-09-13,Aditya Rao,Corporate,Study Desk,Furniture,Tables,East,Bhubaneswar,6,171.02,0.05,974.8,100.7,Credit Card,2023,Sep,9,Q3,10.33,,
ORD01835,2023-09-14,Meera Joshi,Small Business,USB-C Hub,Technology,Accessories,East,Kolkata,4,32.66,0.1,117.59,19.61,Debit Card,2023,Sep,9,Q3,16.68,,
ORD02876,2023-09-14,Riya Kulkarni,Consumer,Conference Table,Furniture,Tables,North,Amritsar,2,398.44,0.0,796.88,65.17,Debit Card,2023,Sep,9,Q3,8.18,,
ORD00482,2023-09-15,Maya Thomas,Corporate,Bookshelf,Furniture,Storage,West,Pune,2,109.7,0.1,197.46,12.65,Debit Card,2023,Sep,9,Q3,6.41,,
ORD03921,2023-09-15,Riya Kulkarni,Corporate,Notebook Pack,Office Supplies,Stationery,West,Nagpur,2,12.8,0.0,25.6,5.45,Debit Card,2023,Sep,9,Q3,21.29,,
ORD04225,2023-09-15,Dev Agarwal,Consumer,Lenovo IdeaPad 3,Technology,Laptops,West,Mumbai,2,530.95,0.2,849.52,-6.86,Debit Card,2023,Sep,9,Q3,-0.81,,
ORD04608,2023-09-15,Kabir Shah,Consumer,Ball Pen Set,Office Supplies,Stationery,South,Bengaluru,5,7.5,0.3,26.25,2.48,Credit Card,2023,Sep,9,Q3,9.45,,
ORD01097,2023-09-16,Rahul Verma,Consumer,Apple iPhone 13,Technology,Phones,North,Amritsar,4,613.07,0.15,2084.44,34.65,Cash,2023,Sep,9,Q3,1.66,,
ORD01179,2023-09-16,Aditya Rao,Small Business,Ball Pen Set,Office Supplies,Stationery,West,Pune,10,8.39,0.2,67.1,11.06,Net Banking,2023,Sep,9,Q3,16.48,,
ORD01437,2023-09-16,Aisha Khan,Consumer,HP Pavilion 15,Technology,Laptops,East,Guwahati,1,676.81,0.15,575.29,45.21,Debit Card,2023,Sep,9,Q3,7.86,,
ORD01976,2023-09-17,Rohan Patel,Consumer,Ball Pen Set,Office Supplies,Stationery,North,Lucknow,1,8.45,0.05,8.03,1.82,Credit Card,2023,Sep,9,Q3,22.67,,
ORD02828,2023-09-17,Neel Malhotra,Small Business,Lenovo IdeaPad 3,Technology,Laptops,East,Guwahati,1,483.64,0.1,435.28,58.37,Credit Card,2023,Sep,9,Q3,13.41,,
ORD03604,2023-09-17,Dev Agarwal,Corporate,Logitech Wireless Mouse,Technology,Accessories,South,Kochi,1,28.71,0.1,25.84,1.79,Debit Card,2023,Sep,9,Q3,6.93,,
ORD03856,2023-09-17,Vivaan Singh,Consumer,Ball Pen Set,Office Supplies,Stationery,East,Patna,1,8.27,0.05,7.85,1.82,Credit Card,2023,Sep,9,Q3,23.18,,
ORD04095,2023-09-17,Tara Menon,Small Business,Dell 24-inch Monitor,Technology,Monitors,East,Bhubaneswar,5,176.2,0.15,748.85,54.81,Debit Card,2023,Sep,9,Q3,7.32,,
ORD01197,2023-09-18,Aditya Rao,Corporate,Ring Binder,Office Supplies,Binders,West,Surat,1,7.14,0.15,6.07,0.94,Debit Card,2023,Sep,9,Q3,15.49,,
ORD01722,2023-09-18,Ananya Iyer,Consumer,Notebook Pack,Office Supplies,Stationery,South,Hyderabad,6,11.52,0.15,58.73,8.95,Credit Card,2023,Sep,9,Q3,15.24,,
ORD03987,2023-09-18,Dev Agarwal,Corporate,Conference Table,Furniture,Tables,West,Surat,6,421.1,0.2,2021.26,75.28,UPI,2023,Sep,9,Q3,3.72,,
ORD04897,2023-09-18,Aarav Mehta,Corporate,Study Desk,Furniture,Tables,West,Mumbai,1,172.06,0.0,172.06,16.97,Net Banking,2023,Sep,9,Q3,9.86,,
ORD03791,2023-09-19,Ananya Iyer,Small Business,Ball Pen Set,Office Supplies,Stationery,West,Ahmedabad,6,7.53,0.25,33.89,4.96,UPI,2023,Sep,9,Q3,14.64,,
ORD04021,2023-09-19,Dev Agarwal,Consumer,Stapler,Office Supplies,Stationery,West,Mumbai,8,9.5,0.25,56.98,4.97,Credit Card,2023,Sep,9,Q3,8.72,,
ORD04640,2023-09-19,Aisha Khan,Consumer,USB-C Hub,Technology,Accessories,North,Jaipur,6,37.0,0.0,222.03,42.99,UPI,2023,Sep,9,Q3,19.36,,
ORD01811,2023-09-20,Aisha Khan,Consumer,Study Desk,Furniture,Tables,East,Kolkata,4,181.17,0.1,652.19,65.15,UPI,2023,Sep,9,Q3,9.99,,
ORD02465,2023-09-20,Meera Joshi,Consumer,Ball Pen Set,Office Supplies,Stationery,East,Bhubaneswar,8,8.17,0.1,58.83,16.51,UPI,2023,Sep,9,Q3,28.06,,
ORD02831,2023-09-20,Neel Malhotra,Consumer,Logitech Wireless Mouse,Technology,Accessories,West,Mumbai,3,28.84,0.1,77.87,9.18,Net Banking,2023,Sep,9,Q3,11.79,,
ORD02886,2023-09-20,Kabir Shah,Corporate,Ring Binder,Office Supplies,Binders,West,Surat,2,7.08,0.0,14.17,3.14,UPI,2023,Sep,9,Q3,22.16,,
ORD02942,2023-09-20,Sana Kapoor,Corporate,Conference Table,Furniture,Tables,East,Kolkata,1,402.02,0.05,381.92,32.02,UPI,2023,Sep,9,Q3,8.38,,
ORD03081,2023-09-20,Rahul Verma,Corporate,Dell 24-inch Monitor,Technology,Monitors,South,Chennai,2,173.68,0.1,312.63,15.33,Credit Card,2023,Sep,9,Q3,4.9,,
ORD04877,2023-09-20,Kiara Desai,Small Business,Lenovo IdeaPad 3,Technology,Laptops,North,Lucknow,2,494.33,0.2,790.92,-32.75,UPI,2023,Sep,9,Q3,-4.14,,
ORD03330,2023-09-21,Dev Agarwal,Consumer,Bookshelf,Furniture,Storage,West,Pune,2,108.67,0.15,184.74,9.01,UPI,2023,Sep,9,Q3,4.88,,
ORD01857,2023-09-22,Aisha Khan,Small Business,Mechanical Keyboard,Technology,Accessories,South,Bengaluru,1,74.97,0.2,59.98,2.24,Credit Card,2023,Sep,9,Q3,3.73,,
ORD01941,2023-09-22,Arjun Nair,Consumer,Notebook Pack,Office Supplies,Stationery,South,Hyderabad,3,12.34,0.0,37.02,9.63,Debit Card,2023,Sep,9,Q3,26.01,,
ORD04982,2023-09-22,Kabir Shah,Consumer,Conference Table,Furniture,Tables,South,Kochi,4,404.41,0.1,1455.87,130.45,UPI,2023,Sep,9,Q3,8.96,,
ORD04996,2023-09-22,Maya Thomas,Corporate,Apple iPhone 13,Technology,Phones,South,Kochi,5,670.17,0.25,2513.16,-201.85,Credit Card,2023,Sep,9,Q3,-8.03,,
ORD01657,2023-09-23,Tara Menon,Corporate,Stapler,Office Supplies,Stationery,East,Kolkata,1,8.7,0.05,8.27,1.84,Debit Card,2023,Sep,9,Q3,22.25,,
ORD01925,2023-09-23,Kabir Shah,Consumer,Logitech Wireless Mouse,Technology,Accessories,West,Surat,3,28.32,0.25,63.72,2.01,Cash,2023,Sep,9,Q3,3.15,,
ORD04891,2023-09-23,Aisha Khan,Corporate,Notebook Pack,Office Supplies,Stationery,North,Lucknow,3,11.33,0.2,27.18,3.39,UPI,2023,Sep,9,Q3,12.47,,
ORD00488,2023-09-24,Arjun Nair,Small Business,Logitech Wireless Mouse,Technology,Accessories,North,Delhi,2,29.85,0.1,53.73,8.85,Credit Card,2023,Sep,9,Q3,16.47,,
ORD01576,2023-09-24,Dev Agarwal,Consumer,Bookshelf,Furniture,Storage,North,Amritsar,1,117.65,0.0,117.65,13.37,Credit Card,2023,Sep,9,Q3,11.36,,
ORD02660,2023-09-24,Ananya Iyer,Consumer,Ergonomic Office Chair,Furniture,Chairs,West,Surat,2,153.95,0.2,246.32,9.1,UPI,2023,Sep,9,Q3,3.69,,
ORD02751,2023-09-24,Aditya Rao,Corporate,Lenovo IdeaPad 3,Technology,Laptops,South,Kochi,2,501.05,0.0,1002.1,118.56,UPI,2023,Sep,9,Q3,11.83,,
ORD03544,2023-09-24,Diya Sharma,Consumer,USB-C Hub,Technology,Accessories,South,Chennai,2,37.01,0.0,74.02,17.13,UPI,2023,Sep,9,Q3,23.14,,
ORD03610,2023-09-24,Rohan Patel,Consumer,Notebook Pack,Office Supplies,Stationery,East,Bhubaneswar,3,12.65,0.25,28.45,3.31,Net Banking,2023,Sep,9,Q3,11.63,,
ORD04383,2023-09-24,Arjun Nair,Corporate,Ring Binder,Office Supplies,Binders,West,Pune,2,7.11,0.2,11.38,1.94,Credit Card,2023,Sep,9,Q3,17.05,,
ORD04742,2023-09-24,Vivaan Singh,Corporate,Ergonomic Office Chair,Furniture,Chairs,North,Amritsar,1,139.87,0.15,118.89,9.1,Debit Card,2023,Sep,9,Q3,7.65,,
ORD01457,2023-09-25,Arjun Nair,Consumer,Logitech Wireless Mouse,Technology,Accessories,South,Kochi,1,29.68,0.25,22.26,1.11,UPI,2023,Sep,9,Q3,4.99,,
ORD02716,2023-09-25,Aarav Mehta,Consumer,Filing Cabinet,Furniture,Storage,East,Ranchi,2,91.09,0.25,136.64,4.25,UPI,2023,Sep,9,Q3,3.11,,
ORD03784,2023-09-25,Ishita Gupta,Consumer,HP Pavilion 15,Technology,Laptops,East,Ranchi,1,647.08,0.1,582.37,50.45,Debit Card,2023,Sep,9,Q3,8.66,,
ORD00016,2023-09-26,Maya Thomas,Small Business,Samsung Galaxy A54,Technology,Phones,East,Patna,2,307.43,0.0,614.87,39.79,Credit Card,2023,Sep,9,Q3,6.47,,
ORD00039,2023-09-26,Kiara Desai,Corporate,Mechanical Keyboard,Technology,Accessories,North,Delhi,3,71.37,0.25,160.59,-3.02,UPI,2023,Sep,9,Q3,-1.88,,
ORD02518,2023-09-26,Sana Kapoor,Corporate,Filing Cabinet,Furniture,Storage,East,Guwahati,5,95.04,0.2,380.16,10.6,UPI,2023,Sep,9,Q3,2.79,,
ORD00756,2023-09-27,Neel Malhotra,Consumer,Apple iPhone 13,Technology,Phones,North,Jaipur,5,653.63,0.1,2941.35,-35.53,Debit Card,2023,Sep,9,Q3,-1.21,,
ORD01484,2023-09-27,Vivaan Singh,Consumer,Apple iPhone 13,Technology,Phones,East,Kolkata,4,639.59,0.15,2174.61,4.89,Credit Card,2023,Sep,9,Q3,0.22,,
ORD01668,2023-09-27,Aarav Mehta,Consumer,Ball Pen Set,Office Supplies,Stationery,North,Amritsar,2,7.78,0.15,13.23,2.92,Credit Card,2023,Sep,9,Q3,22.07,,
ORD01891,2023-09-27,Maya Thomas,Consumer,Logitech Wireless Mouse,Technology,Accessories,South,Chennai,2,29.35,0.25,44.02,1.9,UPI,2023,Sep,9,Q3,4.32,,
ORD03266,2023-09-27,Neel Malhotra,Consumer,Conference Table,Furniture,Tables,West,Pune,2,441.78,0.0,883.56,66.5,UPI,2023,Sep,9,Q3,7.53,,
ORD03537,2023-09-27,Aditya Rao,Corporate,Desk Organizer,Office Supplies,Storage,East,Kolkata,3,14.4,0.05,41.04,7.03,Cash,2023,Sep,9,Q3,17.13,,
ORD04951,2023-09-27,Tara Menon,Corporate,Notebook Pack,Office Supplies,Stationery,North,Delhi,1,11.54,0.15,9.81,1.32,Cash,2023,Sep,9,Q3,13.46,,
ORD04955,2023-09-27,Rahul Verma,Consumer,Conference Table,Furniture,Tables,South,Kochi,2,430.16,0.05,817.3,53.01,Net Banking,2023,Sep,9,Q3,6.49,,
ORD01468,2023-09-28,Aarav Mehta,Consumer,Mechanical Keyboard,Technology,Accessories,West,Ahmedabad,2,71.63,0.2,114.6,8.96,Net Banking,2023,Sep,9,Q3,7.82,,
ORD02623,2023-09-28,Rohan Patel,Consumer,Dell 24-inch Monitor,Technology,Monitors,North,Lucknow,1,170.6,0.15,145.01,10.14,Credit Card,2023,Sep,9,Q3,6.99,,
ORD04424,2023-09-28,Vivaan Singh,Consumer,Lenovo IdeaPad 3,Technology,Laptops,West,Nagpur,2,507.03,0.05,963.37,87.96,Credit Card,2023,Sep,9,Q3,9.13,,
ORD00206,2023-09-29,Aditya Rao,Corporate,Samsung Galaxy A54,Technology,Phones,West,Mumbai,2,298.35,0.15,507.2,14.15,Net Banking,2023,Sep,9,Q3,2.79,,
ORD02708,2023-09-29,Kiara Desai,Consumer,HP Laser Printer,Technology,Printers,East,Kolkata,8,203.25,0.1,1463.43,154.88,UPI,2023,Sep,9,Q3,10.58,,
ORD00163,2023-09-30,Aditya Rao,Consumer,Filing Cabinet,Furniture,Storage,East,Ranchi,3,90.66,0.2,217.57,6.66,Cash,2023,Sep,9,Q3,3.06,,
ORD01742,2023-09-30,Meera Joshi,Corporate,A4 Copy Paper,Office Supplies,Paper,East,Kolkata,5,5.75,0.05,27.3,6.17,Net Banking,2023,Sep,9,Q3,22.6,,
ORD01851,2023-09-30,Aisha Khan,Small Business,HP Pavilion 15,Technology,Laptops,East,Patna,2,680.94,0.15,1157.6,37.05,Credit Card,2023,Sep,9,Q3,3.2,,
ORD03034,2023-09-30,Aarav Mehta,Consumer,Filing Cabinet,Furniture,Storage,West,Mumbai,2,98.28,0.1,176.9,14.78,UPI,2023,Sep,9,Q3,8.36,,
ORD00828,2023-10-01,Rahul Verma,Consumer,Dell 24-inch Monitor,Technology,Monitors,West,Ahmedabad,2,179.98,0.15,305.97,13.84,UPI,2023,Oct,10,Q4,4.52,,
ORD00243,2023-10-02,Riya Kulkarni,Small Business,Study Desk,Furniture,Tables,North,Delhi,2,176.89,0.0,353.79,51.25,Credit Card,2023,Oct,10,Q4,14.49,,
ORD00313,2023-10-02,Ananya Iyer,Corporate,Logitech Wireless Mouse,Technology,Accessories,West,Surat,4,28.2,0.0,112.8,18.53,Cash,2023,Oct,10,Q4,16.43,,
ORD00556,2023-10-02,Rahul Verma,Consumer,Notebook Pack,Office Supplies,Stationery,South,Chennai,8,11.79,0.05,89.63,22.42,UPI,2023,Oct,10,Q4,25.01,,
ORD02515,2023-10-02,Maya Thomas,Consumer,Bookshelf,Furniture,Storage,East,Ranchi,1,112.71,0.05,107.08,15.31,UPI,2023,Oct,10,Q4,14.3,,
ORD02608,2023-10-02,Ishita Gupta,Consumer,Logitech Wireless Mouse,Technology,Accessories,North,Jaipur,10,27.39,0.1,246.51,36.68,UPI,2023,Oct,10,Q4,14.88,,
ORD02847,2023-10-02,Kunal Bansal,Consumer,Ring Binder,Office Supplies,Binders,East,Guwahati,6,7.42,0.25,33.41,3.21,Credit Card,2023,Oct,10,Q4,9.61,,
ORD03416,2023-10-02,Rohan Patel,Consumer,Ergonomic Office Chair,Furniture,Chairs,South,Coimbatore,4,149.76,0.1,539.13,29.34,Debit Card,2023,Oct,10,Q4,5.44,,
ORD00074,2023-10-03,Rahul Verma,Consumer,Apple iPhone 13,Technology,Phones,West,Mumbai,1,671.37,0.15,570.67,3.6,UPI,2023,Oct,10,Q4,0.63,,
ORD00644,2023-10-04,Maya Thomas,Corporate,Conference Table,Furniture,Tables,East,Kolkata,1,428.57,0.2,342.85,-5.16,UPI,2023,Oct,10,Q4,-1.51,,
ORD00693,2023-10-04,Aditya Rao,Consumer,Stapler,Office Supplies,Stationery,South,Coimbatore,4,8.5,0.0,34.0,8.43,Credit Card,2023,Oct,10,Q4,24.79,,
ORD02353,2023-10-04,Vivaan Singh,Corporate,Ergonomic Office Chair,Furniture,Chairs,North,Amritsar,1,155.03,0.25,116.27,1.38,Credit Card,2023,Oct,10,Q4,1.19,,
ORD02482,2023-10-04,Aarav Mehta,Small Business,Filing Cabinet,Furniture,Storage,East,Kolkata,1,94.84,0.1,85.36,8.29,Debit Card,2023,Oct,10,Q4,9.71,,
ORD03020,2023-10-04,Diya Sharma,Consumer,Ball Pen Set,Office Supplies,Stationery,North,Delhi,4,7.64,0.0,30.54,9.52,Net Banking,2023,Oct,10,Q4,31.17,,
ORD03984,2023-10-04,Tara Menon,Corporate,Study Desk,Furniture,Tables,West,Ahmedabad,8,176.26,0.15,1198.57,10.93,Credit Card,2023,Oct,10,Q4,0.91,,
ORD04344,2023-10-04,Riya Kulkarni,Consumer,Ergonomic Office Chair,Furniture,Chairs,East,Bhubaneswar,1,145.87,0.15,123.99,1.17,Net Banking,2023,Oct,10,Q4,0.94,,
ORD04529,2023-10-04,Sana Kapoor,Consumer,A4 Copy Paper,Office Supplies,Paper,East,Ranchi,4,5.74,0.1,20.67,3.06,Credit Card,2023,Oct,10,Q4,14.8,,
ORD01555,2023-10-05,Neel Malhotra,Consumer,Bookshelf,Furniture,Storage,South,Hyderabad,2,112.96,0.2,180.73,7.82,Credit Card,2023,Oct,10,Q4,4.33,,
ORD01605,2023-10-05,Maya Thomas,Consumer,HP Laser Printer,Technology,Printers,South,Bengaluru,6,197.74,0.05,1127.1,65.77,UPI,2023,Oct,10,Q4,5.84,,
ORD03849,2023-10-05,Rahul Verma,Consumer,Ring Binder,Office Supplies,Binders,South,Coimbatore,1,7.01,0.0,7.01,1.84,Credit Card,2023,Oct,10,Q4,26.25,,
ORD04438,2023-10-05,Maya Thomas,Consumer,Apple iPhone 13,Technology,Phones,South,Chennai,4,668.63,0.15,2273.33,-83.69,Net Banking,2023,Oct,10,Q4,-3.68,,
ORD04470,2023-10-05,Arjun Nair,Consumer,Filing Cabinet,Furniture,Storage,North,Lucknow,1,98.63,0.2,78.9,3.26,UPI,2023,Oct,10,Q4,4.13,,
ORD04591,2023-10-05,Kunal Bansal,Consumer,Logitech Wireless Mouse,Technology,Accessories,South,Chennai,6,27.98,0.0,167.86,29.1,UPI,2023,Oct,10,Q4,17.34,,
ORD04965,2023-10-05,Vivaan Singh,Consumer,Filing Cabinet,Furniture,Storage,South,Coimbatore,2,92.18,0.2,147.48,5.11,Net Banking,2023,Oct,10,Q4,3.46,,
ORD00255,2023-10-06,Aisha Khan,Consumer,HP Pavilion 15,Technology,Laptops,West,Ahmedabad,8,700.75,0.1,5045.38,210.92,Credit Card,2023,Oct,10,Q4,4.18,,
ORD00283,2023-10-06,Aarav Mehta,Consumer,Dell 24-inch Monitor,Technology,Monitors,South,Hyderabad,2,176.03,0.1,316.86,24.67,Credit Card,2023,Oct,10,Q4,7.79,,
ORD01441,2023-10-06,Sana Kapoor,Small Business,Bookshelf,Furniture,Storage,West,Mumbai,3,110.45,0.1,298.21,28.66,UPI,2023,Oct,10,Q4,9.61,,
ORD01814,2023-10-06,Neel Malhotra,Small Business,A4 Copy Paper,Office Supplies,Paper,West,Ahmedabad,1,5.62,0.3,3.94,0.46,UPI,2023,Oct,10,Q4,11.68,,
ORD02417,2023-10-06,Tara Menon,Small Business,Bookshelf,Furniture,Storage,West,Mumbai,4,108.61,0.1,391.0,28.4,Credit Card,2023,Oct,10,Q4,7.26,,
ORD04429,2023-10-06,Aisha Khan,Small Business,Ergonomic Office Chair,Furniture,Chairs,South,Coimbatore,1,153.57,0.2,122.85,3.23,Credit Card,2023,Oct,10,Q4,2.63,,
ORD04734,2023-10-06,Ishita Gupta,Corporate,Study Desk,Furniture,Tables,West,Mumbai,5,192.08,0.1,864.36,63.43,Net Banking,2023,Oct,10,Q4,7.34,,
ORD04817,2023-10-06,Ishita Gupta,Corporate,Study Desk,Furniture,Tables,North,Chandigarh,2,184.43,0.1,331.98,26.28,Cash,2023,Oct,10,Q4,7.92,,
ORD04956,2023-10-06,Kunal Bansal,Corporate,A4 Copy Paper,Office Supplies,Paper,South,Kochi,3,6.3,0.3,13.22,0.7,UPI,2023,Oct,10,Q4,5.3,,
ORD00427,2023-10-07,Aisha Khan,Consumer,USB-C Hub,Technology,Accessories,East,Patna,3,32.58,0.1,87.95,13.03,UPI,2023,Oct,10,Q4,14.82,,
ORD00654,2023-10-07,Kabir Shah,Consumer,Filing Cabinet,Furniture,Storage,West,Pune,1,92.67,0.2,74.13,0.03,Credit Card,2023,Oct,10,Q4,0.04,,
ORD01686,2023-10-07,Kabir Shah,Corporate,Notebook Pack,Office Supplies,Stationery,West,Ahmedabad,2,12.75,0.1,22.95,4.61,UPI,2023,Oct,10,Q4,20.09,,
ORD02100,2023-10-07,Kunal Bansal,Consumer,Conference Table,Furniture,Tables,North,Jaipur,2,424.88,0.15,722.29,21.17,Credit Card,2023,Oct,10,Q4,2.93,,
ORD02382,2023-10-07,Tara Menon,Small Business,Bookshelf,Furniture,Storage,North,Lucknow,4,113.78,0.15,386.85,20.4,Debit Card,2023,Oct,10,Q4,5.27,,
ORD03995,2023-10-07,Tara Menon,Consumer,Bookshelf,Furniture,Storage,North,Jaipur,4,105.72,0.0,422.86,71.56,UPI,2023,Oct,10,Q4,16.92,,
ORD04478,2023-10-07,Neel Malhotra,Corporate,HP Pavilion 15,Technology,Laptops,North,Lucknow,1,670.61,0.1,603.55,13.47,UPI,2023,Oct,10,Q4,2.23,,
ORD04868,2023-10-07,Sana Kapoor,Consumer,Bookshelf,Furniture,Storage,South,Coimbatore,2,102.67,0.2,164.26,7.2,Credit Card,2023,Oct,10,Q4,4.38,,
ORD04953,2023-10-07,Arjun Nair,Consumer,HP Pavilion 15,Technology,Laptops,North,Chandigarh,3,667.73,0.3,1402.23,-135.53,UPI,2023,Oct,10,Q4,-9.67,,
ORD02687,2023-10-08,Ishita Gupta,Consumer,Bookshelf,Furniture,Storage,East,Patna,2,116.03,0.0,232.06,31.28,Credit Card,2023,Oct,10,Q4,13.48,,
ORD01091,2023-10-09,Meera Joshi,Consumer,Stapler,Office Supplies,Stationery,West,Mumbai,8,9.16,0.15,62.28,9.44,UPI,2023,Oct,10,Q4,15.16,,
ORD01542,2023-10-09,Kunal Bansal,Consumer,Apple iPhone 13,Technology,Phones,East,Guwahati,5,669.85,0.25,2511.94,-130.95,UPI,2023,Oct,10,Q4,-5.21,,
ORD02120,2023-10-09,Meera Joshi,Consumer,Notebook Pack,Office Supplies,Stationery,South,Coimbatore,1,12.59,0.3,8.81,0.86,UPI,2023,Oct,10,Q4,9.76,,
ORD03665,2023-10-09,Ishita Gupta,Small Business,Desk Organizer,Office Supplies,Storage,South,Coimbatore,3,13.35,0.25,30.04,2.82,Credit Card,2023,Oct,10,Q4,9.39,,
ORD00192,2023-10-10,Vivaan Singh,Consumer,Samsung Galaxy A54,Technology,Phones,West,Pune,4,300.31,0.15,1021.05,19.86,Net Banking,2023,Oct,10,Q4,1.95,,
ORD00416,2023-10-10,Rohan Patel,Consumer,HP Pavilion 15,Technology,Laptops,North,Amritsar,8,656.87,0.0,5254.98,731.3,UPI,2023,Oct,10,Q4,13.92,,
ORD00701,2023-10-10,Kabir Shah,Consumer,Mechanical Keyboard,Technology,Accessories,South,Kochi,1,76.48,0.1,68.83,8.97,Net Banking,2023,Oct,10,Q4,13.03,,
ORD00771,2023-10-10,Kabir Shah,Consumer,USB-C Hub,Technology,Accessories,West,Surat,5,34.71,0.15,147.53,18.17,Credit Card,2023,Oct,10,Q4,12.32,,
ORD01547,2023-10-10,Kabir Shah,Consumer,Samsung Galaxy A54,Technology,Phones,East,Patna,8,307.65,0.0,2461.23,253.09,UPI,2023,Oct,10,Q4,10.28,,
ORD01984,2023-10-10,Diya Sharma,Consumer,Notebook Pack,Office Supplies,Stationery,North,Lucknow,2,11.61,0.15,19.73,2.78,UPI,2023,Oct,10,Q4,14.09,,
ORD02630,2023-10-10,Rohan Patel,Consumer,Dell 24-inch Monitor,Technology,Monitors,South,Bengaluru,1,174.27,0.05,165.56,3.93,Credit Card,2023,Oct,10,Q4,2.37,,
ORD02986,2023-10-10,Rahul Verma,Consumer,Ergonomic Office Chair,Furniture,Chairs,North,Chandigarh,2,140.22,0.3,196.31,-6.79,UPI,2023,Oct,10,Q4,-3.46,,
ORD04004,2023-10-10,Kabir Shah,Consumer,USB-C Hub,Technology,Accessories,East,Patna,4,34.3,0.3,96.03,6.76,Debit Card,2023,Oct,10,Q4,7.04,,
ORD04047,2023-10-10,Arjun Nair,Consumer,Ball Pen Set,Office Supplies,Stationery,East,Kolkata,3,7.89,0.3,16.58,1.28,Debit Card,2023,Oct,10,Q4,7.72,,
ORD04484,2023-10-10,Dev Agarwal,Small Business,HP Pavilion 15,Technology,Laptops,South,Chennai,3,725.98,0.1,1960.15,34.63,Cash,2023,Oct,10,Q4,1.77,,
ORD00753,2023-10-11,Ananya Iyer,Corporate,Dell 24-inch Monitor,Technology,Monitors,West,Ahmedabad,2,167.35,0.1,301.24,19.1,Credit Card,2023,Oct,10,Q4,6.34,,
ORD03334,2023-10-11,Maya Thomas,Corporate,Filing Cabinet,Furniture,Storage,South,Hyderabad,2,90.72,0.25,136.08,-1.0,UPI,2023,Oct,10,Q4,-0.73,,
ORD04361,2023-10-11,Rohan Patel,Corporate,Stapler,Office Supplies,Stationery,North,Delhi,2,9.13,0.05,17.35,3.98,Credit Card,2023,Oct,10,Q4,22.94,,
ORD04562,2023-10-11,Tara Menon,Small Business,Conference Table,Furniture,Tables,North,Jaipur,1,400.79,0.2,320.63,-1.66,Credit Card,2023,Oct,10,Q4,-0.52,,
ORD04958,2023-10-11,Maya Thomas,Consumer,Conference Table,Furniture,Tables,South,Chennai,2,393.51,0.15,668.96,24.53,Cash,2023,Oct,10,Q4,3.67,,
ORD00562,2023-10-12,Kunal Bansal,Consumer,Lenovo IdeaPad 3,Technology,Laptops,West,Pune,1,531.71,0.1,478.54,-0.26,Debit Card,2023,Oct,10,Q4,-0.05,,
ORD00893,2023-10-12,Kiara Desai,Small Business,Mechanical Keyboard,Technology,Accessories,East,Ranchi,6,69.02,0.0,414.1,66.42,UPI,2023,Oct,10,Q4,16.04,,
ORD02917,2023-10-12,Aisha Khan,Small Business,Logitech Wireless Mouse,Technology,Accessories,South,Kochi,6,27.71,0.2,133.0,6.61,Debit Card,2023,Oct,10,Q4,4.97,,
ORD03702,2023-10-12,Arjun Nair,Consumer,Apple iPhone 13,Technology,Phones,East,Patna,2,624.53,0.15,1061.71,3.19,Credit Card,2023,Oct,10,Q4,0.3,,
ORD04964,2023-10-12,Aditya Rao,Consumer,Conference Table,Furniture,Tables,North,Chandigarh,5,406.86,0.1,1830.85,57.56,UPI,2023,Oct,10,Q4,3.14,,
ORD00953,2023-10-13,Neel Malhotra,Consumer,Filing Cabinet,Furniture,Storage,East,Kolkata,3,95.51,0.25,214.89,0.96,Credit Card,2023,Oct,10,Q4,0.45,,
ORD01081,2023-10-13,Kiara Desai,Corporate,Logitech Wireless Mouse,Technology,Accessories,South,Kochi,1,27.31,0.05,25.94,4.29,Debit Card,2023,Oct,10,Q4,16.54,,
ORD02806,2023-10-13,Kunal Bansal,Consumer,Apple iPhone 13,Technology,Phones,South,Hyderabad,3,638.62,0.0,1915.85,197.25,Credit Card,2023,Oct,10,Q4,10.3,,
ORD02939,2023-10-13,Kunal Bansal,Consumer,Dell 24-inch Monitor,Technology,Monitors,West,Nagpur,4,169.12,0.2,541.2,3.32,UPI,2023,Oct,10,Q4,0.61,,
ORD03003,2023-10-13,Riya Kulkarni,Corporate,Stapler,Office Supplies,Stationery,South,Bengaluru,1,9.54,0.15,8.11,1.55,UPI,2023,Oct,10,Q4,19.11,,
ORD03063,2023-10-13,Ananya Iyer,Small Business,Notebook Pack,Office Supplies,Stationery,West,Ahmedabad,1,11.27,0.05,10.7,2.13,Debit Card,2023,Oct,10,Q4,19.91,,
ORD04692,2023-10-13,Sana Kapoor,Consumer,Ring Binder,Office Supplies,Binders,North,Delhi,4,6.67,0.05,25.34,6.48,Debit Card,2023,Oct,10,Q4,25.57,,
ORD04872,2023-10-13,Rahul Verma,Consumer,Filing Cabinet,Furniture,Storage,North,Lucknow,4,92.6,0.1,333.35,35.96,UPI,2023,Oct,10,Q4,10.79,,
ORD00727,2023-10-14,Aarav Mehta,Consumer,Filing Cabinet,Furniture,Storage,South,Bengaluru,8,91.28,0.1,657.25,78.58,Debit Card,2023,Oct,10,Q4,11.96,,
ORD00946,2023-10-14,Aarav Mehta,Small Business,Lenovo IdeaPad 3,Technology,Laptops,North,Amritsar,3,523.76,0.1,1414.14,59.01,Credit Card,2023,Oct,10,Q4,4.17,,
ORD01639,2023-10-14,Kiara Desai,Consumer,A4 Copy Paper,Office Supplies,Paper,North,Delhi,1,5.74,0.15,4.88,0.65,Debit Card,2023,Oct,10,Q4,13.32,,
ORD01741,2023-10-14,Ishita Gupta,Corporate,Lenovo IdeaPad 3,Technology,Laptops,South,Coimbatore,8,545.48,0.1,3927.45,245.9,Debit Card,2023,Oct,10,Q4,6.26,,
ORD01939,2023-10-14,Ishita Gupta,Consumer,Samsung Galaxy A54,Technology,Phones,North,Amritsar,3,318.11,0.05,906.62,51.2,UPI,2023,Oct,10,Q4,5.65,,
ORD02664,2023-10-14,Vivaan Singh,Small Business,Mechanical Keyboard,Technology,Accessories,South,Kochi,5,70.62,0.3,247.16,8.22,UPI,2023,Oct,10,Q4,3.33,,
ORD02844,2023-10-14,Diya Sharma,Corporate,Conference Table,Furniture,Tables,North,Lucknow,5,437.25,0.0,2186.25,106.69,UPI,2023,Oct,10,Q4,4.88,,
ORD04520,2023-10-14,Aarav Mehta,Small Business,Ring Binder,Office Supplies,Binders,East,Guwahati,2,7.23,0.2,11.57,2.32,UPI,2023,Oct,10,Q4,20.05,,
ORD04712,2023-10-14,Aditya Rao,Corporate,USB-C Hub,Technology,Accessories,West,Surat,2,34.08,0.1,61.35,6.53,Net Banking,2023,Oct,10,Q4,10.64,,
ORD01050,2023-10-15,Tara Menon,Small Business,Mechanical Keyboard,Technology,Accessories,North,Jaipur,5,76.51,0.0,382.57,72.73,Net Banking,2023,Oct,10,Q4,19.01,,
ORD01693,2023-10-15,Ananya Iyer,Consumer,Filing Cabinet,Furniture,Storage,North,Jaipur,5,96.9,0.2,387.58,-23.11,UPI,2023,Oct,10,Q4,-5.96,,
ORD01785,2023-10-15,Tara Menon,Small Business,Ring Binder,Office Supplies,Binders,West,Nagpur,5,6.55,0.25,24.56,2.88,Net Banking,2023,Oct,10,Q4,11.73,,
ORD02406,2023-10-15,Kabir Shah,Consumer,Lenovo IdeaPad 3,Technology,Laptops,West,Ahmedabad,5,533.44,0.1,2400.47,190.12,UPI,2023,Oct,10,Q4,7.92,,
ORD02712,2023-10-15,Neel Malhotra,Consumer,Filing Cabinet,Furniture,Storage,North,Lucknow,1,99.2,0.15,84.32,11.91,Net Banking,2023,Oct,10,Q4,14.12,,
ORD03608,2023-10-15,Vivaan Singh,Consumer,Dell 24-inch Monitor,Technology,Monitors,East,Bhubaneswar,3,174.64,0.15,445.34,7.92,UPI,2023,Oct,10,Q4,1.78,,
ORD03649,2023-10-15,Aisha Khan,Corporate,HP Laser Printer,Technology,Printers,South,Hyderabad,5,221.9,0.05,1054.02,75.98,Net Banking,2023,Oct,10,Q4,7.21,,
ORD00254,2023-10-16,Neel Malhotra,Corporate,A4 Copy Paper,Office Supplies,Paper,East,Kolkata,5,5.74,0.3,20.1,0.88,Credit Card,2023,Oct,10,Q4,4.38,,
ORD00952,2023-10-16,Arjun Nair,Consumer,A4 Copy Paper,Office Supplies,Paper,East,Patna,5,5.93,0.0,29.64,5.55,UPI,2023,Oct,10,Q4,18.72,,
ORD02024,2023-10-16,Riya Kulkarni,Consumer,Ring Binder,Office Supplies,Binders,West,Nagpur,3,6.55,0.05,18.67,5.25,Cash,2023,Oct,10,Q4,28.12,,
ORD02959,2023-10-16,Kabir Shah,Consumer,Mechanical Keyboard,Technology,Accessories,East,Ranchi,3,73.22,0.2,175.74,11.14,Credit Card,2023,Oct,10,Q4,6.34,,
ORD03434,2023-10-16,Rahul Verma,Consumer,HP Laser Printer,Technology,Printers,South,Kochi,3,214.51,0.1,579.17,45.5,UPI,2023,Oct,10,Q4,7.86,,
ORD00284,2023-10-17,Tara Menon,Corporate,HP Laser Printer,Technology,Printers,North,Amritsar,4,212.79,0.0,851.17,110.25,UPI,2023,Oct,10,Q4,12.95,,
ORD02713,2023-10-17,Aditya Rao,Consumer,Study Desk,Furniture,Tables,South,Kochi,2,181.69,0.15,308.88,13.1,Net Banking,2023,Oct,10,Q4,4.24,,
ORD02874,2023-10-17,Rohan Patel,Consumer,Ball Pen Set,Office Supplies,Stationery,South,Chennai,3,8.18,0.2,19.63,3.89,UPI,2023,Oct,10,Q4,19.82,,
ORD03050,2023-10-17,Vivaan Singh,Corporate,Conference Table,Furniture,Tables,South,Bengaluru,2,436.59,0.15,742.21,-13.87,Net Banking,2023,Oct,10,Q4,-1.87,,
ORD03728,2023-10-17,Ishita Gupta,Corporate,Study Desk,Furniture,Tables,North,Delhi,5,188.68,0.05,896.25,91.24,Debit Card,2023,Oct,10,Q4,10.18,,
ORD03764,2023-10-17,Kunal Bansal,Consumer,Ergonomic Office Chair,Furniture,Chairs,North,Chandigarh,1,143.72,0.15,122.16,8.35,UPI,2023,Oct,10,Q4,6.84,,
ORD04166,2023-10-17,Kunal Bansal,Consumer,A4 Copy Paper,Office Supplies,Paper,South,Bengaluru,2,6.04,0.15,10.27,1.59,Debit Card,2023,Oct,10,Q4,15.48,,
ORD01859,2023-10-18,Rohan Patel,Consumer,HP Laser Printer,Technology,Printers,South,Chennai,5,214.26,0.15,910.61,19.84,UPI,2023,Oct,10,Q4,2.18,,
ORD02544,2023-10-18,Kabir Shah,Consumer,USB-C Hub,Technology,Accessories,South,Kochi,3,34.02,0.3,71.44,3.85,UPI,2023,Oct,10,Q4,5.39,,
ORD03747,2023-10-18,Maya Thomas,Consumer,USB-C Hub,Technology,Accessories,West,Pune,3,32.92,0.15,83.96,9.57,Net Banking,2023,Oct,10,Q4,11.4,,
ORD04017,2023-10-18,Rohan Patel,Small Business,Filing Cabinet,Furniture,Storage,East,Guwahati,1,98.98,0.0,98.98,9.63,Debit Card,2023,Oct,10,Q4,9.73,,
ORD04151,2023-10-18,Kiara Desai,Small Business,Logitech Wireless Mouse,Technology,Accessories,North,Delhi,2,26.58,0.1,47.84,4.67,Debit Card,2023,Oct,10,Q4,9.76,,
ORD04555,2023-10-18,Ishita Gupta,Small Business,HP Pavilion 15,Technology,Laptops,East,Bhubaneswar,3,671.05,0.0,2013.16,218.0,Credit Card,2023,Oct,10,Q4,10.83,,
ORD02374,2023-10-19,Diya Sharma,Consumer,Filing Cabinet,Furniture,Storage,West,Pune,3,99.94,0.3,209.87,-5.21,UPI,2023,Oct,10,Q4,-2.48,,
ORD03408,2023-10-19,Diya Sharma,Consumer,Dell 24-inch Monitor,Technology,Monitors,East,Ranchi,5,175.45,0.1,789.5,50.36,Net Banking,2023,Oct,10,Q4,6.38,,
ORD04934,2023-10-19,Dev Agarwal,Consumer,Desk Organizer,Office Supplies,Storage,West,Ahmedabad,1,13.1,0.0,13.1,3.14,Credit Card,2023,Oct,10,Q4,23.97,,
ORD00909,2023-10-20,Ananya Iyer,Corporate,Ball Pen Set,Office Supplies,Stationery,East,Bhubaneswar,2,8.43,0.2,13.49,2.37,Net Banking,2023,Oct,10,Q4,17.57,,
ORD04548,2023-10-20,Diya Sharma,Consumer,HP Laser Printer,Technology,Printers,East,Ranchi,2,213.09,0.2,340.94,-1.12,UPI,2023,Oct,10,Q4,-0.33,,
ORD00348,2023-10-21,Meera Joshi,Consumer,Desk Organizer,Office Supplies,Storage,West,Pune,2,14.86,0.0,29.73,7.02,Debit Card,2023,Oct,10,Q4,23.61,,
ORD00830,2023-10-21,Tara Menon,Consumer,Filing Cabinet,Furniture,Storage,West,Pune,2,90.59,0.1,163.06,6.82,Debit Card,2023,Oct,10,Q4,4.18,,
ORD00926,2023-10-21,Arjun Nair,Consumer,Ball Pen Set,Office Supplies,Stationery,West,Pune,5,8.39,0.25,31.47,5.09,Net Banking,2023,Oct,10,Q4,16.17,,
ORD00971,2023-10-21,Sana Kapoor,Corporate,Stapler,Office Supplies,Stationery,South,Hyderabad,4,9.15,0.05,34.79,7.59,Cash,2023,Oct,10,Q4,21.82,,
ORD01611,2023-10-21,Meera Joshi,Corporate,Desk Organizer,Office Supplies,Storage,East,Guwahati,1,14.37,0.05,13.66,2.47,UPI,2023,Oct,10,Q4,18.08,,
ORD02226,2023-10-21,Riya Kulkarni,Corporate,Notebook Pack,Office Supplies,Stationery,North,Jaipur,1,12.61,0.0,12.61,3.2,Credit Card,2023,Oct,10,Q4,25.38,,
ORD03033,2023-10-21,Rohan Patel,Corporate,Bookshelf,Furniture,Storage,South,Kochi,5,104.37,0.1,469.64,40.87,Credit Card,2023,Oct,10,Q4,8.7,,
ORD00781,2023-10-22,Kabir Shah,Consumer,HP Pavilion 15,Technology,Laptops,West,Surat,1,665.69,0.15,565.84,3.44,Credit Card,2023,Oct,10,Q4,0.61,,
ORD01063,2023-10-22,Meera Joshi,Consumer,Lenovo IdeaPad 3,Technology,Laptops,North,Chandigarh,3,492.55,0.1,1329.89,148.39,Debit Card,2023,Oct,10,Q4,11.16,,
ORD01653,2023-10-22,Aditya Rao,Consumer,HP Laser Printer,Technology,Printers,South,Coimbatore,1,200.66,0.2,160.53,-1.57,UPI,2023,Oct,10,Q4,-0.98,,
ORD02244,2023-10-22,Vivaan Singh,Corporate,USB-C Hub,Technology,Accessories,North,Chandigarh,6,36.86,0.0,221.18,40.22,Credit Card,2023,Oct,10,Q4,18.18,,
ORD02689,2023-10-22,Vivaan Singh,Consumer,Study Desk,Furniture,Tables,South,Bengaluru,4,189.67,0.2,606.95,26.43,UPI,2023,Oct,10,Q4,4.35,,
ORD03112,2023-10-22,Kunal Bansal,Small Business,Bookshelf,Furniture,Storage,South,Chennai,3,113.68,0.1,306.92,36.95,Credit Card,2023,Oct,10,Q4,12.04,,
ORD03737,2023-10-22,Kiara Desai,Corporate,Stapler,Office Supplies,Stationery,West,Mumbai,1,9.07,0.1,8.16,1.5,UPI,2023,Oct,10,Q4,18.38,,
ORD03890,2023-10-22,Neel Malhotra,Consumer,Stapler,Office Supplies,Stationery,East,Patna,3,8.77,0.1,23.69,4.97,Debit Card,2023,Oct,10,Q4,20.98,,
ORD04146,2023-10-22,Neel Malhotra,Consumer,Notebook Pack,Office Supplies,Stationery,East,Kolkata,2,11.21,0.15,19.06,2.38,Credit Card,2023,Oct,10,Q4,12.49,,
ORD00173,2023-10-23,Diya Sharma,Small Business,Study Desk,Furniture,Tables,North,Amritsar,4,189.23,0.3,529.84,-28.43,Credit Card,2023,Oct,10,Q4,-5.37,,
ORD03303,2023-10-23,Neel Malhotra,Consumer,Ring Binder,Office Supplies,Binders,South,Chennai,1,7.06,0.0,7.06,1.91,Credit Card,2023,Oct,10,Q4,27.05,,
ORD04230,2023-10-23,Neel Malhotra,Consumer,Bookshelf,Furniture,Storage,North,Amritsar,6,102.85,0.0,617.11,103.33,Credit Card,2023,Oct,10,Q4,16.74,,
ORD01173,2023-10-24,Rohan Patel,Corporate,HP Pavilion 15,Technology,Laptops,North,Jaipur,2,665.49,0.25,998.23,16.58,Credit Card,2023,Oct,10,Q4,1.66,,
ORD01304,2023-10-24,Vivaan Singh,Small Business,Stapler,Office Supplies,Stationery,South,Bengaluru,10,9.38,0.25,70.36,7.4,UPI,2023,Oct,10,Q4,10.52,,
ORD02172,2023-10-24,Aarav Mehta,Corporate,A4 Copy Paper,Office Supplies,Paper,North,Lucknow,2,5.95,0.0,11.89,3.26,Credit Card,2023,Oct,10,Q4,27.42,,
ORD02179,2023-10-24,Rohan Patel,Consumer,Desk Organizer,Office Supplies,Storage,North,Lucknow,5,13.21,0.1,59.46,11.75,UPI,2023,Oct,10,Q4,19.76,,
ORD02965,2023-10-24,Aarav Mehta,Consumer,HP Pavilion 15,Technology,Laptops,South,Chennai,1,685.92,0.1,617.32,57.56,Debit Card,2023,Oct,10,Q4,9.32,,
ORD03182,2023-10-24,Arjun Nair,Corporate,HP Laser Printer,Technology,Printers,North,Delhi,5,221.11,0.3,773.89,-53.36,Credit Card,2023,Oct,10,Q4,-6.9,,
ORD03578,2023-10-24,Ananya Iyer,Consumer,Bookshelf,Furniture,Storage,East,Guwahati,5,104.55,0.1,470.47,45.38,Net Banking,2023,Oct,10,Q4,9.65,,
ORD03868,2023-10-24,Meera Joshi,Corporate,Lenovo IdeaPad 3,Technology,Laptops,South,Bengaluru,2,521.24,0.0,1042.48,138.5,UPI,2023,Oct,10,Q4,13.29,,
ORD04415,2023-10-24,Ishita Gupta,Small Business,Lenovo IdeaPad 3,Technology,Laptops,East,Guwahati,1,489.85,0.0,489.85,58.88,Debit Card,2023,Oct,10,Q4,12.02,,
ORD01094,2023-10-25,Rahul Verma,Consumer,Ball Pen Set,Office Supplies,Stationery,South,Kochi,2,8.52,0.0,17.04,4.88,Debit Card,2023,Oct,10,Q4,28.64,,
ORD01734,2023-10-25,Ishita Gupta,Small Business,Apple iPhone 13,Technology,Phones,West,Mumbai,2,636.25,0.0,1272.5,111.67,Debit Card,2023,Oct,10,Q4,8.78,,
ORD01987,2023-10-25,Neel Malhotra,Small Business,Bookshelf,Furniture,Storage,West,Ahmedabad,3,110.45,0.1,298.21,36.05,Credit Card,2023,Oct,10,Q4,12.09,,
ORD02199,2023-10-25,Rohan Patel,Small Business,USB-C Hub,Technology,Accessories,South,Kochi,1,35.93,0.05,34.14,5.26,Credit Card,2023,Oct,10,Q4,15.41,,
ORD02397,2023-10-25,Rohan Patel,Consumer,Mechanical Keyboard,Technology,Accessories,South,Chennai,4,76.63,0.2,245.2,27.26,Debit Card,2023,Oct,10,Q4,11.12,,
ORD03099,2023-10-25,Maya Thomas,Consumer,Conference Table,Furniture,Tables,North,Chandigarh,3,448.99,0.0,1346.98,116.48,UPI,2023,Oct,10,Q4,8.65,,
ORD00902,2023-10-26,Vivaan Singh,Consumer,Mechanical Keyboard,Technology,Accessories,West,Nagpur,3,70.14,0.3,147.3,-3.58,UPI,2023,Oct,10,Q4,-2.43,,
ORD02069,2023-10-26,Neel Malhotra,Small Business,Lenovo IdeaPad 3,Technology,Laptops,East,Bhubaneswar,5,516.2,0.1,2322.89,83.11,Debit Card,2023,Oct,10,Q4,3.58,,
ORD04313,2023-10-26,Ishita Gupta,Consumer,Bookshelf,Furniture,Storage,East,Patna,3,114.05,0.2,273.73,13.9,UPI,2023,Oct,10,Q4,5.08,,
ORD04728,2023-10-26,Tara Menon,Corporate,USB-C Hub,Technology,Accessories,West,Mumbai,3,37.26,0.1,100.62,17.97,UPI,2023,Oct,10,Q4,17.86,,
ORD00751,2023-10-27,Kunal Bansal,Corporate,Ball Pen Set,Office Supplies,Stationery,South,Bengaluru,2,8.23,0.1,14.81,3.18,Net Banking,2023,Oct,10,Q4,21.47,,
ORD01209,2023-10-27,Arjun Nair,Small Business,Logitech Wireless Mouse,Technology,Accessories,West,Pune,2,28.54,0.2,45.67,2.94,Credit Card,2023,Oct,10,Q4,6.44,,
ORD01783,2023-10-27,Maya Thomas,Small Business,HP Laser Printer,Technology,Printers,South,Kochi,1,220.69,0.25,165.52,-7.73,Credit Card,2023,Oct,10,Q4,-4.67,,
ORD02779,2023-10-27,Meera Joshi,Small Business,Samsung Galaxy A54,Technology,Phones,North,Amritsar,4,311.97,0.15,1060.69,-19.62,Debit Card,2023,Oct,10,Q4,-1.85,,
ORD04046,2023-10-27,Neel Malhotra,Consumer,USB-C Hub,Technology,Accessories,South,Hyderabad,2,33.49,0.15,56.93,8.04,Debit Card,2023,Oct,10,Q4,14.12,,
ORD02247,2023-10-28,Vivaan Singh,Consumer,Mechanical Keyboard,Technology,Accessories,South,Coimbatore,1,69.18,0.2,55.35,0.17,UPI,2023,Oct,10,Q4,0.31,,
ORD03757,2023-10-28,Riya Kulkarni,Consumer,HP Laser Printer,Technology,Printers,East,Ranchi,1,207.35,0.3,145.14,-3.02,UPI,2023,Oct,10,Q4,-2.08,,
ORD00190,2023-10-29,Ishita Gupta,Consumer,Logitech Wireless Mouse,Technology,Accessories,West,Ahmedabad,3,29.9,0.0,89.71,16.13,Net Banking,2023,Oct,10,Q4,17.98,,
ORD01860,2023-10-29,Diya Sharma,Consumer,Filing Cabinet,Furniture,Storage,North,Lucknow,2,89.88,0.2,143.81,0.3,UPI,2023,Oct,10,Q4,0.21,,
ORD02325,2023-10-29,Meera Joshi,Small Business,Conference Table,Furniture,Tables,South,Chennai,10,405.64,0.2,3245.12,-28.77,Credit Card,2023,Oct,10,Q4,-0.89,,
ORD02558,2023-10-29,Arjun Nair,Corporate,Dell 24-inch Monitor,Technology,Monitors,West,Pune,1,173.14,0.1,155.83,6.92,Debit Card,2023,Oct,10,Q4,4.44,,
ORD02086,2023-10-30,Arjun Nair,Corporate,HP Pavilion 15,Technology,Laptops,North,Amritsar,3,668.69,0.1,1805.47,12.52,Credit Card,2023,Oct,10,Q4,0.69,,
ORD02189,2023-10-30,Sana Kapoor,Corporate,USB-C Hub,Technology,Accessories,East,Patna,4,34.67,0.15,117.87,14.94,Debit Card,2023,Oct,10,Q4,12.67,,
ORD02367,2023-10-30,Vivaan Singh,Consumer,Stapler,Office Supplies,Stationery,North,Jaipur,2,8.99,0.1,16.19,2.28,Net Banking,2023,Oct,10,Q4,14.08,,
ORD03441,2023-10-30,Ishita Gupta,Consumer,HP Pavilion 15,Technology,Laptops,East,Bhubaneswar,6,685.17,0.0,4111.03,455.44,UPI,2023,Oct,10,Q4,11.08,,
ORD03936,2023-10-30,Tara Menon,Consumer,Bookshelf,Furniture,Storage,East,Ranchi,1,116.3,0.05,110.49,15.83,Credit Card,2023,Oct,10,Q4,14.33,,
ORD04011,2023-10-30,Meera Joshi,Consumer,Samsung Galaxy A54,Technology,Phones,North,Jaipur,3,305.57,0.1,825.05,73.98,Credit Card,2023,Oct,10,Q4,8.97,,
ORD04246,2023-10-30,Ishita Gupta,Corporate,A4 Copy Paper,Office Supplies,Paper,West,Ahmedabad,2,5.77,0.0,11.54,2.62,Net Banking,2023,Oct,10,Q4,22.7,,
ORD00941,2023-10-31,Rahul Verma,Consumer,Desk Organizer,Office Supplies,Storage,South,Coimbatore,1,14.37,0.0,14.37,3.05,Net Banking,2023,Oct,10,Q4,21.22,,
ORD01246,2023-10-31,Kabir Shah,Consumer,Logitech Wireless Mouse,Technology,Accessories,East,Bhubaneswar,2,26.19,0.2,41.9,3.87,Debit Card,2023,Oct,10,Q4,9.24,,
ORD01600,2023-10-31,Diya Sharma,Consumer,Ring Binder,Office Supplies,Binders,North,Lucknow,4,7.11,0.05,27.0,6.45,Net Banking,2023,Oct,10,Q4,23.89,,
ORD01608,2023-10-31,Tara Menon,Corporate,Study Desk,Furniture,Tables,East,Ranchi,2,168.43,0.1,303.17,14.51,Net Banking,2023,Oct,10,Q4,4.79,,
ORD02117,2023-10-31,Aisha Khan,Small Business,Mechanical Keyboard,Technology,Accessories,South,Bengaluru,5,70.78,0.1,318.52,53.41,Credit Card,2023,Oct,10,Q4,16.77,,
ORD02162,2023-10-31,Tara Menon,Consumer,Lenovo IdeaPad 3,Technology,Laptops,North,Amritsar,1,522.97,0.25,392.23,-9.31,UPI,2023,Oct,10,Q4,-2.37,,
ORD04048,2023-10-31,Tara Menon,Corporate,Study Desk,Furniture,Tables,North,Amritsar,2,179.53,0.2,287.25,5.46,Debit Card,2023,Oct,10,Q4,1.9,,
ORD04630,2023-10-31,Rahul Verma,Corporate,Study Desk,Furniture,Tables,West,Nagpur,5,190.07,0.0,950.35,95.3,Credit Card,2023,Oct,10,Q4,10.03,,
ORD00103,2023-11-01,Aditya Rao,Consumer,Notebook Pack,Office Supplies,Stationery,South,Kochi,1,11.44,0.0,11.44,2.35,Debit Card,2023,Nov,11,Q4,20.54,,
ORD01651,2023-11-01,Dev Agarwal,Corporate,Ring Binder,Office Supplies,Binders,North,Amritsar,1,7.23,0.1,6.51,1.55,UPI,2023,Nov,11,Q4,23.81,,
ORD02062,2023-11-01,Kunal Bansal,Consumer,Notebook Pack,Office Supplies,Stationery,North,Delhi,1,12.75,0.25,9.56,1.37,Credit Card,2023,Nov,11,Q4,14.33,,
ORD00146,2023-11-02,Sana Kapoor,Consumer,Logitech Wireless Mouse,Technology,Accessories,South,Coimbatore,5,28.55,0.15,121.33,7.92,Net Banking,2023,Nov,11,Q4,6.53,,
ORD00309,2023-11-02,Aditya Rao,Consumer,Mechanical Keyboard,Technology,Accessories,North,Lucknow,1,67.52,0.1,60.77,5.07,Net Banking,2023,Nov,11,Q4,8.34,,
ORD03027,2023-11-02,Kabir Shah,Corporate,HP Laser Printer,Technology,Printers,West,Nagpur,4,209.37,0.0,837.49,72.01,Net Banking,2023,Nov,11,Q4,8.6,,
ORD03080,2023-11-02,Meera Joshi,Corporate,Ergonomic Office Chair,Furniture,Chairs,North,Jaipur,2,151.43,0.15,257.42,13.15,Debit Card,2023,Nov,11,Q4,5.11,,
ORD04723,2023-11-02,Vivaan Singh,Corporate,USB-C Hub,Technology,Accessories,North,Chandigarh,10,36.13,0.25,270.98,21.33,UPI,2023,Nov,11,Q4,7.87,,
ORD01584,2023-11-03,Sana Kapoor,Consumer,Stapler,Office Supplies,Stationery,West,Mumbai,4,8.88,0.05,33.73,8.35,Credit Card,2023,Nov,11,Q4,24.76,,
ORD03390,2023-11-03,Aarav Mehta,Corporate,Dell 24-inch Monitor,Technology,Monitors,North,Jaipur,3,163.46,0.0,490.37,55.54,UPI,2023,Nov,11,Q4,11.33,,
ORD04116,2023-11-03,Kunal Bansal,Corporate,Logitech Wireless Mouse,Technology,Accessories,East,Bhubaneswar,4,27.05,0.1,97.39,12.82,Credit Card,2023,Nov,11,Q4,13.16,,
ORD01877,2023-11-04,Rohan Patel,Corporate,Desk Organizer,Office Supplies,Storage,West,Surat,4,13.59,0.05,51.63,11.45,Credit Card,2023,Nov,11,Q4,22.18,,
ORD04894,2023-11-04,Dev Agarwal,Consumer,Conference Table,Furniture,Tables,North,Delhi,1,398.99,0.0,398.99,35.22,Net Banking,2023,Nov,11,Q4,8.83,,
ORD00372,2023-11-05,Meera Joshi,Corporate,Desk Organizer,Office Supplies,Storage,South,Kochi,3,13.46,0.05,38.35,7.84,Debit Card,2023,Nov,11,Q4,20.44,,
ORD00445,2023-11-05,Diya Sharma,Consumer,Study Desk,Furniture,Tables,East,Kolkata,2,173.22,0.2,277.16,-9.74,Net Banking,2023,Nov,11,Q4,-3.51,,
ORD01119,2023-11-05,Neel Malhotra,Consumer,Bookshelf,Furniture,Storage,East,Guwahati,4,117.35,0.2,375.52,24.26,Credit Card,2023,Nov,11,Q4,6.46,,
ORD01215,2023-11-05,Tara Menon,Corporate,Stapler,Office Supplies,Stationery,North,Jaipur,2,8.74,0.15,14.85,2.85,Net Banking,2023,Nov,11,Q4,19.19,,
ORD01329,2023-11-05,Maya Thomas,Consumer,Lenovo IdeaPad 3,Technology,Laptops,South,Bengaluru,3,540.32,0.25,1215.72,9.79,Net Banking,2023,Nov,11,Q4,0.81,,
ORD02166,2023-11-05,Meera Joshi,Corporate,Mechanical Keyboard,Technology,Accessories,West,Ahmedabad,5,75.73,0.1,340.81,35.31,UPI,2023,Nov,11,Q4,10.36,,
ORD02838,2023-11-05,Sana Kapoor,Consumer,USB-C Hub,Technology,Accessories,North,Delhi,4,36.84,0.25,110.52,9.96,Credit Card,2023,Nov,11,Q4,9.01,,
ORD03060,2023-11-05,Aditya Rao,Consumer,A4 Copy Paper,Office Supplies,Paper,West,Ahmedabad,4,5.92,0.0,23.68,5.14,Debit Card,2023,Nov,11,Q4,21.71,,
ORD03119,2023-11-05,Kiara Desai,Consumer,Ball Pen Set,Office Supplies,Stationery,West,Mumbai,2,8.54,0.05,16.23,3.77,Net Banking,2023,Nov,11,Q4,23.23,,
ORD03827,2023-11-05,Tara Menon,Consumer,Ring Binder,Office Supplies,Binders,East,Guwahati,1,7.25,0.3,5.07,0.36,Credit Card,2023,Nov,11,Q4,7.1,,
ORD02615,2023-11-06,Vivaan Singh,Corporate,Stapler,Office Supplies,Stationery,South,Bengaluru,2,8.93,0.05,16.96,3.43,UPI,2023,Nov,11,Q4,20.22,,
ORD03253,2023-11-06,Arjun Nair,Consumer,Samsung Galaxy A54,Technology,Phones,South,Coimbatore,2,318.31,0.0,636.62,34.06,Net Banking,2023,Nov,11,Q4,5.35,,
ORD04495,2023-11-06,Neel Malhotra,Small Business,Apple iPhone 13,Technology,Phones,West,Mumbai,2,679.4,0.25,1019.1,-77.98,Net Banking,2023,Nov,11,Q4,-7.65,,
ORD04634,2023-11-06,Rohan Patel,Consumer,Stapler,Office Supplies,Stationery,South,Coimbatore,1,8.84,0.2,7.07,0.94,Credit Card,2023,Nov,11,Q4,13.3,,
ORD04863,2023-11-06,Kabir Shah,Consumer,Stapler,Office Supplies,Stationery,South,Coimbatore,1,8.5,0.0,8.5,2.0,Net Banking,2023,Nov,11,Q4,23.53,,
ORD00108,2023-11-07,Ishita Gupta,Consumer,HP Laser Printer,Technology,Printers,South,Kochi,3,218.15,0.2,523.56,-14.89,Credit Card,2023,Nov,11,Q4,-2.84,,
ORD01516,2023-11-07,Meera Joshi,Consumer,Dell 24-inch Monitor,Technology,Monitors,South,Chennai,6,181.43,0.15,925.3,39.15,UPI,2023,Nov,11,Q4,4.23,,
ORD01550,2023-11-07,Riya Kulkarni,Corporate,Stapler,Office Supplies,Stationery,East,Kolkata,3,8.85,0.0,26.55,7.55,Debit Card,2023,Nov,11,Q4,28.44,,
ORD02735,2023-11-07,Arjun Nair,Corporate,Ball Pen Set,Office Supplies,Stationery,East,Ranchi,1,8.05,0.15,6.84,1.25,UPI,2023,Nov,11,Q4,18.27,,
ORD03120,2023-11-07,Rohan Patel,Corporate,Study Desk,Furniture,Tables,North,Lucknow,6,189.02,0.05,1077.41,123.26,UPI,2023,Nov,11,Q4,11.44,,
ORD04631,2023-11-07,Maya Thomas,Consumer,Stapler,Office Supplies,Stationery,East,Patna,2,9.03,0.0,18.05,4.15,UPI,2023,Nov,11,Q4,22.99,,
ORD04645,2023-11-07,Riya Kulkarni,Consumer,Ergonomic Office Chair,Furniture,Chairs,North,Delhi,2,148.47,0.2,237.55,12.22,Credit Card,2023,Nov,11,Q4,5.14,,
ORD04766,2023-11-07,Dev Agarwal,Corporate,Ergonomic Office Chair,Furniture,Chairs,South,Chennai,3,151.85,0.05,432.77,47.59,Credit Card,2023,Nov,11,Q4,11.0,,
ORD00820,2023-11-08,Ishita Gupta,Consumer,Lenovo IdeaPad 3,Technology,Laptops,South,Kochi,6,500.59,0.1,2703.18,285.24,UPI,2023,Nov,11,Q4,10.55,,
ORD01530,2023-11-08,Rohan Patel,Small Business,Dell 24-inch Monitor,Technology,Monitors,East,Patna,1,178.06,0.15,151.35,5.98,UPI,2023,Nov,11,Q4,3.95,,
ORD01652,2023-11-08,Vivaan Singh,Consumer,Ergonomic Office Chair,Furniture,Chairs,West,Pune,5,147.0,0.1,661.51,55.66,Credit Card,2023,Nov,11,Q4,8.41,,
ORD02121,2023-11-08,Aarav Mehta,Corporate,Ring Binder,Office Supplies,Binders,South,Hyderabad,2,6.58,0.0,13.16,3.4,Debit Card,2023,Nov,11,Q4,25.84,,
ORD02459,2023-11-08,Ananya Iyer,Consumer,Filing Cabinet,Furniture,Storage,East,Bhubaneswar,6,97.85,0.05,557.74,43.34,UPI,2023,Nov,11,Q4,7.77,,
ORD03800,2023-11-08,Rahul Verma,Consumer,Ball Pen Set,Office Supplies,Stationery,North,Jaipur,5,7.47,0.0,37.35,10.25,UPI,2023,Nov,11,Q4,27.44,,
ORD03964,2023-11-08,Sana Kapoor,Small Business,Dell 24-inch Monitor,Technology,Monitors,North,Chandigarh,2,183.54,0.2,293.66,4.74,UPI,2023,Nov,11,Q4,1.61,,
ORD04404,2023-11-08,Dev Agarwal,Small Business,Ergonomic Office Chair,Furniture,Chairs,South,Kochi,3,143.82,0.25,323.6,-1.72,Debit Card,2023,Nov,11,Q4,-0.53,,
ORD04670,2023-11-08,Vivaan Singh,Corporate,Conference Table,Furniture,Tables,West,Surat,1,430.59,0.25,322.94,-1.64,Net Banking,2023,Nov,11,Q4,-0.51,,
ORD00661,2023-11-09,Rahul Verma,Consumer,Filing Cabinet,Furniture,Storage,South,Hyderabad,4,89.2,0.05,338.95,54.69,UPI,2023,Nov,11,Q4,16.14,,
ORD01053,2023-11-09,Riya Kulkarni,Consumer,Logitech Wireless Mouse,Technology,Accessories,East,Guwahati,2,27.73,0.0,55.46,9.48,Cash,2023,Nov,11,Q4,17.09,,
ORD01898,2023-11-09,Tara Menon,Small Business,Samsung Galaxy A54,Technology,Phones,North,Jaipur,1,312.47,0.15,265.6,5.38,Credit Card,2023,Nov,11,Q4,2.03,,
ORD02877,2023-11-09,Riya Kulkarni,Corporate,Conference Table,Furniture,Tables,South,Coimbatore,3,440.09,0.15,1122.22,37.69,Net Banking,2023,Nov,11,Q4,3.36,,
ORD03221,2023-11-09,Kunal Bansal,Consumer,Notebook Pack,Office Supplies,Stationery,South,Hyderabad,5,11.78,0.2,47.12,6.86,Debit Card,2023,Nov,11,Q4,14.56,,
ORD03332,2023-11-09,Riya Kulkarni,Consumer,Logitech Wireless Mouse,Technology,Accessories,West,Surat,1,29.64,0.25,22.23,0.57,Credit Card,2023,Nov,11,Q4,2.56,,
ORD04082,2023-11-09,Meera Joshi,Corporate,Apple iPhone 13,Technology,Phones,South,Coimbatore,5,694.72,0.25,2605.2,-30.5,Net Banking,2023,Nov,11,Q4,-1.17,,
ORD04546,2023-11-09,Kiara Desai,Corporate,Ergonomic Office Chair,Furniture,Chairs,East,Kolkata,1,140.05,0.0,140.05,16.45,Cash,2023,Nov,11,Q4,11.75,,
ORD04563,2023-11-09,Maya Thomas,Consumer,Conference Table,Furniture,Tables,East,Bhubaneswar,2,413.81,0.0,827.63,66.55,Credit Card,2023,Nov,11,Q4,8.04,,
ORD04793,2023-11-09,Riya Kulkarni,Consumer,Ergonomic Office Chair,Furniture,Chairs,East,Ranchi,2,154.54,0.2,247.26,-1.25,UPI,2023,Nov,11,Q4,-0.51,,
ORD04822,2023-11-09,Aditya Rao,Consumer,HP Pavilion 15,Technology,Laptops,South,Kochi,3,674.2,0.15,1719.2,-11.73,Net Banking,2023,Nov,11,Q4,-0.68,,
ORD04843,2023-11-09,Ishita Gupta,Consumer,Lenovo IdeaPad 3,Technology,Laptops,West,Mumbai,2,553.77,0.1,996.79,90.1,Debit Card,2023,Nov,11,Q4,9.04,,
ORD01606,2023-11-10,Sana Kapoor,Corporate,Filing Cabinet,Furniture,Storage,South,Chennai,2,99.08,0.1,178.34,15.83,Credit Card,2023,Nov,11,Q4,8.88,,
ORD02158,2023-11-10,Kabir Shah,Small Business,Stapler,Office Supplies,Stationery,South,Kochi,3,8.86,0.1,23.93,5.66,UPI,2023,Nov,11,Q4,23.65,,
ORD03283,2023-11-10,Ishita Gupta,Corporate,HP Laser Printer,Technology,Printers,East,Bhubaneswar,3,209.52,0.2,502.84,18.27,Net Banking,2023,Nov,11,Q4,3.63,,
ORD04779,2023-11-10,Kiara Desai,Corporate,Filing Cabinet,Furniture,Storage,East,Bhubaneswar,1,95.66,0.25,71.75,0.26,Cash,2023,Nov,11,Q4,0.36,,
ORD04923,2023-11-10,Tara Menon,Consumer,Ergonomic Office Chair,Furniture,Chairs,East,Guwahati,2,139.32,0.15,236.84,12.57,Debit Card,2023,Nov,11,Q4,5.31,,
ORD02505,2023-11-11,Rahul Verma,Corporate,HP Laser Printer,Technology,Printers,East,Kolkata,2,217.57,0.1,391.63,32.6,Credit Card,2023,Nov,11,Q4,8.32,,
ORD03641,2023-11-11,Rohan Patel,Corporate,Mechanical Keyboard,Technology,Accessories,West,Nagpur,2,70.03,0.2,112.04,1.87,Cash,2023,Nov,11,Q4,1.67,,
ORD00475,2023-11-12,Aarav Mehta,Consumer,Desk Organizer,Office Supplies,Storage,North,Chandigarh,1,13.74,0.0,13.74,3.65,UPI,2023,Nov,11,Q4,26.56,,
ORD00596,2023-11-12,Aditya Rao,Corporate,Ergonomic Office Chair,Furniture,Chairs,North,Lucknow,6,151.09,0.05,861.23,82.85,Credit Card,2023,Nov,11,Q4,9.62,,
ORD00897,2023-11-12,Rahul Verma,Consumer,Logitech Wireless Mouse,Technology,Accessories,West,Mumbai,1,28.1,0.2,22.48,0.8,UPI,2023,Nov,11,Q4,3.56,,
ORD02982,2023-11-12,Diya Sharma,Consumer,Stapler,Office Supplies,Stationery,North,Jaipur,1,9.44,0.1,8.49,1.52,UPI,2023,Nov,11,Q4,17.9,,
ORD03510,2023-11-12,Meera Joshi,Consumer,Apple iPhone 13,Technology,Phones,South,Hyderabad,4,682.73,0.0,2730.94,201.46,Credit Card,2023,Nov,11,Q4,7.38,,
ORD03622,2023-11-12,Aarav Mehta,Consumer,HP Pavilion 15,Technology,Laptops,South,Chennai,2,703.55,0.25,1055.33,-35.81,UPI,2023,Nov,11,Q4,-3.39,,
ORD03679,2023-11-12,Diya Sharma,Consumer,Notebook Pack,Office Supplies,Stationery,East,Guwahati,2,12.28,0.2,19.65,3.36,Net Banking,2023,Nov,11,Q4,17.1,,
ORD03758,2023-11-12,Tara Menon,Consumer,Bookshelf,Furniture,Storage,South,Kochi,5,106.35,0.0,531.75,97.45,UPI,2023,Nov,11,Q4,18.33,,
ORD03852,2023-11-12,Diya Sharma,Small Business,Filing Cabinet,Furniture,Storage,West,Nagpur,4,92.04,0.0,368.14,50.41,Credit Card,2023,Nov,11,Q4,13.69,,
ORD02017,2023-11-13,Rahul Verma,Small Business,HP Pavilion 15,Technology,Laptops,East,Kolkata,3,641.21,0.0,1923.62,283.4,UPI,2023,Nov,11,Q4,14.73,,
ORD02073,2023-11-13,Ishita Gupta,Corporate,Notebook Pack,Office Supplies,Stationery,West,Mumbai,2,11.76,0.05,22.33,4.64,Debit Card,2023,Nov,11,Q4,20.78,,
ORD02123,2023-11-13,Arjun Nair,Consumer,Ball Pen Set,Office Supplies,Stationery,West,Pune,2,8.17,0.0,16.33,4.54,Credit Card,2023,Nov,11,Q4,27.8,,
ORD03015,2023-11-13,Neel Malhotra,Consumer,Notebook Pack,Office Supplies,Stationery,South,Coimbatore,3,12.18,0.15,31.06,6.83,Net Banking,2023,Nov,11,Q4,21.99,,
ORD04260,2023-11-13,Ishita Gupta,Consumer,Study Desk,Furniture,Tables,North,Amritsar,4,189.84,0.05,721.39,79.79,Credit Card,2023,Nov,11,Q4,11.06,,
ORD04472,2023-11-13,Neel Malhotra,Corporate,Mechanical Keyboard,Technology,Accessories,North,Lucknow,8,72.08,0.05,547.78,101.25,Net Banking,2023,Nov,11,Q4,18.48,,
ORD04860,2023-11-13,Kiara Desai,Consumer,Filing Cabinet,Furniture,Storage,West,Ahmedabad,3,96.82,0.15,246.9,24.23,UPI,2023,Nov,11,Q4,9.81,,
ORD00514,2023-11-14,Diya Sharma,Small Business,Ring Binder,Office Supplies,Binders,East,Guwahati,4,7.07,0.3,19.8,2.43,UPI,2023,Nov,11,Q4,12.27,,
ORD03219,2023-11-14,Rahul Verma,Consumer,Stapler,Office Supplies,Stationery,North,Lucknow,1,8.54,0.0,8.54,2.08,UPI,2023,Nov,11,Q4,24.36,,
ORD03818,2023-11-14,Rahul Verma,Corporate,Study Desk,Furniture,Tables,North,Delhi,8,177.79,0.15,1208.97,62.85,UPI,2023,Nov,11,Q4,5.2,,
ORD04162,2023-11-14,Neel Malhotra,Consumer,Mechanical Keyboard,Technology,Accessories,South,Coimbatore,4,68.06,0.1,245.01,31.46,Debit Card,2023,Nov,11,Q4,12.84,,
ORD04195,2023-11-14,Aisha Khan,Consumer,HP Pavilion 15,Technology,Laptops,West,Nagpur,2,646.43,0.25,969.65,-15.65,Credit Card,2023,Nov,11,Q4,-1.61,,
ORD04486,2023-11-14,Kabir Shah,Corporate,USB-C Hub,Technology,Accessories,North,Chandigarh,2,36.68,0.1,66.03,10.49,Debit Card,2023,Nov,11,Q4,15.89,,
ORD04892,2023-11-14,Tara Menon,Consumer,Dell 24-inch Monitor,Technology,Monitors,South,Kochi,3,164.84,0.15,420.34,26.74,UPI,2023,Nov,11,Q4,6.36,,
ORD00076,2023-11-15,Meera Joshi,Consumer,USB-C Hub,Technology,Accessories,West,Mumbai,4,34.39,0.2,110.05,5.66,Credit Card,2023,Nov,11,Q4,5.14,,
ORD00157,2023-11-15,Riya Kulkarni,Consumer,Apple iPhone 13,Technology,Phones,South,Chennai,8,647.22,0.1,4660.01,-9.9,UPI,2023,Nov,11,Q4,-0.21,,
ORD01000,2023-11-15,Kiara Desai,Consumer,Desk Organizer,Office Supplies,Storage,South,Coimbatore,3,14.08,0.2,33.79,3.76,UPI,2023,Nov,11,Q4,11.13,,
ORD04067,2023-11-15,Meera Joshi,Small Business,Stapler,Office Supplies,Stationery,South,Coimbatore,5,8.69,0.25,32.6,3.66,Credit Card,2023,Nov,11,Q4,11.23,,
ORD04674,2023-11-15,Sana Kapoor,Corporate,Mechanical Keyboard,Technology,Accessories,North,Chandigarh,5,76.38,0.0,381.9,73.52,Credit Card,2023,Nov,11,Q4,19.25,,
ORD02817,2023-11-16,Rohan Patel,Small Business,Bookshelf,Furniture,Storage,North,Lucknow,4,111.19,0.2,355.8,12.58,UPI,2023,Nov,11,Q4,3.54,,
ORD03840,2023-11-16,Sana Kapoor,Consumer,Ring Binder,Office Supplies,Binders,West,Pune,4,6.93,0.05,26.32,5.73,Credit Card,2023,Nov,11,Q4,21.77,,
ORD00407,2023-11-17,Vivaan Singh,Consumer,Filing Cabinet,Furniture,Storage,West,Surat,6,97.11,0.15,495.24,9.24,Credit Card,2023,Nov,11,Q4,1.87,,
ORD00705,2023-11-17,Vivaan Singh,Corporate,Lenovo IdeaPad 3,Technology,Laptops,South,Kochi,6,486.58,0.2,2335.61,25.47,UPI,2023,Nov,11,Q4,1.09,,
ORD01055,2023-11-17,Aarav Mehta,Consumer,Conference Table,Furniture,Tables,East,Kolkata,5,433.27,0.05,2058.02,148.61,Credit Card,2023,Nov,11,Q4,7.22,,
ORD01710,2023-11-17,Diya Sharma,Consumer,Desk Organizer,Office Supplies,Storage,West,Mumbai,2,13.81,0.05,26.25,5.78,UPI,2023,Nov,11,Q4,22.02,,
ORD02945,2023-11-17,Vivaan Singh,Small Business,HP Laser Printer,Technology,Printers,East,Ranchi,5,200.66,0.05,953.15,67.82,Credit Card,2023,Nov,11,Q4,7.12,,
ORD02968,2023-11-17,Ananya Iyer,Consumer,HP Pavilion 15,Technology,Laptops,East,Guwahati,8,685.41,0.2,4386.65,28.01,UPI,2023,Nov,11,Q4,0.64,,
ORD03850,2023-11-17,Tara Menon,Consumer,Dell 24-inch Monitor,Technology,Monitors,East,Kolkata,4,168.5,0.1,606.6,31.62,Credit Card,2023,Nov,11,Q4,5.21,,
ORD04263,2023-11-17,Sana Kapoor,Small Business,Bookshelf,Furniture,Storage,North,Delhi,2,102.4,0.15,174.08,15.51,Net Banking,2023,Nov,11,Q4,8.91,,
ORD04371,2023-11-17,Diya Sharma,Consumer,Study Desk,Furniture,Tables,West,Surat,5,168.22,0.2,672.89,8.85,UPI,2023,Nov,11,Q4,1.32,,
ORD04550,2023-11-17,Aarav Mehta,Consumer,Lenovo IdeaPad 3,Technology,Laptops,South,Hyderabad,4,520.56,0.15,1769.89,158.97,Net Banking,2023,Nov,11,Q4,8.98,,
ORD00267,2023-11-18,Ishita Gupta,Small Business,Stapler,Office Supplies,Stationery,North,Jaipur,2,9.52,0.15,16.18,1.87,UPI,2023,Nov,11,Q4,11.56,,
ORD00691,2023-11-18,Meera Joshi,Consumer,HP Pavilion 15,Technology,Laptops,West,Pune,1,705.45,0.25,529.09,-0.61,Credit Card,2023,Nov,11,Q4,-0.12,,
ORD01353,2023-11-18,Arjun Nair,Small Business,Conference Table,Furniture,Tables,South,Coimbatore,1,442.44,0.1,398.19,13.52,Credit Card,2023,Nov,11,Q4,3.4,,
ORD01997,2023-11-18,Kabir Shah,Consumer,Stapler,Office Supplies,Stationery,North,Lucknow,2,9.36,0.05,17.78,3.43,Net Banking,2023,Nov,11,Q4,19.29,,
ORD02041,2023-11-18,Ananya Iyer,Corporate,A4 Copy Paper,Office Supplies,Paper,South,Chennai,3,6.11,0.15,15.59,2.18,Debit Card,2023,Nov,11,Q4,13.98,,
ORD02555,2023-11-18,Riya Kulkarni,Consumer,HP Pavilion 15,Technology,Laptops,South,Bengaluru,1,671.05,0.1,603.94,40.85,Debit Card,2023,Nov,11,Q4,6.76,,
ORD03238,2023-11-18,Maya Thomas,Consumer,Filing Cabinet,Furniture,Storage,South,Hyderabad,1,100.88,0.1,90.79,5.59,Debit Card,2023,Nov,11,Q4,6.16,,
ORD01406,2023-11-19,Neel Malhotra,Consumer,Conference Table,Furniture,Tables,West,Pune,2,429.74,0.05,816.51,47.89,UPI,2023,Nov,11,Q4,5.87,,
ORD02685,2023-11-19,Maya Thomas,Consumer,Notebook Pack,Office Supplies,Stationery,South,Hyderabad,1,11.83,0.0,11.83,2.69,Debit Card,2023,Nov,11,Q4,22.74,,
ORD04687,2023-11-19,Riya Kulkarni,Small Business,Conference Table,Furniture,Tables,West,Pune,2,404.18,0.2,646.68,-7.15,UPI,2023,Nov,11,Q4,-1.11,,
ORD04744,2023-11-19,Vivaan Singh,Small Business,Bookshelf,Furniture,Storage,West,Mumbai,1,113.12,0.1,101.81,12.02,UPI,2023,Nov,11,Q4,11.81,,
ORD00225,2023-11-20,Kabir Shah,Corporate,Ring Binder,Office Supplies,Binders,East,Guwahati,2,7.1,0.2,11.36,1.48,Net Banking,2023,Nov,11,Q4,13.03,,
ORD01858,2023-11-20,Vivaan Singh,Corporate,Desk Organizer,Office Supplies,Storage,North,Lucknow,3,14.36,0.1,38.78,7.06,UPI,2023,Nov,11,Q4,18.21,,
ORD02012,2023-11-20,Riya Kulkarni,Consumer,A4 Copy Paper,Office Supplies,Paper,South,Chennai,2,5.58,0.05,10.6,1.64,Debit Card,2023,Nov,11,Q4,15.47,,
ORD02316,2023-11-20,Kunal Bansal,Corporate,Filing Cabinet,Furniture,Storage,North,Lucknow,3,98.59,0.05,280.97,28.83,Credit Card,2023,Nov,11,Q4,10.26,,
ORD03381,2023-11-20,Meera Joshi,Small Business,Study Desk,Furniture,Tables,West,Ahmedabad,2,184.6,0.15,313.81,10.6,UPI,2023,Nov,11,Q4,3.38,,
ORD03601,2023-11-20,Aarav Mehta,Consumer,Ring Binder,Office Supplies,Binders,South,Bengaluru,4,7.06,0.15,24.02,4.45,Net Banking,2023,Nov,11,Q4,18.53,,
ORD04616,2023-11-20,Diya Sharma,Consumer,Stapler,Office Supplies,Stationery,East,Patna,1,9.14,0.05,8.68,1.97,Credit Card,2023,Nov,11,Q4,22.7,,
ORD04930,2023-11-20,Arjun Nair,Consumer,Lenovo IdeaPad 3,Technology,Laptops,North,Lucknow,1,512.66,0.0,512.66,74.98,Debit Card,2023,Nov,11,Q4,14.63,,
ORD00048,2023-11-21,Meera Joshi,Consumer,Ball Pen Set,Office Supplies,Stationery,North,Lucknow,1,8.26,0.15,7.02,1.12,UPI,2023,Nov,11,Q4,15.95,,
ORD00330,2023-11-21,Kunal Bansal,Corporate,Desk Organizer,Office Supplies,Storage,North,Lucknow,2,13.46,0.1,24.22,4.74,UPI,2023,Nov,11,Q4,19.57,,
ORD00615,2023-11-21,Aditya Rao,Consumer,Conference Table,Furniture,Tables,West,Ahmedabad,2,436.55,0.05,829.44,78.78,UPI,2023,Nov,11,Q4,9.5,,
ORD01684,2023-11-21,Aarav Mehta,Corporate,HP Pavilion 15,Technology,Laptops,North,Lucknow,4,713.17,0.15,2424.78,139.64,UPI,2023,Nov,11,Q4,5.76,,
ORD02344,2023-11-21,Arjun Nair,Consumer,Notebook Pack,Office Supplies,Stationery,West,Pune,3,12.02,0.15,30.64,6.4,Debit Card,2023,Nov,11,Q4,20.89,,
ORD02629,2023-11-21,Kunal Bansal,Small Business,Study Desk,Furniture,Tables,East,Bhubaneswar,2,191.11,0.05,363.11,34.1,Credit Card,2023,Nov,11,Q4,9.39,,
ORD02821,2023-11-21,Meera Joshi,Consumer,Lenovo IdeaPad 3,Technology,Laptops,East,Bhubaneswar,2,542.6,0.2,868.16,17.24,UPI,2023,Nov,11,Q4,1.99,,
ORD03190,2023-11-21,Dev Agarwal,Corporate,Ball Pen Set,Office Supplies,Stationery,East,Bhubaneswar,5,8.36,0.0,41.78,12.05,Debit Card,2023,Nov,11,Q4,28.84,,
ORD03464,2023-11-21,Arjun Nair,Corporate,Dell 24-inch Monitor,Technology,Monitors,West,Mumbai,1,186.79,0.25,140.09,1.48,Cash,2023,Nov,11,Q4,1.06,,
ORD04489,2023-11-21,Arjun Nair,Corporate,HP Pavilion 15,Technology,Laptops,East,Patna,5,667.27,0.05,3169.51,141.07,Net Banking,2023,Nov,11,Q4,4.45,,
ORD04902,2023-11-21,Rahul Verma,Small Business,Lenovo IdeaPad 3,Technology,Laptops,East,Kolkata,4,538.53,0.1,1938.69,93.17,Debit Card,2023,Nov,11,Q4,4.81,,
ORD01093,2023-11-22,Dev Agarwal,Small Business,Study Desk,Furniture,Tables,West,Mumbai,4,180.75,0.15,614.56,17.26,UPI,2023,Nov,11,Q4,2.81,,
ORD01199,2023-11-22,Arjun Nair,Consumer,Notebook Pack,Office Supplies,Stationery,North,Jaipur,3,12.0,0.15,30.6,5.3,Debit Card,2023,Nov,11,Q4,17.32,,
ORD01647,2023-11-22,Vivaan Singh,Consumer,Ergonomic Office Chair,Furniture,Chairs,West,Surat,2,143.94,0.2,230.31,2.17,UPI,2023,Nov,11,Q4,0.94,,
ORD04279,2023-11-22,Dev Agarwal,Consumer,Notebook Pack,Office Supplies,Stationery,North,Chandigarh,3,12.11,0.05,34.51,9.0,Credit Card,2023,Nov,11,Q4,26.08,,
ORD01798,2023-11-23,Diya Sharma,Corporate,Lenovo IdeaPad 3,Technology,Laptops,East,Guwahati,1,501.92,0.1,451.73,45.08,Credit Card,2023,Nov,11,Q4,9.98,,
ORD03835,2023-11-23,Arjun Nair,Consumer,Conference Table,Furniture,Tables,South,Chennai,8,390.95,0.15,2658.48,62.07,Net Banking,2023,Nov,11,Q4,2.33,,
ORD00171,2023-11-24,Ishita Gupta,Corporate,Samsung Galaxy A54,Technology,Phones,West,Surat,2,319.59,0.05,607.22,45.59,Credit Card,2023,Nov,11,Q4,7.51,,
ORD01521,2023-11-24,Aisha Khan,Small Business,Mechanical Keyboard,Technology,Accessories,South,Hyderabad,1,73.23,0.2,58.58,2.87,Net Banking,2023,Nov,11,Q4,4.9,,
ORD02645,2023-11-24,Rahul Verma,Consumer,Samsung Galaxy A54,Technology,Phones,South,Coimbatore,1,324.62,0.1,292.16,12.97,Debit Card,2023,Nov,11,Q4,4.44,,
ORD03315,2023-11-24,Kiara Desai,Consumer,Conference Table,Furniture,Tables,West,Nagpur,1,398.38,0.0,398.38,39.31,Net Banking,2023,Nov,11,Q4,9.87,,
ORD00557,2023-11-25,Aisha Khan,Consumer,Notebook Pack,Office Supplies,Stationery,North,Jaipur,1,12.27,0.15,10.43,1.77,Debit Card,2023,Nov,11,Q4,16.97,,
ORD02290,2023-11-25,Arjun Nair,Consumer,Ball Pen Set,Office Supplies,Stationery,North,Amritsar,5,8.29,0.25,31.08,6.08,Credit Card,2023,Nov,11,Q4,19.56,,
ORD03011,2023-11-25,Aisha Khan,Small Business,Notebook Pack,Office Supplies,Stationery,South,Kochi,4,11.31,0.05,42.99,8.6,UPI,2023,Nov,11,Q4,20.0,,
ORD03339,2023-11-25,Aisha Khan,Corporate,Ball Pen Set,Office Supplies,Stationery,West,Mumbai,3,8.39,0.15,21.41,4.56,Credit Card,2023,Nov,11,Q4,21.3,,
ORD03555,2023-11-25,Ananya Iyer,Consumer,Lenovo IdeaPad 3,Technology,Laptops,North,Lucknow,2,540.96,0.05,1027.83,88.47,UPI,2023,Nov,11,Q4,8.61,,
ORD03590,2023-11-25,Aisha Khan,Corporate,Filing Cabinet,Furniture,Storage,South,Bengaluru,6,92.2,0.1,497.87,44.61,UPI,2023,Nov,11,Q4,8.96,,
ORD04057,2023-11-25,Vivaan Singh,Consumer,HP Laser Printer,Technology,Printers,East,Bhubaneswar,3,223.57,0.0,670.72,47.18,UPI,2023,Nov,11,Q4,7.03,,
ORD00077,2023-11-26,Maya Thomas,Small Business,USB-C Hub,Technology,Accessories,East,Kolkata,2,34.32,0.15,58.34,7.84,Net Banking,2023,Nov,11,Q4,13.44,,
ORD02550,2023-11-26,Sana Kapoor,Corporate,USB-C Hub,Technology,Accessories,West,Surat,5,32.82,0.3,114.87,1.03,UPI,2023,Nov,11,Q4,0.9,,
ORD04867,2023-11-26,Maya Thomas,Small Business,Filing Cabinet,Furniture,Storage,East,Patna,4,88.82,0.05,337.53,40.05,Credit Card,2023,Nov,11,Q4,11.87,,
ORD00823,2023-11-27,Diya Sharma,Consumer,Desk Organizer,Office Supplies,Storage,East,Kolkata,1,13.48,0.05,12.81,2.49,Cash,2023,Nov,11,Q4,19.44,,
ORD00910,2023-11-27,Riya Kulkarni,Consumer,Logitech Wireless Mouse,Technology,Accessories,North,Lucknow,2,27.37,0.1,49.27,6.94,Credit Card,2023,Nov,11,Q4,14.09,,
ORD01796,2023-11-27,Meera Joshi,Consumer,Logitech Wireless Mouse,Technology,Accessories,South,Hyderabad,8,29.53,0.1,212.58,36.99,UPI,2023,Nov,11,Q4,17.4,,
ORD04101,2023-11-27,Vivaan Singh,Consumer,HP Laser Printer,Technology,Printers,North,Jaipur,10,221.24,0.1,1991.17,151.97,Net Banking,2023,Nov,11,Q4,7.63,,
ORD04174,2023-11-27,Meera Joshi,Corporate,USB-C Hub,Technology,Accessories,North,Delhi,5,36.28,0.25,136.03,1.58,UPI,2023,Nov,11,Q4,1.16,,
ORD00398,2023-11-28,Arjun Nair,Consumer,Study Desk,Furniture,Tables,North,Amritsar,1,191.93,0.1,172.74,18.82,Credit Card,2023,Nov,11,Q4,10.89,,
ORD00669,2023-11-28,Aarav Mehta,Small Business,Bookshelf,Furniture,Storage,North,Jaipur,1,104.01,0.2,83.21,4.82,Net Banking,2023,Nov,11,Q4,5.79,,
ORD00931,2023-11-28,Meera Joshi,Corporate,Desk Organizer,Office Supplies,Storage,North,Lucknow,1,14.1,0.15,11.99,1.95,Cash,2023,Nov,11,Q4,16.26,,
ORD01589,2023-11-28,Aditya Rao,Corporate,Stapler,Office Supplies,Stationery,East,Kolkata,2,9.22,0.15,15.68,2.82,Net Banking,2023,Nov,11,Q4,17.98,,
ORD02595,2023-11-28,Ananya Iyer,Corporate,Desk Organizer,Office Supplies,Storage,South,Kochi,4,13.67,0.2,43.75,5.38,UPI,2023,Nov,11,Q4,12.3,,
ORD03673,2023-11-28,Arjun Nair,Consumer,Mechanical Keyboard,Technology,Accessories,West,Nagpur,1,75.62,0.2,60.5,4.02,UPI,2023,Nov,11,Q4,6.64,,
ORD03950,2023-11-28,Diya Sharma,Consumer,Stapler,Office Supplies,Stationery,South,Bengaluru,3,9.29,0.1,25.08,4.63,Debit Card,2023,Nov,11,Q4,18.46,,
ORD00319,2023-11-29,Neel Malhotra,Consumer,HP Pavilion 15,Technology,Laptops,South,Bengaluru,2,673.8,0.15,1145.45,45.12,UPI,2023,Nov,11,Q4,3.94,,
ORD02241,2023-11-29,Maya Thomas,Consumer,Mechanical Keyboard,Technology,Accessories,South,Hyderabad,4,69.1,0.15,234.92,33.94,UPI,2023,Nov,11,Q4,14.45,,
ORD02408,2023-11-29,Dev Agarwal,Consumer,Filing Cabinet,Furniture,Storage,North,Lucknow,3,91.11,0.05,259.66,20.86,UPI,2023,Nov,11,Q4,8.03,,
ORD03651,2023-11-29,Ishita Gupta,Corporate,USB-C Hub,Technology,Accessories,South,Coimbatore,1,36.57,0.15,31.08,2.81,Debit Card,2023,Nov,11,Q4,9.04,,
ORD04439,2023-11-29,Kabir Shah,Small Business,Notebook Pack,Office Supplies,Stationery,West,Surat,1,11.77,0.15,10.01,1.61,Debit Card,2023,Nov,11,Q4,16.08,,
ORD04706,2023-11-29,Aisha Khan,Consumer,Conference Table,Furniture,Tables,East,Patna,4,442.16,0.25,1326.47,-65.35,Credit Card,2023,Nov,11,Q4,-4.93,,
ORD04518,2023-11-30,Maya Thomas,Consumer,USB-C Hub,Technology,Accessories,North,Lucknow,1,37.24,0.0,37.24,7.31,Net Banking,2023,Nov,11,Q4,19.63,,
ORD00658,2023-12-01,Riya Kulkarni,Consumer,Conference Table,Furniture,Tables,North,Chandigarh,4,442.02,0.2,1414.46,-28.88,UPI,2023,Dec,12,Q4,-2.04,,
ORD00700,2023-12-01,Dev Agarwal,Consumer,Ergonomic Office Chair,Furniture,Chairs,East,Kolkata,3,154.9,0.1,418.23,43.18,Cash,2023,Dec,12,Q4,10.32,,
ORD02295,2023-12-01,Arjun Nair,Corporate,Study Desk,Furniture,Tables,East,Ranchi,3,182.4,0.0,547.2,59.75,Debit Card,2023,Dec,12,Q4,10.92,,
ORD02732,2023-12-01,Maya Thomas,Consumer,Ergonomic Office Chair,Furniture,Chairs,West,Mumbai,1,148.36,0.0,148.36,22.22,Net Banking,2023,Dec,12,Q4,14.98,,
ORD03415,2023-12-01,Aarav Mehta,Consumer,Logitech Wireless Mouse,Technology,Accessories,East,Ranchi,1,26.08,0.05,24.78,3.67,UPI,2023,Dec,12,Q4,14.81,,
ORD03697,2023-12-01,Dev Agarwal,Consumer,USB-C Hub,Technology,Accessories,West,Ahmedabad,1,37.3,0.15,31.71,4.25,Debit Card,2023,Dec,12,Q4,13.4,,
ORD04832,2023-12-01,Ishita Gupta,Corporate,A4 Copy Paper,Office Supplies,Paper,West,Surat,1,6.2,0.15,5.27,0.84,Debit Card,2023,Dec,12,Q4,15.94,,
ORD01922,2023-12-02,Neel Malhotra,Consumer,HP Pavilion 15,Technology,Laptops,East,Patna,5,661.91,0.0,3309.55,396.38,UPI,2023,Dec,12,Q4,11.98,,
ORD03244,2023-12-02,Aarav Mehta,Corporate,Conference Table,Furniture,Tables,South,Chennai,5,430.98,0.1,1939.4,148.9,UPI,2023,Dec,12,Q4,7.68,,
ORD04516,2023-12-02,Meera Joshi,Consumer,Notebook Pack,Office Supplies,Stationery,West,Ahmedabad,2,11.96,0.2,19.14,2.98,UPI,2023,Dec,12,Q4,15.57,,
ORD00095,2023-12-03,Meera Joshi,Corporate,Ball Pen Set,Office Supplies,Stationery,West,Surat,3,8.23,0.2,19.75,3.08,Credit Card,2023,Dec,12,Q4,15.59,,
ORD00221,2023-12-03,Maya Thomas,Consumer,Lenovo IdeaPad 3,Technology,Laptops,North,Chandigarh,3,507.5,0.0,1522.49,213.2,Debit Card,2023,Dec,12,Q4,14.0,,
ORD00401,2023-12-03,Rahul Verma,Consumer,USB-C Hub,Technology,Accessories,East,Ranchi,4,35.0,0.15,119.0,13.53,Net Banking,2023,Dec,12,Q4,11.37,,
ORD00464,2023-12-03,Diya Sharma,Consumer,Apple iPhone 13,Technology,Phones,West,Nagpur,4,618.87,0.1,2227.93,79.77,UPI,2023,Dec,12,Q4,3.58,,
ORD01388,2023-12-03,Aditya Rao,Consumer,Lenovo IdeaPad 3,Technology,Laptops,South,Coimbatore,2,547.15,0.1,984.86,60.92,UPI,2023,Dec,12,Q4,6.19,,
ORD01715,2023-12-03,Aarav Mehta,Corporate,HP Laser Printer,Technology,Printers,West,Surat,4,198.28,0.2,634.48,6.9,Cash,2023,Dec,12,Q4,1.09,,
ORD02079,2023-12-03,Diya Sharma,Consumer,Apple iPhone 13,Technology,Phones,East,Patna,3,689.66,0.05,1965.54,206.25,Net Banking,2023,Dec,12,Q4,10.49,,
ORD03111,2023-12-03,Aarav Mehta,Consumer,Conference Table,Furniture,Tables,North,Chandigarh,2,421.52,0.1,758.74,14.87,Net Banking,2023,Dec,12,Q4,1.96,,
ORD03468,2023-12-03,Tara Menon,Consumer,Stapler,Office Supplies,Stationery,South,Chennai,6,8.7,0.1,46.96,7.5,UPI,2023,Dec,12,Q4,15.97,,
ORD04440,2023-12-03,Diya Sharma,Consumer,Notebook Pack,Office Supplies,Stationery,North,Lucknow,2,11.21,0.05,21.29,4.56,UPI,2023,Dec,12,Q4,21.42,,
ORD04846,2023-12-03,Kiara Desai,Corporate,Ergonomic Office Chair,Furniture,Chairs,North,Amritsar,2,153.0,0.2,244.79,-2.53,Debit Card,2023,Dec,12,Q4,-1.03,,
ORD00738,2023-12-04,Arjun Nair,Small Business,Ergonomic Office Chair,Furniture,Chairs,South,Coimbatore,1,145.03,0.15,123.28,3.17,UPI,2023,Dec,12,Q4,2.57,,
ORD01026,2023-12-04,Aditya Rao,Small Business,Filing Cabinet,Furniture,Storage,West,Nagpur,3,97.83,0.15,249.48,11.3,Net Banking,2023,Dec,12,Q4,4.53,,
ORD01553,2023-12-04,Dev Agarwal,Corporate,Desk Organizer,Office Supplies,Storage,South,Bengaluru,1,13.93,0.1,12.54,1.99,Credit Card,2023,Dec,12,Q4,15.87,,
ORD00068,2023-12-05,Aditya Rao,Corporate,HP Pavilion 15,Technology,Laptops,North,Lucknow,5,644.6,0.05,3061.85,341.53,Net Banking,2023,Dec,12,Q4,11.15,,
ORD01354,2023-12-05,Riya Kulkarni,Consumer,Lenovo IdeaPad 3,Technology,Laptops,South,Hyderabad,6,505.93,0.1,2732.02,114.44,Credit Card,2023,Dec,12,Q4,4.19,,
ORD01871,2023-12-05,Tara Menon,Consumer,USB-C Hub,Technology,Accessories,East,Guwahati,1,36.97,0.05,35.12,5.78,Net Banking,2023,Dec,12,Q4,16.46,,
ORD03141,2023-12-05,Kunal Bansal,Consumer,Ball Pen Set,Office Supplies,Stationery,North,Jaipur,1,8.01,0.15,6.81,1.56,Debit Card,2023,Dec,12,Q4,22.91,,
ORD03540,2023-12-05,Diya Sharma,Small Business,Ring Binder,Office Supplies,Binders,West,Mumbai,1,7.41,0.05,7.04,1.99,Net Banking,2023,Dec,12,Q4,28.27,,
ORD04387,2023-12-05,Rahul Verma,Small Business,HP Laser Printer,Technology,Printers,South,Coimbatore,2,222.8,0.2,356.47,-1.98,UPI,2023,Dec,12,Q4,-0.56,,
ORD04571,2023-12-05,Aisha Khan,Corporate,Bookshelf,Furniture,Storage,East,Ranchi,1,105.29,0.1,94.76,9.96,Cash,2023,Dec,12,Q4,10.51,,
ORD04612,2023-12-05,Ishita Gupta,Consumer,Ring Binder,Office Supplies,Binders,West,Surat,5,6.68,0.15,28.4,5.64,Credit Card,2023,Dec,12,Q4,19.86,,
ORD00476,2023-12-06,Maya Thomas,Corporate,Mechanical Keyboard,Technology,Accessories,South,Hyderabad,2,72.82,0.0,145.64,21.21,Net Banking,2023,Dec,12,Q4,14.56,,
ORD00919,2023-12-06,Maya Thomas,Corporate,A4 Copy Paper,Office Supplies,Paper,North,Chandigarh,3,6.28,0.15,16.03,2.77,UPI,2023,Dec,12,Q4,17.28,,
ORD03916,2023-12-06,Arjun Nair,Consumer,Stapler,Office Supplies,Stationery,North,Amritsar,1,8.87,0.15,7.54,1.14,UPI,2023,Dec,12,Q4,15.12,,
ORD04421,2023-12-06,Kunal Bansal,Corporate,Samsung Galaxy A54,Technology,Phones,West,Surat,1,311.25,0.1,280.12,8.68,Credit Card,2023,Dec,12,Q4,3.1,,
ORD00113,2023-12-07,Diya Sharma,Consumer,Logitech Wireless Mouse,Technology,Accessories,South,Kochi,1,27.25,0.15,23.16,2.34,UPI,2023,Dec,12,Q4,10.1,,
ORD01671,2023-12-07,Aarav Mehta,Consumer,USB-C Hub,Technology,Accessories,North,Delhi,3,33.08,0.2,79.4,6.02,Credit Card,2023,Dec,12,Q4,7.58,,
ORD02373,2023-12-07,Riya Kulkarni,Consumer,Notebook Pack,Office Supplies,Stationery,East,Ranchi,1,12.0,0.25,9.0,0.8,Net Banking,2023,Dec,12,Q4,8.89,,
ORD04104,2023-12-07,Maya Thomas,Consumer,Ball Pen Set,Office Supplies,Stationery,South,Coimbatore,1,8.51,0.25,6.39,0.77,Debit Card,2023,Dec,12,Q4,12.05,,
ORD03570,2023-12-08,Kiara Desai,Corporate,USB-C Hub,Technology,Accessories,South,Chennai,3,32.89,0.15,83.86,8.36,Net Banking,2023,Dec,12,Q4,9.97,,
ORD03573,2023-12-08,Aarav Mehta,Consumer,Bookshelf,Furniture,Storage,West,Pune,3,104.21,0.0,312.63,40.49,Debit Card,2023,Dec,12,Q4,12.95,,
ORD04672,2023-12-08,Aditya Rao,Consumer,Lenovo IdeaPad 3,Technology,Laptops,South,Bengaluru,2,520.72,0.15,885.22,45.73,UPI,2023,Dec,12,Q4,5.17,,
ORD04985,2023-12-08,Aarav Mehta,Consumer,Bookshelf,Furniture,Storage,South,Bengaluru,4,114.72,0.0,458.86,68.23,Credit Card,2023,Dec,12,Q4,14.87,,
ORD00593,2023-12-09,Aarav Mehta,Consumer,Ergonomic Office Chair,Furniture,Chairs,South,Kochi,2,143.54,0.15,244.03,14.28,UPI,2023,Dec,12,Q4,5.85,,
ORD01531,2023-12-09,Kiara Desai,Corporate,Logitech Wireless Mouse,Technology,Accessories,North,Amritsar,1,26.35,0.05,25.03,4.41,Debit Card,2023,Dec,12,Q4,17.62,,
ORD01792,2023-12-09,Ananya Iyer,Corporate,Logitech Wireless Mouse,Technology,Accessories,South,Bengaluru,1,26.28,0.2,21.02,1.22,UPI,2023,Dec,12,Q4,5.8,,
ORD02145,2023-12-09,Kunal Bansal,Corporate,USB-C Hub,Technology,Accessories,North,Delhi,1,33.73,0.0,33.73,5.87,Net Banking,2023,Dec,12,Q4,17.4,,
ORD02294,2023-12-09,Kunal Bansal,Consumer,Apple iPhone 13,Technology,Phones,East,Guwahati,1,693.43,0.0,693.43,54.56,UPI,2023,Dec,12,Q4,7.87,,
ORD04431,2023-12-09,Kiara Desai,Consumer,Desk Organizer,Office Supplies,Storage,West,Mumbai,1,14.76,0.25,11.07,-0.03,UPI,2023,Dec,12,Q4,-0.27,,
ORD02993,2023-12-10,Kunal Bansal,Corporate,Bookshelf,Furniture,Storage,South,Hyderabad,6,111.58,0.25,502.13,8.37,UPI,2023,Dec,12,Q4,1.67,,
ORD03258,2023-12-10,Kiara Desai,Small Business,Study Desk,Furniture,Tables,South,Hyderabad,4,180.4,0.2,577.29,5.28,Debit Card,2023,Dec,12,Q4,0.91,,
ORD03653,2023-12-10,Riya Kulkarni,Corporate,HP Laser Printer,Technology,Printers,South,Coimbatore,4,208.4,0.05,791.91,58.17,UPI,2023,Dec,12,Q4,7.35,,
ORD03749,2023-12-10,Kiara Desai,Consumer,Dell 24-inch Monitor,Technology,Monitors,West,Pune,4,175.67,0.2,562.13,1.91,Credit Card,2023,Dec,12,Q4,0.34,,
ORD04084,2023-12-10,Vivaan Singh,Consumer,Notebook Pack,Office Supplies,Stationery,North,Delhi,6,12.47,0.1,67.35,11.26,Net Banking,2023,Dec,12,Q4,16.72,,
ORD04781,2023-12-10,Riya Kulkarni,Consumer,Notebook Pack,Office Supplies,Stationery,South,Kochi,2,11.18,0.15,19.0,3.08,Credit Card,2023,Dec,12,Q4,16.21,,
ORD00200,2023-12-11,Arjun Nair,Corporate,Desk Organizer,Office Supplies,Storage,South,Kochi,1,14.11,0.2,11.29,1.68,Cash,2023,Dec,12,Q4,14.88,,
ORD00263,2023-12-11,Maya Thomas,Corporate,HP Laser Printer,Technology,Printers,North,Chandigarh,1,213.11,0.1,191.8,9.71,Credit Card,2023,Dec,12,Q4,5.06,,
ORD01404,2023-12-11,Riya Kulkarni,Corporate,Samsung Galaxy A54,Technology,Phones,East,Bhubaneswar,1,304.3,0.3,213.01,-10.81,Net Banking,2023,Dec,12,Q4,-5.07,,
ORD03469,2023-12-11,Aarav Mehta,Corporate,A4 Copy Paper,Office Supplies,Paper,South,Bengaluru,3,5.87,0.15,14.96,1.79,UPI,2023,Dec,12,Q4,11.97,,
ORD04649,2023-12-11,Kunal Bansal,Consumer,Study Desk,Furniture,Tables,West,Surat,3,174.03,0.1,469.87,47.15,Net Banking,2023,Dec,12,Q4,10.03,,
ORD04983,2023-12-11,Aarav Mehta,Consumer,Conference Table,Furniture,Tables,North,Jaipur,4,446.38,0.3,1249.86,-69.51,Credit Card,2023,Dec,12,Q4,-5.56,,
ORD00530,2023-12-12,Ananya Iyer,Consumer,Logitech Wireless Mouse,Technology,Accessories,West,Surat,4,28.36,0.0,113.43,21.41,Net Banking,2023,Dec,12,Q4,18.88,,
ORD03320,2023-12-12,Arjun Nair,Small Business,HP Laser Printer,Technology,Printers,East,Patna,3,213.58,0.0,640.74,46.41,Credit Card,2023,Dec,12,Q4,7.24,,
ORD03897,2023-12-12,Meera Joshi,Consumer,Notebook Pack,Office Supplies,Stationery,West,Ahmedabad,2,12.12,0.15,20.6,4.72,UPI,2023,Dec,12,Q4,22.91,,
ORD00044,2023-12-13,Kunal Bansal,Corporate,Desk Organizer,Office Supplies,Storage,West,Mumbai,2,14.97,0.0,29.95,6.72,Debit Card,2023,Dec,12,Q4,22.44,,
ORD00731,2023-12-13,Rohan Patel,Consumer,Conference Table,Furniture,Tables,West,Ahmedabad,2,395.11,0.15,671.68,39.06,UPI,2023,Dec,12,Q4,5.82,,
ORD01971,2023-12-13,Maya Thomas,Consumer,Lenovo IdeaPad 3,Technology,Laptops,North,Lucknow,1,492.05,0.2,393.64,21.61,Net Banking,2023,Dec,12,Q4,5.49,,
ORD03160,2023-12-13,Sana Kapoor,Small Business,HP Laser Printer,Technology,Printers,North,Lucknow,2,215.84,0.15,366.92,10.89,Net Banking,2023,Dec,12,Q4,2.97,,
ORD03803,2023-12-13,Arjun Nair,Corporate,Ball Pen Set,Office Supplies,Stationery,South,Coimbatore,8,7.48,0.05,56.86,12.27,Credit Card,2023,Dec,12,Q4,21.58,,
ORD00517,2023-12-14,Rahul Verma,Consumer,Logitech Wireless Mouse,Technology,Accessories,West,Surat,5,28.66,0.2,114.63,9.65,Credit Card,2023,Dec,12,Q4,8.42,,
ORD01549,2023-12-14,Kiara Desai,Consumer,Dell 24-inch Monitor,Technology,Monitors,East,Bhubaneswar,6,163.51,0.0,981.04,117.93,UPI,2023,Dec,12,Q4,12.02,,
ORD03025,2023-12-14,Vivaan Singh,Corporate,A4 Copy Paper,Office Supplies,Paper,East,Patna,2,5.74,0.25,8.61,0.55,Cash,2023,Dec,12,Q4,6.39,,
ORD04037,2023-12-14,Arjun Nair,Consumer,Mechanical Keyboard,Technology,Accessories,East,Guwahati,2,72.57,0.15,123.38,14.02,Credit Card,2023,Dec,12,Q4,11.36,,
ORD04358,2023-12-14,Diya Sharma,Small Business,Ring Binder,Office Supplies,Binders,West,Surat,3,7.15,0.3,15.01,0.8,UPI,2023,Dec,12,Q4,5.33,,
ORD00374,2023-12-15,Kiara Desai,Consumer,Filing Cabinet,Furniture,Storage,West,Pune,3,91.74,0.1,247.69,20.63,UPI,2023,Dec,12,Q4,8.33,,
ORD00507,2023-12-15,Kabir Shah,Consumer,Stapler,Office Supplies,Stationery,West,Pune,2,8.59,0.15,14.6,2.02,Debit Card,2023,Dec,12,Q4,13.84,,
ORD01217,2023-12-15,Vivaan Singh,Small Business,Ring Binder,Office Supplies,Binders,South,Coimbatore,4,7.44,0.1,26.8,5.79,UPI,2023,Dec,12,Q4,21.6,,
ORD01582,2023-12-15,Kiara Desai,Small Business,Stapler,Office Supplies,Stationery,North,Amritsar,1,9.5,0.05,9.02,1.88,UPI,2023,Dec,12,Q4,20.84,,
ORD02137,2023-12-15,Ishita Gupta,Corporate,Logitech Wireless Mouse,Technology,Accessories,East,Bhubaneswar,10,26.52,0.05,251.95,44.06,UPI,2023,Dec,12,Q4,17.49,,
ORD02220,2023-12-15,Kiara Desai,Corporate,Ring Binder,Office Supplies,Binders,South,Chennai,4,7.33,0.25,22.0,2.91,Credit Card,2023,Dec,12,Q4,13.23,,
ORD03365,2023-12-15,Dev Agarwal,Consumer,USB-C Hub,Technology,Accessories,West,Surat,4,34.25,0.1,123.31,17.62,Credit Card,2023,Dec,12,Q4,14.29,,
ORD04023,2023-12-15,Ananya Iyer,Corporate,Mechanical Keyboard,Technology,Accessories,North,Chandigarh,2,69.82,0.0,139.64,28.36,UPI,2023,Dec,12,Q4,20.31,,
ORD04442,2023-12-15,Aisha Khan,Consumer,Bookshelf,Furniture,Storage,East,Bhubaneswar,10,103.08,0.2,824.68,-2.5,UPI,2023,Dec,12,Q4,-0.3,,
ORD00184,2023-12-16,Aisha Khan,Corporate,Desk Organizer,Office Supplies,Storage,North,Delhi,2,14.87,0.0,29.74,7.38,Credit Card,2023,Dec,12,Q4,24.82,,
ORD00494,2023-12-16,Maya Thomas,Corporate,Logitech Wireless Mouse,Technology,Accessories,North,Jaipur,2,26.15,0.1,47.08,7.56,Credit Card,2023,Dec,12,Q4,16.06,,
ORD01895,2023-12-16,Arjun Nair,Consumer,Notebook Pack,Office Supplies,Stationery,South,Bengaluru,6,11.57,0.3,48.58,3.3,UPI,2023,Dec,12,Q4,6.79,,
ORD02764,2023-12-16,Sana Kapoor,Small Business,Conference Table,Furniture,Tables,South,Kochi,3,415.62,0.0,1246.87,109.68,Net Banking,2023,Dec,12,Q4,8.8,,
ORD03086,2023-12-16,Ishita Gupta,Consumer,Logitech Wireless Mouse,Technology,Accessories,North,Delhi,2,28.57,0.25,42.85,2.78,UPI,2023,Dec,12,Q4,6.49,,
ORD03961,2023-12-16,Ananya Iyer,Corporate,Lenovo IdeaPad 3,Technology,Laptops,North,Jaipur,8,553.35,0.05,4205.43,272.1,Debit Card,2023,Dec,12,Q4,6.47,,
ORD04795,2023-12-16,Kunal Bansal,Consumer,Ring Binder,Office Supplies,Binders,North,Jaipur,3,7.04,0.1,19.0,3.65,Net Banking,2023,Dec,12,Q4,19.21,,
ORD00169,2023-12-17,Riya Kulkarni,Small Business,Bookshelf,Furniture,Storage,North,Jaipur,6,108.28,0.15,552.25,35.63,Credit Card,2023,Dec,12,Q4,6.45,,
ORD00484,2023-12-17,Ananya Iyer,Small Business,Conference Table,Furniture,Tables,East,Kolkata,3,440.65,0.15,1123.66,-32.98,Net Banking,2023,Dec,12,Q4,-2.94,,
ORD00802,2023-12-17,Sana Kapoor,Consumer,Conference Table,Furniture,Tables,West,Pune,4,418.24,0.05,1589.31,160.83,UPI,2023,Dec,12,Q4,10.12,,
ORD04532,2023-12-17,Rahul Verma,Corporate,Samsung Galaxy A54,Technology,Phones,North,Lucknow,2,308.18,0.0,616.37,85.44,Credit Card,2023,Dec,12,Q4,13.86,,
ORD04731,2023-12-17,Maya Thomas,Consumer,Mechanical Keyboard,Technology,Accessories,West,Pune,2,75.78,0.2,121.25,9.63,Credit Card,2023,Dec,12,Q4,7.94,,
ORD04973,2023-12-17,Vivaan Singh,Corporate,Filing Cabinet,Furniture,Storage,West,Nagpur,10,93.79,0.25,703.4,-13.24,Net Banking,2023,Dec,12,Q4,-1.88,,
ORD00277,2023-12-18,Riya Kulkarni,Corporate,Mechanical Keyboard,Technology,Accessories,North,Delhi,1,72.76,0.3,50.93,0.31,UPI,2023,Dec,12,Q4,0.61,,
ORD00788,2023-12-18,Rohan Patel,Corporate,Ergonomic Office Chair,Furniture,Chairs,South,Bengaluru,2,136.47,0.1,245.65,23.3,Debit Card,2023,Dec,12,Q4,9.49,,
ORD00793,2023-12-18,Aarav Mehta,Corporate,HP Pavilion 15,Technology,Laptops,South,Coimbatore,1,704.69,0.05,669.45,101.53,Credit Card,2023,Dec,12,Q4,15.17,,
ORD01136,2023-12-18,Neel Malhotra,Corporate,Notebook Pack,Office Supplies,Stationery,East,Patna,2,11.54,0.25,17.31,1.68,Net Banking,2023,Dec,12,Q4,9.71,,
ORD02863,2023-12-18,Rahul Verma,Consumer,A4 Copy Paper,Office Supplies,Paper,East,Guwahati,5,6.02,0.2,24.06,2.02,Net Banking,2023,Dec,12,Q4,8.4,,
ORD03361,2023-12-18,Rahul Verma,Corporate,Bookshelf,Furniture,Storage,South,Bengaluru,1,104.61,0.05,99.38,14.28,UPI,2023,Dec,12,Q4,14.37,,
ORD03655,2023-12-18,Ishita Gupta,Consumer,Notebook Pack,Office Supplies,Stationery,North,Jaipur,6,12.65,0.3,53.11,2.58,Net Banking,2023,Dec,12,Q4,4.86,,
ORD04119,2023-12-18,Kunal Bansal,Consumer,Mechanical Keyboard,Technology,Accessories,South,Hyderabad,1,70.51,0.2,56.41,4.27,Net Banking,2023,Dec,12,Q4,7.57,,
ORD04968,2023-12-18,Meera Joshi,Consumer,A4 Copy Paper,Office Supplies,Paper,South,Chennai,3,5.86,0.0,17.59,3.51,Credit Card,2023,Dec,12,Q4,19.95,,
ORD00878,2023-12-19,Kiara Desai,Consumer,A4 Copy Paper,Office Supplies,Paper,North,Jaipur,4,6.06,0.15,20.6,3.09,Net Banking,2023,Dec,12,Q4,15.0,,
ORD01008,2023-12-19,Tara Menon,Corporate,Notebook Pack,Office Supplies,Stationery,South,Chennai,3,11.23,0.1,30.32,5.44,UPI,2023,Dec,12,Q4,17.94,,
ORD02549,2023-12-19,Diya Sharma,Corporate,Logitech Wireless Mouse,Technology,Accessories,South,Hyderabad,8,27.68,0.05,210.38,37.28,Debit Card,2023,Dec,12,Q4,17.72,,
ORD03302,2023-12-19,Ishita Gupta,Consumer,Conference Table,Furniture,Tables,North,Lucknow,2,403.38,0.2,645.42,-24.22,UPI,2023,Dec,12,Q4,-3.75,,
ORD04787,2023-12-19,Riya Kulkarni,Consumer,HP Pavilion 15,Technology,Laptops,West,Nagpur,2,640.76,0.1,1153.36,70.9,Credit Card,2023,Dec,12,Q4,6.15,,
ORD01065,2023-12-20,Aditya Rao,Consumer,Apple iPhone 13,Technology,Phones,South,Kochi,3,640.44,0.1,1729.19,38.02,Credit Card,2023,Dec,12,Q4,2.2,,
ORD01242,2023-12-20,Ishita Gupta,Consumer,Lenovo IdeaPad 3,Technology,Laptops,North,Jaipur,1,522.4,0.2,417.92,3.82,Credit Card,2023,Dec,12,Q4,0.91,,
ORD01294,2023-12-20,Kunal Bansal,Consumer,HP Laser Printer,Technology,Printers,East,Bhubaneswar,1,202.96,0.05,192.81,27.96,UPI,2023,Dec,12,Q4,14.5,,
ORD01464,2023-12-20,Rahul Verma,Consumer,Notebook Pack,Office Supplies,Stationery,North,Chandigarh,6,12.07,0.0,72.44,18.09,Debit Card,2023,Dec,12,Q4,24.97,,
ORD02238,2023-12-20,Aisha Khan,Consumer,Apple iPhone 13,Technology,Phones,North,Amritsar,3,686.51,0.15,1750.6,26.01,UPI,2023,Dec,12,Q4,1.49,,
ORD02967,2023-12-20,Kiara Desai,Consumer,Apple iPhone 13,Technology,Phones,South,Bengaluru,3,644.39,0.2,1546.55,-13.16,UPI,2023,Dec,12,Q4,-0.85,,
ORD03619,2023-12-20,Vivaan Singh,Corporate,Desk Organizer,Office Supplies,Storage,West,Nagpur,4,14.67,0.25,44.02,4.95,Debit Card,2023,Dec,12,Q4,11.24,,
ORD04382,2023-12-20,Arjun Nair,Small Business,Conference Table,Furniture,Tables,North,Chandigarh,2,410.45,0.05,779.85,56.5,Net Banking,2023,Dec,12,Q4,7.24,,
ORD00975,2023-12-21,Kiara Desai,Consumer,Apple iPhone 13,Technology,Phones,West,Nagpur,1,620.41,0.25,465.31,-29.16,Debit Card,2023,Dec,12,Q4,-6.27,,
ORD01146,2023-12-21,Ananya Iyer,Consumer,Logitech Wireless Mouse,Technology,Accessories,South,Kochi,2,28.82,0.05,54.75,8.02,Net Banking,2023,Dec,12,Q4,14.65,,
ORD01276,2023-12-21,Rahul Verma,Corporate,HP Laser Printer,Technology,Printers,East,Guwahati,4,207.86,0.0,831.45,93.04,Debit Card,2023,Dec,12,Q4,11.19,,
ORD01878,2023-12-21,Riya Kulkarni,Small Business,Bookshelf,Furniture,Storage,East,Kolkata,2,106.92,0.25,160.38,-3.52,UPI,2023,Dec,12,Q4,-2.19,,
ORD02854,2023-12-21,Arjun Nair,Corporate,HP Laser Printer,Technology,Printers,East,Kolkata,1,212.7,0.1,191.43,5.71,Credit Card,2023,Dec,12,Q4,2.98,,
ORD02937,2023-12-21,Kiara Desai,Corporate,Logitech Wireless Mouse,Technology,Accessories,East,Kolkata,1,27.48,0.1,24.73,3.42,UPI,2023,Dec,12,Q4,13.83,,
ORD04111,2023-12-21,Maya Thomas,Corporate,HP Pavilion 15,Technology,Laptops,South,Chennai,5,679.13,0.1,3056.1,255.28,UPI,2023,Dec,12,Q4,8.35,,
ORD04510,2023-12-21,Meera Joshi,Corporate,Study Desk,Furniture,Tables,East,Ranchi,2,184.42,0.0,368.84,38.99,UPI,2023,Dec,12,Q4,10.57,,
ORD04606,2023-12-21,Rahul Verma,Corporate,Dell 24-inch Monitor,Technology,Monitors,West,Mumbai,3,185.97,0.1,502.11,56.31,Credit Card,2023,Dec,12,Q4,11.21,,
ORD00702,2023-12-22,Kabir Shah,Consumer,Study Desk,Furniture,Tables,East,Guwahati,3,178.77,0.05,509.49,61.84,Credit Card,2023,Dec,12,Q4,12.14,,
ORD00752,2023-12-22,Rohan Patel,Consumer,Desk Organizer,Office Supplies,Storage,West,Ahmedabad,10,14.14,0.2,113.14,13.13,Debit Card,2023,Dec,12,Q4,11.61,,
ORD01076,2023-12-22,Tara Menon,Corporate,A4 Copy Paper,Office Supplies,Paper,West,Surat,3,6.28,0.2,15.08,1.62,Credit Card,2023,Dec,12,Q4,10.74,,
ORD02434,2023-12-22,Aditya Rao,Corporate,Stapler,Office Supplies,Stationery,North,Delhi,1,9.14,0.05,8.69,1.69,Net Banking,2023,Dec,12,Q4,19.45,,
ORD03240,2023-12-22,Vivaan Singh,Small Business,Mechanical Keyboard,Technology,Accessories,South,Coimbatore,2,76.56,0.05,145.46,16.39,Debit Card,2023,Dec,12,Q4,11.27,,
ORD03438,2023-12-22,Aditya Rao,Consumer,Apple iPhone 13,Technology,Phones,North,Lucknow,1,622.38,0.15,529.03,22.97,Cash,2023,Dec,12,Q4,4.34,,
ORD03575,2023-12-22,Riya Kulkarni,Consumer,A4 Copy Paper,Office Supplies,Paper,North,Jaipur,2,5.69,0.15,9.67,1.46,Debit Card,2023,Dec,12,Q4,15.1,,
ORD03677,2023-12-22,Arjun Nair,Corporate,Conference Table,Furniture,Tables,East,Kolkata,6,432.23,0.2,2074.68,51.92,UPI,2023,Dec,12,Q4,2.5,,
ORD01263,2023-12-23,Dev Agarwal,Consumer,Study Desk,Furniture,Tables,East,Kolkata,2,191.56,0.2,306.49,3.13,Credit Card,2023,Dec,12,Q4,1.02,,
ORD02055,2023-12-23,Tara Menon,Corporate,Conference Table,Furniture,Tables,South,Chennai,1,428.42,0.3,299.89,-12.98,Debit Card,2023,Dec,12,Q4,-4.33,,
ORD02205,2023-12-23,Meera Joshi,Consumer,Ring Binder,Office Supplies,Binders,West,Ahmedabad,1,7.21,0.05,6.85,1.64,UPI,2023,Dec,12,Q4,23.94,,
ORD03279,2023-12-23,Dev Agarwal,Consumer,Dell 24-inch Monitor,Technology,Monitors,West,Ahmedabad,5,165.73,0.2,662.91,9.56,Cash,2023,Dec,12,Q4,1.44,,
ORD03866,2023-12-23,Ananya Iyer,Consumer,Ring Binder,Office Supplies,Binders,North,Delhi,2,6.89,0.05,13.09,3.03,Net Banking,2023,Dec,12,Q4,23.15,,
ORD03994,2023-12-23,Sana Kapoor,Corporate,Mechanical Keyboard,Technology,Accessories,West,Nagpur,1,67.64,0.0,67.64,11.49,Credit Card,2023,Dec,12,Q4,16.99,,
ORD04096,2023-12-23,Tara Menon,Consumer,Dell 24-inch Monitor,Technology,Monitors,West,Surat,5,167.16,0.2,668.64,15.5,UPI,2023,Dec,12,Q4,2.32,,
ORD04615,2023-12-23,Rahul Verma,Consumer,Ball Pen Set,Office Supplies,Stationery,South,Chennai,1,8.44,0.15,7.17,1.75,Credit Card,2023,Dec,12,Q4,24.41,,
ORD04915,2023-12-23,Ananya Iyer,Corporate,Apple iPhone 13,Technology,Phones,South,Hyderabad,2,626.98,0.2,1003.16,-23.7,Net Banking,2023,Dec,12,Q4,-2.36,,
ORD02306,2023-12-24,Tara Menon,Consumer,Conference Table,Furniture,Tables,East,Patna,2,409.57,0.05,778.18,44.23,UPI,2023,Dec,12,Q4,5.68,,
ORD02947,2023-12-24,Aarav Mehta,Consumer,Mechanical Keyboard,Technology,Accessories,East,Guwahati,6,75.33,0.3,316.4,5.92,Net Banking,2023,Dec,12,Q4,1.87,,
ORD03792,2023-12-24,Kiara Desai,Consumer,Notebook Pack,Office Supplies,Stationery,North,Jaipur,2,12.74,0.05,24.21,6.29,UPI,2023,Dec,12,Q4,25.98,,
ORD00033,2023-12-25,Neel Malhotra,Corporate,Bookshelf,Furniture,Storage,East,Guwahati,2,111.19,0.2,177.91,10.06,Cash,2023,Dec,12,Q4,5.65,,
ORD00694,2023-12-25,Diya Sharma,Corporate,Mechanical Keyboard,Technology,Accessories,North,Chandigarh,3,75.12,0.0,225.36,43.93,Credit Card,2023,Dec,12,Q4,19.49,,
ORD01847,2023-12-25,Vivaan Singh,Corporate,Notebook Pack,Office Supplies,Stationery,West,Mumbai,4,12.81,0.1,46.12,8.78,UPI,2023,Dec,12,Q4,19.04,,
ORD03019,2023-12-25,Dev Agarwal,Consumer,Logitech Wireless Mouse,Technology,Accessories,North,Jaipur,2,28.4,0.0,56.8,11.26,UPI,2023,Dec,12,Q4,19.82,,
ORD04633,2023-12-25,Arjun Nair,Consumer,USB-C Hub,Technology,Accessories,East,Patna,1,34.36,0.15,29.21,3.24,Net Banking,2023,Dec,12,Q4,11.09,,
ORD00316,2023-12-26,Aisha Khan,Corporate,Dell 24-inch Monitor,Technology,Monitors,West,Ahmedabad,5,183.19,0.0,915.96,78.07,Credit Card,2023,Dec,12,Q4,8.52,,
ORD01046,2023-12-26,Aarav Mehta,Consumer,Study Desk,Furniture,Tables,West,Pune,5,192.59,0.0,962.96,116.74,Credit Card,2023,Dec,12,Q4,12.12,,
ORD02372,2023-12-26,Aditya Rao,Small Business,Notebook Pack,Office Supplies,Stationery,North,Delhi,2,11.53,0.05,21.9,6.35,Credit Card,2023,Dec,12,Q4,29.0,,
ORD03762,2023-12-26,Arjun Nair,Consumer,Dell 24-inch Monitor,Technology,Monitors,West,Pune,1,186.79,0.15,158.77,5.7,Net Banking,2023,Dec,12,Q4,3.59,,
ORD04463,2023-12-26,Kunal Bansal,Corporate,HP Pavilion 15,Technology,Laptops,South,Chennai,1,701.29,0.1,631.16,38.2,Credit Card,2023,Dec,12,Q4,6.05,,
ORD00323,2023-12-27,Aarav Mehta,Corporate,Filing Cabinet,Furniture,Storage,South,Hyderabad,5,98.81,0.25,370.55,15.1,UPI,2023,Dec,12,Q4,4.08,,
ORD02128,2023-12-27,Kiara Desai,Consumer,Lenovo IdeaPad 3,Technology,Laptops,West,Ahmedabad,2,543.85,0.1,978.92,-8.5,Debit Card,2023,Dec,12,Q4,-0.87,,
ORD02169,2023-12-27,Rahul Verma,Consumer,HP Laser Printer,Technology,Printers,North,Jaipur,6,199.89,0.05,1139.39,68.99,UPI,2023,Dec,12,Q4,6.05,,
ORD03449,2023-12-27,Kunal Bansal,Consumer,Ring Binder,Office Supplies,Binders,East,Kolkata,4,7.26,0.15,24.68,4.92,UPI,2023,Dec,12,Q4,19.94,,
ORD03592,2023-12-27,Maya Thomas,Corporate,HP Pavilion 15,Technology,Laptops,South,Hyderabad,5,645.35,0.25,2420.05,-6.51,UPI,2023,Dec,12,Q4,-0.27,,
ORD03612,2023-12-27,Sana Kapoor,Corporate,Dell 24-inch Monitor,Technology,Monitors,West,Ahmedabad,2,178.05,0.05,338.29,33.41,Net Banking,2023,Dec,12,Q4,9.88,,
ORD03828,2023-12-27,Rohan Patel,Corporate,Dell 24-inch Monitor,Technology,Monitors,East,Ranchi,4,184.43,0.2,590.19,-4.81,UPI,2023,Dec,12,Q4,-0.81,,
ORD01288,2023-12-28,Aarav Mehta,Consumer,Conference Table,Furniture,Tables,East,Patna,1,395.6,0.15,336.26,4.79,Debit Card,2023,Dec,12,Q4,1.42,,
ORD02807,2023-12-28,Rahul Verma,Corporate,HP Laser Printer,Technology,Printers,South,Chennai,4,197.47,0.1,710.91,50.93,Debit Card,2023,Dec,12,Q4,7.16,,
ORD02884,2023-12-28,Riya Kulkarni,Consumer,Filing Cabinet,Furniture,Storage,East,Ranchi,5,95.02,0.1,427.57,43.6,UPI,2023,Dec,12,Q4,10.2,,
ORD03354,2023-12-28,Meera Joshi,Corporate,Conference Table,Furniture,Tables,North,Chandigarh,3,443.44,0.2,1064.25,-44.13,Credit Card,2023,Dec,12,Q4,-4.15,,
ORD03437,2023-12-28,Aisha Khan,Consumer,Ball Pen Set,Office Supplies,Stationery,East,Kolkata,10,8.27,0.1,74.45,13.02,Net Banking,2023,Dec,12,Q4,17.49,,
ORD00127,2023-12-29,Diya Sharma,Consumer,Lenovo IdeaPad 3,Technology,Laptops,South,Coimbatore,3,488.6,0.1,1319.22,48.76,Credit Card,2023,Dec,12,Q4,3.7,,
ORD00757,2023-12-29,Aisha Khan,Corporate,Desk Organizer,Office Supplies,Storage,South,Coimbatore,2,13.12,0.05,24.93,5.25,UPI,2023,Dec,12,Q4,21.06,,
ORD01325,2023-12-29,Sana Kapoor,Corporate,Bookshelf,Furniture,Storage,South,Hyderabad,1,105.75,0.3,74.02,-1.33,Credit Card,2023,Dec,12,Q4,-1.8,,
ORD01787,2023-12-29,Aarav Mehta,Corporate,Lenovo IdeaPad 3,Technology,Laptops,North,Lucknow,3,556.06,0.1,1501.35,135.56,UPI,2023,Dec,12,Q4,9.03,,
ORD01886,2023-12-29,Kabir Shah,Consumer,Ergonomic Office Chair,Furniture,Chairs,South,Coimbatore,4,152.54,0.05,579.66,54.78,Credit Card,2023,Dec,12,Q4,9.45,,
ORD02409,2023-12-29,Aisha Khan,Consumer,Logitech Wireless Mouse,Technology,Accessories,South,Kochi,2,27.29,0.15,46.4,5.38,Net Banking,2023,Dec,12,Q4,11.59,,
ORD03220,2023-12-29,Neel Malhotra,Consumer,Apple iPhone 13,Technology,Phones,South,Bengaluru,1,673.4,0.15,572.39,-6.6,Debit Card,2023,Dec,12,Q4,-1.15,,
ORD03366,2023-12-29,Tara Menon,Consumer,Ball Pen Set,Office Supplies,Stationery,North,Jaipur,1,8.26,0.15,7.02,1.24,Net Banking,2023,Dec,12,Q4,17.66,,
ORD03545,2023-12-29,Vivaan Singh,Consumer,HP Pavilion 15,Technology,Laptops,West,Surat,10,636.83,0.05,6049.88,466.13,Net Banking,2023,Dec,12,Q4,7.7,,
ORD00147,2023-12-30,Ananya Iyer,Consumer,Lenovo IdeaPad 3,Technology,Laptops,North,Delhi,8,528.46,0.3,2959.4,-136.43,Credit Card,2023,Dec,12,Q4,-4.61,,
ORD03107,2023-12-30,Riya Kulkarni,Consumer,Stapler,Office Supplies,Stationery,South,Kochi,10,9.52,0.1,85.68,14.99,Debit Card,2023,Dec,12,Q4,17.5,,
ORD03123,2023-12-30,Arjun Nair,Consumer,Logitech Wireless Mouse,Technology,Accessories,West,Mumbai,1,26.21,0.2,20.96,0.97,Debit Card,2023,Dec,12,Q4,4.63,,
ORD03156,2023-12-30,Aditya Rao,Consumer,Samsung Galaxy A54,Technology,Phones,West,Pune,2,333.27,0.1,599.88,45.83,UPI,2023,Dec,12,Q4,7.64,,
ORD03707,2023-12-30,Aarav Mehta,Small Business,USB-C Hub,Technology,Accessories,West,Ahmedabad,1,33.06,0.2,26.45,2.6,Cash,2023,Dec,12,Q4,9.83,,
ORD04599,2023-12-30,Vivaan Singh,Consumer,USB-C Hub,Technology,Accessories,South,Bengaluru,4,34.9,0.2,111.67,8.99,Net Banking,2023,Dec,12,Q4,8.05,,
ORD04628,2023-12-30,Arjun Nair,Consumer,Lenovo IdeaPad 3,Technology,Laptops,North,Chandigarh,4,509.78,0.2,1631.31,-17.63,Net Banking,2023,Dec,12,Q4,-1.08,,
ORD01761,2023-12-31,Ishita Gupta,Corporate,Ball Pen Set,Office Supplies,Stationery,South,Chennai,1,7.96,0.05,7.56,2.01,Net Banking,2023,Dec,12,Q4,26.59,,
ORD03122,2023-12-31,Kabir Shah,Consumer,Bookshelf,Furniture,Storage,South,Coimbatore,3,107.74,0.2,258.57,11.28,UPI,2023,Dec,12,Q4,4.36,,
ORD04835,2023-12-31,Kunal Bansal,Consumer,USB-C Hub,Technology,Accessories,North,Amritsar,2,34.14,0.0,68.29,14.98,Cash,2023,Dec,12,Q4,21.94,,
ORD04986,2023-12-31,Aisha Khan,Consumer,Ball Pen Set,Office Supplies,Stationery,South,Hyderabad,2,7.75,0.1,13.95,3.28,Net Banking,2023,Dec,12,Q4,23.51,,
ORD00369,2024-01-01,Arjun Nair,Consumer,HP Pavilion 15,Technology,Laptops,South,Coimbatore,2,636.61,0.15,1082.23,25.9,UPI,2024,Jan,1,Q1,2.39,,
ORD00747,2024-01-01,Riya Kulkarni,Consumer,Samsung Galaxy A54,Technology,Phones,North,Jaipur,3,306.58,0.25,689.8,5.85,Net Banking,2024,Jan,1,Q1,0.85,,
ORD01885,2024-01-01,Sana Kapoor,Consumer,Ergonomic Office Chair,Furniture,Chairs,North,Amritsar,5,136.41,0.2,545.62,14.58,Debit Card,2024,Jan,1,Q1,2.67,,
ORD00515,2024-01-02,Aarav Mehta,Consumer,Lenovo IdeaPad 3,Technology,Laptops,North,Chandigarh,2,519.36,0.1,934.85,82.34,Net Banking,2024,Jan,1,Q1,8.81,,
ORD01080,2024-01-02,Neel Malhotra,Consumer,Bookshelf,Furniture,Storage,East,Patna,6,113.97,0.0,683.8,82.95,UPI,2024,Jan,1,Q1,12.13,,
ORD02587,2024-01-02,Neel Malhotra,Corporate,Bookshelf,Furniture,Storage,North,Lucknow,5,104.01,0.1,468.04,40.29,Debit Card,2024,Jan,1,Q1,8.61,,
ORD02734,2024-01-02,Maya Thomas,Corporate,Mechanical Keyboard,Technology,Accessories,West,Ahmedabad,3,75.36,0.0,226.08,39.14,UPI,2024,Jan,1,Q1,17.31,,
ORD04223,2024-01-02,Ananya Iyer,Small Business,HP Pavilion 15,Technology,Laptops,North,Delhi,2,689.55,0.1,1241.19,64.92,UPI,2024,Jan,1,Q1,5.23,,
ORD04456,2024-01-02,Tara Menon,Corporate,Notebook Pack,Office Supplies,Stationery,West,Pune,10,12.03,0.3,84.18,9.24,Credit Card,2024,Jan,1,Q1,10.98,,
ORD01998,2024-01-03,Kabir Shah,Small Business,Stapler,Office Supplies,Stationery,South,Coimbatore,2,9.5,0.15,16.14,2.77,Credit Card,2024,Jan,1,Q1,17.16,,
ORD01102,2024-01-04,Riya Kulkarni,Consumer,Apple iPhone 13,Technology,Phones,South,Hyderabad,4,664.3,0.05,2524.35,137.51,Debit Card,2024,Jan,1,Q1,5.45,,
ORD02050,2024-01-04,Aisha Khan,Corporate,HP Pavilion 15,Technology,Laptops,West,Ahmedabad,2,718.03,0.1,1292.46,69.26,Net Banking,2024,Jan,1,Q1,5.36,,
ORD01717,2024-01-05,Diya Sharma,Consumer,Notebook Pack,Office Supplies,Stationery,East,Ranchi,2,11.6,0.15,19.73,2.8,UPI,2024,Jan,1,Q1,14.19,,
ORD02956,2024-01-05,Tara Menon,Small Business,Ring Binder,Office Supplies,Binders,West,Mumbai,2,7.29,0.05,13.86,3.37,UPI,2024,Jan,1,Q1,24.31,,
ORD03446,2024-01-05,Diya Sharma,Consumer,Study Desk,Furniture,Tables,North,Chandigarh,1,190.04,0.0,190.04,23.66,Credit Card,2024,Jan,1,Q1,12.45,,
ORD03768,2024-01-05,Neel Malhotra,Small Business,Stapler,Office Supplies,Stationery,South,Kochi,4,8.52,0.25,25.55,2.98,UPI,2024,Jan,1,Q1,11.66,,
ORD04726,2024-01-05,Ishita Gupta,Consumer,Apple iPhone 13,Technology,Phones,West,Mumbai,2,672.82,0.1,1211.08,22.35,Credit Card,2024,Jan,1,Q1,1.85,,
ORD03077,2024-01-06,Kabir Shah,Small Business,Ball Pen Set,Office Supplies,Stationery,South,Chennai,2,7.56,0.0,15.12,3.68,Credit Card,2024,Jan,1,Q1,24.34,,
ORD00571,2024-01-07,Rohan Patel,Consumer,Conference Table,Furniture,Tables,North,Delhi,3,421.09,0.15,1073.78,18.87,UPI,2024,Jan,1,Q1,1.76,,
ORD02470,2024-01-07,Aarav Mehta,Consumer,Study Desk,Furniture,Tables,South,Chennai,4,190.17,0.05,722.63,30.91,Credit Card,2024,Jan,1,Q1,4.28,,
ORD02484,2024-01-07,Vivaan Singh,Consumer,Ball Pen Set,Office Supplies,Stationery,West,Mumbai,5,8.14,0.1,36.63,7.11,UPI,2024,Jan,1,Q1,19.41,,
ORD03265,2024-01-07,Kunal Bansal,Corporate,A4 Copy Paper,Office Supplies,Paper,West,Ahmedabad,2,5.8,0.25,8.7,0.58,Debit Card,2024,Jan,1,Q1,6.67,,
ORD00588,2024-01-08,Vivaan Singh,Small Business,Ergonomic Office Chair,Furniture,Chairs,West,Ahmedabad,1,138.04,0.05,131.14,14.23,UPI,2024,Jan,1,Q1,10.85,,
ORD00891,2024-01-08,Tara Menon,Corporate,USB-C Hub,Technology,Accessories,West,Surat,2,34.85,0.0,69.71,14.05,Net Banking,2024,Jan,1,Q1,20.15,,
ORD00950,2024-01-08,Meera Joshi,Consumer,Ergonomic Office Chair,Furniture,Chairs,East,Patna,4,150.3,0.1,541.07,42.73,UPI,2024,Jan,1,Q1,7.9,,
ORD02127,2024-01-08,Aarav Mehta,Consumer,Dell 24-inch Monitor,Technology,Monitors,West,Surat,4,171.35,0.1,616.85,55.09,UPI,2024,Jan,1,Q1,8.93,,
ORD02231,2024-01-08,Aditya Rao,Consumer,HP Laser Printer,Technology,Printers,South,Chennai,2,202.52,0.25,303.77,-6.46,Credit Card,2024,Jan,1,Q1,-2.13,,
ORD02283,2024-01-08,Kunal Bansal,Small Business,HP Pavilion 15,Technology,Laptops,North,Lucknow,2,641.19,0.0,1282.39,156.93,Credit Card,2024,Jan,1,Q1,12.24,,
ORD01993,2024-01-09,Kunal Bansal,Consumer,Stapler,Office Supplies,Stationery,North,Delhi,3,9.59,0.0,28.78,6.95,Credit Card,2024,Jan,1,Q1,24.15,,
ORD02543,2024-01-09,Aarav Mehta,Corporate,Stapler,Office Supplies,Stationery,North,Chandigarh,4,9.42,0.0,37.68,10.7,Credit Card,2024,Jan,1,Q1,28.4,,
ORD03341,2024-01-09,Meera Joshi,Consumer,Stapler,Office Supplies,Stationery,South,Coimbatore,8,8.77,0.05,66.68,13.41,Debit Card,2024,Jan,1,Q1,20.11,,
ORD03999,2024-01-09,Dev Agarwal,Small Business,Notebook Pack,Office Supplies,Stationery,East,Bhubaneswar,3,12.76,0.25,28.7,2.76,UPI,2024,Jan,1,Q1,9.62,,
ORD04251,2024-01-09,Dev Agarwal,Consumer,Conference Table,Furniture,Tables,East,Patna,1,429.0,0.2,343.2,-10.49,Debit Card,2024,Jan,1,Q1,-3.06,,
ORD04637,2024-01-09,Dev Agarwal,Consumer,Ball Pen Set,Office Supplies,Stationery,West,Mumbai,4,8.23,0.25,24.7,4.15,Credit Card,2024,Jan,1,Q1,16.8,,
ORD04668,2024-01-09,Kiara Desai,Consumer,Desk Organizer,Office Supplies,Storage,North,Delhi,4,14.55,0.05,55.3,10.65,UPI,2024,Jan,1,Q1,19.26,,
ORD04884,2024-01-09,Tara Menon,Consumer,Ring Binder,Office Supplies,Binders,South,Chennai,1,6.92,0.15,5.88,1.07,UPI,2024,Jan,1,Q1,18.2,,
ORD00580,2024-01-10,Riya Kulkarni,Corporate,Apple iPhone 13,Technology,Phones,North,Chandigarh,2,629.32,0.05,1195.71,56.59,Net Banking,2024,Jan,1,Q1,4.73,,
ORD00665,2024-01-11,Vivaan Singh,Consumer,Lenovo IdeaPad 3,Technology,Laptops,South,Kochi,2,534.69,0.0,1069.39,82.4,Debit Card,2024,Jan,1,Q1,7.71,,
ORD00987,2024-01-11,Arjun Nair,Corporate,Samsung Galaxy A54,Technology,Phones,North,Jaipur,3,306.45,0.0,919.36,100.3,UPI,2024,Jan,1,Q1,10.91,,
ORD02109,2024-01-11,Vivaan Singh,Small Business,Ball Pen Set,Office Supplies,Stationery,North,Delhi,6,8.31,0.15,42.4,10.07,UPI,2024,Jan,1,Q1,23.75,,
ORD02680,2024-01-11,Meera Joshi,Corporate,Stapler,Office Supplies,Stationery,East,Guwahati,8,9.3,0.15,63.23,9.28,UPI,2024,Jan,1,Q1,14.68,,
ORD04926,2024-01-11,Aditya Rao,Consumer,Dell 24-inch Monitor,Technology,Monitors,North,Delhi,6,173.78,0.1,938.41,57.42,Debit Card,2024,Jan,1,Q1,6.12,,
ORD00989,2024-01-12,Vivaan Singh,Small Business,Lenovo IdeaPad 3,Technology,Laptops,South,Coimbatore,2,554.46,0.1,998.03,43.19,Cash,2024,Jan,1,Q1,4.33,,
ORD01015,2024-01-12,Aisha Khan,Consumer,HP Pavilion 15,Technology,Laptops,West,Surat,4,676.01,0.0,2704.05,252.95,Credit Card,2024,Jan,1,Q1,9.35,,
ORD01037,2024-01-12,Rohan Patel,Consumer,HP Laser Printer,Technology,Printers,East,Patna,4,219.03,0.2,700.9,-2.05,Credit Card,2024,Jan,1,Q1,-0.29,,
ORD02096,2024-01-12,Tara Menon,Consumer,Conference Table,Furniture,Tables,West,Pune,8,443.76,0.15,3017.55,102.35,Net Banking,2024,Jan,1,Q1,3.39,,
ORD02628,2024-01-12,Diya Sharma,Consumer,Study Desk,Furniture,Tables,South,Kochi,4,172.29,0.2,551.34,13.48,UPI,2024,Jan,1,Q1,2.44,,
ORD03422,2024-01-12,Riya Kulkarni,Small Business,Conference Table,Furniture,Tables,North,Chandigarh,2,403.84,0.1,726.91,14.51,Credit Card,2024,Jan,1,Q1,2.0,,
ORD03937,2024-01-12,Aarav Mehta,Corporate,Notebook Pack,Office Supplies,Stationery,West,Pune,1,11.81,0.1,10.63,1.89,Net Banking,2024,Jan,1,Q1,17.78,,
ORD04703,2024-01-12,Meera Joshi,Consumer,Lenovo IdeaPad 3,Technology,Laptops,West,Nagpur,5,504.12,0.05,2394.57,248.48,UPI,2024,Jan,1,Q1,10.38,,
ORD00686,2024-01-13,Neel Malhotra,Consumer,Ball Pen Set,Office Supplies,Stationery,South,Bengaluru,1,8.31,0.2,6.65,1.14,Net Banking,2024,Jan,1,Q1,17.14,,
ORD03864,2024-01-13,Vivaan Singh,Consumer,Conference Table,Furniture,Tables,North,Chandigarh,10,395.22,0.15,3359.35,100.46,Net Banking,2024,Jan,1,Q1,2.99,,
ORD04733,2024-01-13,Kiara Desai,Small Business,Mechanical Keyboard,Technology,Accessories,North,Lucknow,1,68.63,0.2,54.9,4.64,Debit Card,2024,Jan,1,Q1,8.45,,
ORD01370,2024-01-14,Meera Joshi,Small Business,Dell 24-inch Monitor,Technology,Monitors,East,Guwahati,2,171.47,0.15,291.5,8.81,UPI,2024,Jan,1,Q1,3.02,,
ORD03553,2024-01-14,Diya Sharma,Consumer,Notebook Pack,Office Supplies,Stationery,South,Bengaluru,4,12.69,0.2,40.61,5.77,Net Banking,2024,Jan,1,Q1,14.21,,
ORD03756,2024-01-14,Ishita Gupta,Corporate,Dell 24-inch Monitor,Technology,Monitors,North,Delhi,1,176.77,0.05,167.93,19.13,Net Banking,2024,Jan,1,Q1,11.39,,
ORD04308,2024-01-14,Maya Thomas,Small Business,Notebook Pack,Office Supplies,Stationery,North,Chandigarh,2,11.23,0.15,19.09,2.93,Cash,2024,Jan,1,Q1,15.35,,
ORD01587,2024-01-15,Tara Menon,Consumer,USB-C Hub,Technology,Accessories,East,Kolkata,6,36.8,0.0,220.83,48.05,Net Banking,2024,Jan,1,Q1,21.76,,
ORD02033,2024-01-15,Meera Joshi,Consumer,Lenovo IdeaPad 3,Technology,Laptops,South,Kochi,3,523.18,0.15,1334.12,36.6,UPI,2024,Jan,1,Q1,2.74,,
ORD02250,2024-01-15,Maya Thomas,Consumer,HP Pavilion 15,Technology,Laptops,West,Nagpur,3,715.44,0.05,2039.01,185.12,Cash,2024,Jan,1,Q1,9.08,,
ORD03965,2024-01-15,Diya Sharma,Small Business,A4 Copy Paper,Office Supplies,Paper,South,Coimbatore,5,6.02,0.05,28.6,4.84,Net Banking,2024,Jan,1,Q1,16.92,,
ORD04717,2024-01-15,Ishita Gupta,Corporate,Ergonomic Office Chair,Furniture,Chairs,North,Lucknow,2,137.01,0.3,191.82,-8.66,UPI,2024,Jan,1,Q1,-4.51,,
ORD01295,2024-01-16,Vivaan Singh,Corporate,A4 Copy Paper,Office Supplies,Paper,North,Jaipur,8,5.74,0.1,41.33,6.42,Credit Card,2024,Jan,1,Q1,15.53,,
ORD01779,2024-01-16,Riya Kulkarni,Corporate,Mechanical Keyboard,Technology,Accessories,North,Lucknow,1,70.84,0.15,60.22,3.4,Credit Card,2024,Jan,1,Q1,5.65,,
ORD03247,2024-01-16,Dev Agarwal,Consumer,Notebook Pack,Office Supplies,Stationery,West,Pune,8,12.37,0.05,94.01,23.34,Net Banking,2024,Jan,1,Q1,24.83,,
ORD03362,2024-01-16,Vivaan Singh,Corporate,Study Desk,Furniture,Tables,West,Pune,1,171.07,0.15,145.41,2.47,Debit Card,2024,Jan,1,Q1,1.7,,
ORD03674,2024-01-16,Diya Sharma,Consumer,Conference Table,Furniture,Tables,East,Patna,4,407.81,0.0,1631.22,221.38,Debit Card,2024,Jan,1,Q1,13.57,,
ORD03923,2024-01-16,Kiara Desai,Consumer,Logitech Wireless Mouse,Technology,Accessories,South,Hyderabad,2,27.2,0.3,38.08,0.7,UPI,2024,Jan,1,Q1,1.84,,
ORD00134,2024-01-17,Vivaan Singh,Consumer,Notebook Pack,Office Supplies,Stationery,South,Coimbatore,8,11.47,0.05,87.15,17.29,UPI,2024,Jan,1,Q1,19.84,,
ORD00618,2024-01-17,Dev Agarwal,Consumer,Mechanical Keyboard,Technology,Accessories,South,Kochi,5,67.63,0.3,236.71,-10.6,Credit Card,2024,Jan,1,Q1,-4.48,,
ORD00796,2024-01-17,Arjun Nair,Consumer,Samsung Galaxy A54,Technology,Phones,South,Hyderabad,3,298.74,0.05,851.41,60.9,Credit Card,2024,Jan,1,Q1,7.15,,
ORD04710,2024-01-17,Rahul Verma,Consumer,HP Pavilion 15,Technology,Laptops,North,Delhi,4,643.81,0.2,2060.21,54.11,UPI,2024,Jan,1,Q1,2.63,,
ORD01499,2024-01-18,Kabir Shah,Consumer,Filing Cabinet,Furniture,Storage,East,Bhubaneswar,2,94.9,0.3,132.86,1.41,Net Banking,2024,Jan,1,Q1,1.06,,
ORD04686,2024-01-18,Rahul Verma,Consumer,Logitech Wireless Mouse,Technology,Accessories,South,Kochi,1,27.11,0.1,24.4,1.43,UPI,2024,Jan,1,Q1,5.86,,
ORD00656,2024-01-19,Aditya Rao,Small Business,USB-C Hub,Technology,Accessories,South,Hyderabad,2,35.9,0.1,64.62,11.94,UPI,2024,Jan,1,Q1,18.48,,
ORD01455,2024-01-19,Maya Thomas,Small Business,Samsung Galaxy A54,Technology,Phones,West,Pune,1,339.3,0.05,322.34,18.25,UPI,2024,Jan,1,Q1,5.66,,
ORD01727,2024-01-19,Meera Joshi,Consumer,A4 Copy Paper,Office Supplies,Paper,South,Coimbatore,2,6.06,0.05,11.52,2.26,Debit Card,2024,Jan,1,Q1,19.62,,
ORD03687,2024-01-19,Ishita Gupta,Consumer,Bookshelf,Furniture,Storage,West,Nagpur,3,102.65,0.3,215.56,-6.79,UPI,2024,Jan,1,Q1,-3.15,,
ORD02088,2024-01-20,Sana Kapoor,Small Business,A4 Copy Paper,Office Supplies,Paper,North,Lucknow,2,5.75,0.25,8.63,0.35,Net Banking,2024,Jan,1,Q1,4.06,,
ORD03789,2024-01-20,Rohan Patel,Corporate,A4 Copy Paper,Office Supplies,Paper,West,Surat,5,6.02,0.05,28.6,5.46,Debit Card,2024,Jan,1,Q1,19.09,,
ORD01755,2024-01-21,Aisha Khan,Corporate,Samsung Galaxy A54,Technology,Phones,East,Kolkata,8,326.59,0.05,2482.05,152.42,UPI,2024,Jan,1,Q1,6.14,,
ORD03647,2024-01-21,Riya Kulkarni,Consumer,Ball Pen Set,Office Supplies,Stationery,North,Jaipur,3,7.9,0.3,16.58,2.07,Credit Card,2024,Jan,1,Q1,12.48,,
ORD04304,2024-01-21,Dev Agarwal,Corporate,Bookshelf,Furniture,Storage,East,Kolkata,5,103.4,0.15,439.43,40.61,UPI,2024,Jan,1,Q1,9.24,,
ORD02175,2024-01-23,Ishita Gupta,Consumer,Bookshelf,Furniture,Storage,East,Ranchi,2,114.64,0.2,183.43,2.73,Debit Card,2024,Jan,1,Q1,1.49,,
ORD02610,2024-01-23,Diya Sharma,Small Business,USB-C Hub,Technology,Accessories,South,Hyderabad,4,36.54,0.15,124.23,15.37,UPI,2024,Jan,1,Q1,12.37,,
ORD02784,2024-01-23,Aisha Khan,Consumer,Mechanical Keyboard,Technology,Accessories,North,Lucknow,1,74.71,0.1,67.24,7.0,Credit Card,2024,Jan,1,Q1,10.41,,
ORD03211,2024-01-23,Kiara Desai,Consumer,Logitech Wireless Mouse,Technology,Accessories,South,Chennai,1,26.05,0.0,26.05,4.88,UPI,2024,Jan,1,Q1,18.73,,
ORD03336,2024-01-23,Aditya Rao,Consumer,HP Laser Printer,Technology,Printers,East,Ranchi,8,215.07,0.15,1462.51,42.16,Credit Card,2024,Jan,1,Q1,2.88,,
ORD01703,2024-01-24,Kabir Shah,Corporate,Ball Pen Set,Office Supplies,Stationery,East,Kolkata,2,8.52,0.05,16.19,4.17,Debit Card,2024,Jan,1,Q1,25.76,,
ORD01927,2024-01-24,Rahul Verma,Corporate,Ergonomic Office Chair,Furniture,Chairs,North,Amritsar,4,137.07,0.25,411.22,-20.95,Credit Card,2024,Jan,1,Q1,-5.09,,
ORD02315,2024-01-24,Vivaan Singh,Consumer,HP Laser Printer,Technology,Printers,West,Mumbai,2,216.41,0.15,367.9,13.14,Credit Card,2024,Jan,1,Q1,3.57,,
ORD03291,2024-01-24,Dev Agarwal,Consumer,Logitech Wireless Mouse,Technology,Accessories,West,Mumbai,1,28.17,0.25,21.13,0.89,Net Banking,2024,Jan,1,Q1,4.21,,
ORD01141,2024-01-25,Meera Joshi,Consumer,Apple iPhone 13,Technology,Phones,West,Mumbai,3,690.89,0.0,2072.68,21.4,UPI,2024,Jan,1,Q1,1.03,,
ORD02798,2024-01-25,Aarav Mehta,Consumer,Study Desk,Furniture,Tables,South,Kochi,10,188.97,0.0,1889.74,262.55,Credit Card,2024,Jan,1,Q1,13.89,,
ORD04999,2024-01-25,Rahul Verma,Consumer,Mechanical Keyboard,Technology,Accessories,West,Mumbai,1,70.87,0.15,60.24,4.66,Credit Card,2024,Jan,1,Q1,7.74,,
ORD03153,2024-01-26,Arjun Nair,Corporate,Mechanical Keyboard,Technology,Accessories,North,Chandigarh,1,76.79,0.05,72.95,8.05,Debit Card,2024,Jan,1,Q1,11.03,,
ORD00022,2024-01-27,Sana Kapoor,Small Business,HP Pavilion 15,Technology,Laptops,South,Hyderabad,2,696.55,0.0,1393.11,181.17,UPI,2024,Jan,1,Q1,13.0,,
ORD02087,2024-01-27,Aisha Khan,Consumer,Dell 24-inch Monitor,Technology,Monitors,North,Amritsar,2,163.65,0.05,310.94,40.42,Credit Card,2024,Jan,1,Q1,13.0,,
ORD02221,2024-01-27,Riya Kulkarni,Consumer,USB-C Hub,Technology,Accessories,West,Surat,2,35.94,0.1,64.7,8.74,Credit Card,2024,Jan,1,Q1,13.51,,
ORD02723,2024-01-27,Meera Joshi,Consumer,Ball Pen Set,Office Supplies,Stationery,South,Bengaluru,2,7.86,0.15,13.35,2.73,Debit Card,2024,Jan,1,Q1,20.45,,
ORD02776,2024-01-27,Ananya Iyer,Consumer,Stapler,Office Supplies,Stationery,West,Surat,4,8.94,0.15,30.41,4.42,Credit Card,2024,Jan,1,Q1,14.53,,
ORD03217,2024-01-27,Rahul Verma,Consumer,Lenovo IdeaPad 3,Technology,Laptops,North,Delhi,1,505.8,0.0,505.8,52.55,Debit Card,2024,Jan,1,Q1,10.39,,
ORD03239,2024-01-27,Diya Sharma,Corporate,Logitech Wireless Mouse,Technology,Accessories,North,Lucknow,2,27.0,0.05,51.31,7.92,Credit Card,2024,Jan,1,Q1,15.44,,
ORD04032,2024-01-27,Aisha Khan,Consumer,Desk Organizer,Office Supplies,Storage,West,Surat,3,13.79,0.05,39.31,7.99,Debit Card,2024,Jan,1,Q1,20.33,,
ORD04282,2024-01-28,Ananya Iyer,Corporate,Dell 24-inch Monitor,Technology,Monitors,West,Surat,3,178.11,0.0,534.34,77.53,Net Banking,2024,Jan,1,Q1,14.51,,
ORD04545,2024-01-28,Tara Menon,Corporate,Apple iPhone 13,Technology,Phones,South,Hyderabad,2,661.29,0.05,1256.44,68.21,Credit Card,2024,Jan,1,Q1,5.43,,
ORD04994,2024-01-28,Aisha Khan,Consumer,Logitech Wireless Mouse,Technology,Accessories,North,Delhi,4,28.49,0.15,96.87,7.98,UPI,2024,Jan,1,Q1,8.24,,
ORD03356,2024-01-29,Neel Malhotra,Corporate,Desk Organizer,Office Supplies,Storage,North,Amritsar,2,14.87,0.15,25.27,3.49,UPI,2024,Jan,1,Q1,13.81,,
ORD04212,2024-01-29,Rohan Patel,Consumer,Study Desk,Furniture,Tables,North,Delhi,6,177.05,0.0,1062.29,158.29,Cash,2024,Jan,1,Q1,14.9,,
ORD01245,2024-01-30,Tara Menon,Consumer,Ball Pen Set,Office Supplies,Stationery,South,Hyderabad,1,8.28,0.15,7.04,1.19,UPI,2024,Jan,1,Q1,16.9,,
ORD01527,2024-01-30,Arjun Nair,Small Business,Study Desk,Furniture,Tables,South,Kochi,6,172.42,0.2,827.63,-0.09,Credit Card,2024,Jan,1,Q1,-0.01,,
ORD04002,2024-01-30,Riya Kulkarni,Consumer,HP Pavilion 15,Technology,Laptops,North,Amritsar,3,668.75,0.1,1805.62,164.16,Net Banking,2024,Jan,1,Q1,9.09,,
ORD04496,2024-01-30,Aarav Mehta,Corporate,Logitech Wireless Mouse,Technology,Accessories,East,Bhubaneswar,3,27.51,0.05,78.4,14.02,Credit Card,2024,Jan,1,Q1,17.88,,
ORD01281,2024-02-01,Arjun Nair,Corporate,HP Pavilion 15,Technology,Laptops,North,Amritsar,4,691.23,0.0,2764.93,251.82,Debit Card,2024,Feb,2,Q1,9.11,,
ORD02393,2024-02-01,Ishita Gupta,Corporate,Study Desk,Furniture,Tables,South,Kochi,3,190.12,0.1,513.34,45.56,Credit Card,2024,Feb,2,Q1,8.88,,
ORD04395,2024-02-01,Diya Sharma,Consumer,Logitech Wireless Mouse,Technology,Accessories,North,Amritsar,3,29.16,0.1,78.74,13.9,Net Banking,2024,Feb,2,Q1,17.65,,
ORD01924,2024-02-02,Aarav Mehta,Consumer,Bookshelf,Furniture,Storage,South,Coimbatore,1,117.21,0.1,105.49,9.4,Cash,2024,Feb,2,Q1,8.91,,
ORD03671,2024-02-02,Arjun Nair,Corporate,Study Desk,Furniture,Tables,East,Bhubaneswar,2,173.04,0.1,311.47,21.28,Debit Card,2024,Feb,2,Q1,6.83,,
ORD00499,2024-02-03,Meera Joshi,Corporate,Bookshelf,Furniture,Storage,South,Bengaluru,2,109.55,0.15,186.24,16.13,UPI,2024,Feb,2,Q1,8.66,,
ORD01243,2024-02-03,Meera Joshi,Consumer,Ball Pen Set,Office Supplies,Stationery,North,Lucknow,1,8.21,0.1,7.39,1.73,Debit Card,2024,Feb,2,Q1,23.41,,
ORD01543,2024-02-03,Neel Malhotra,Corporate,HP Laser Printer,Technology,Printers,South,Hyderabad,4,223.87,0.2,716.4,21.49,Cash,2024,Feb,2,Q1,3.0,,
ORD02745,2024-02-03,Arjun Nair,Consumer,HP Pavilion 15,Technology,Laptops,South,Kochi,3,705.61,0.05,2010.97,150.49,Net Banking,2024,Feb,2,Q1,7.48,,
ORD04959,2024-02-03,Sana Kapoor,Consumer,HP Pavilion 15,Technology,Laptops,South,Chennai,1,648.25,0.2,518.6,-11.09,Net Banking,2024,Feb,2,Q1,-2.14,,
ORD00097,2024-02-04,Aisha Khan,Corporate,Mechanical Keyboard,Technology,Accessories,West,Ahmedabad,5,68.71,0.2,274.86,23.16,UPI,2024,Feb,2,Q1,8.43,,
ORD00786,2024-02-04,Ishita Gupta,Consumer,HP Laser Printer,Technology,Printers,North,Chandigarh,3,201.26,0.15,513.21,38.87,UPI,2024,Feb,2,Q1,7.57,,
ORD01425,2024-02-04,Aarav Mehta,Consumer,A4 Copy Paper,Office Supplies,Paper,East,Kolkata,1,5.89,0.15,5.01,1.0,Net Banking,2024,Feb,2,Q1,19.96,,
ORD02091,2024-02-04,Maya Thomas,Consumer,USB-C Hub,Technology,Accessories,West,Surat,1,32.69,0.1,29.42,4.54,Credit Card,2024,Feb,2,Q1,15.43,,
ORD04880,2024-02-06,Dev Agarwal,Consumer,Lenovo IdeaPad 3,Technology,Laptops,East,Patna,3,554.45,0.0,1663.34,218.01,Debit Card,2024,Feb,2,Q1,13.11,,
ORD00373,2024-02-07,Ananya Iyer,Consumer,Bookshelf,Furniture,Storage,North,Amritsar,2,112.93,0.3,158.1,0.65,Net Banking,2024,Feb,2,Q1,0.41,,
ORD04574,2024-02-07,Aarav Mehta,Small Business,Study Desk,Furniture,Tables,East,Ranchi,1,169.16,0.25,126.87,-2.01,Debit Card,2024,Feb,2,Q1,-1.58,,
ORD04753,2024-02-07,Arjun Nair,Consumer,Study Desk,Furniture,Tables,South,Chennai,4,183.62,0.0,734.48,95.39,Credit Card,2024,Feb,2,Q1,12.99,,
ORD04937,2024-02-07,Tara Menon,Small Business,Desk Organizer,Office Supplies,Storage,South,Hyderabad,4,14.61,0.05,55.51,12.92,UPI,2024,Feb,2,Q1,23.28,,
ORD00526,2024-02-08,Diya Sharma,Consumer,Logitech Wireless Mouse,Technology,Accessories,North,Lucknow,2,28.19,0.3,39.46,0.63,Debit Card,2024,Feb,2,Q1,1.6,,
ORD02375,2024-02-08,Kiara Desai,Corporate,Samsung Galaxy A54,Technology,Phones,East,Kolkata,4,300.44,0.25,901.32,-22.07,Net Banking,2024,Feb,2,Q1,-2.45,,
ORD03178,2024-02-08,Aditya Rao,Small Business,Dell 24-inch Monitor,Technology,Monitors,North,Lucknow,3,185.61,0.0,556.84,75.42,UPI,2024,Feb,2,Q1,13.54,,
ORD03444,2024-02-08,Ishita Gupta,Corporate,HP Laser Printer,Technology,Printers,East,Patna,5,209.49,0.15,890.32,60.39,UPI,2024,Feb,2,Q1,6.78,,
ORD00680,2024-02-09,Neel Malhotra,Corporate,USB-C Hub,Technology,Accessories,East,Ranchi,1,33.41,0.0,33.41,6.89,Credit Card,2024,Feb,2,Q1,20.62,,
ORD02929,2024-02-09,Neel Malhotra,Corporate,Ergonomic Office Chair,Furniture,Chairs,West,Ahmedabad,1,145.4,0.1,130.86,12.67,UPI,2024,Feb,2,Q1,9.68,,
ORD03617,2024-02-09,Diya Sharma,Consumer,Samsung Galaxy A54,Technology,Phones,East,Ranchi,6,331.89,0.1,1792.19,-27.12,Credit Card,2024,Feb,2,Q1,-1.51,,
ORD00315,2024-02-10,Vivaan Singh,Small Business,Stapler,Office Supplies,Stationery,South,Coimbatore,2,8.7,0.1,15.67,2.38,Cash,2024,Feb,2,Q1,15.19,,
ORD00569,2024-02-10,Maya Thomas,Consumer,Study Desk,Furniture,Tables,East,Patna,8,172.75,0.15,1174.67,62.25,Credit Card,2024,Feb,2,Q1,5.3,,
ORD01028,2024-02-10,Kabir Shah,Consumer,Apple iPhone 13,Technology,Phones,East,Bhubaneswar,1,646.01,0.1,581.41,18.44,UPI,2024,Feb,2,Q1,3.17,,
ORD02369,2024-02-10,Sana Kapoor,Consumer,USB-C Hub,Technology,Accessories,East,Guwahati,3,36.5,0.1,98.56,15.24,Net Banking,2024,Feb,2,Q1,15.46,,
ORD03335,2024-02-10,Sana Kapoor,Consumer,HP Laser Printer,Technology,Printers,South,Bengaluru,3,203.27,0.1,548.83,42.61,Debit Card,2024,Feb,2,Q1,7.76,,
ORD03853,2024-02-10,Ishita Gupta,Small Business,Mechanical Keyboard,Technology,Accessories,West,Nagpur,5,71.5,0.15,303.85,20.89,Net Banking,2024,Feb,2,Q1,6.88,,
ORD04049,2024-02-10,Rahul Verma,Consumer,Notebook Pack,Office Supplies,Stationery,West,Surat,3,11.66,0.2,27.99,3.32,Net Banking,2024,Feb,2,Q1,11.86,,
ORD04540,2024-02-10,Aisha Khan,Consumer,Ring Binder,Office Supplies,Binders,North,Amritsar,2,6.89,0.3,9.65,1.04,Net Banking,2024,Feb,2,Q1,10.78,,
ORD00314,2024-02-11,Aisha Khan,Small Business,HP Laser Printer,Technology,Printers,North,Lucknow,4,213.9,0.1,770.02,52.32,UPI,2024,Feb,2,Q1,6.79,,
ORD01178,2024-02-12,Kabir Shah,Small Business,Desk Organizer,Office Supplies,Storage,East,Ranchi,5,14.02,0.0,70.11,16.96,UPI,2024,Feb,2,Q1,24.19,,
ORD02239,2024-02-12,Ishita Gupta,Corporate,Study Desk,Furniture,Tables,South,Kochi,4,171.0,0.05,649.81,54.48,Credit Card,2024,Feb,2,Q1,8.38,,
ORD02475,2024-02-12,Neel Malhotra,Consumer,Dell 24-inch Monitor,Technology,Monitors,South,Coimbatore,3,162.98,0.0,488.94,92.96,Net Banking,2024,Feb,2,Q1,19.01,,
ORD02523,2024-02-12,Aarav Mehta,Consumer,HP Pavilion 15,Technology,Laptops,West,Nagpur,2,709.79,0.15,1206.65,28.25,Credit Card,2024,Feb,2,Q1,2.34,,
ORD01554,2024-02-13,Ishita Gupta,Small Business,Stapler,Office Supplies,Stationery,East,Kolkata,2,9.06,0.05,17.21,3.19,UPI,2024,Feb,2,Q1,18.54,,
ORD01974,2024-02-13,Aisha Khan,Consumer,HP Pavilion 15,Technology,Laptops,West,Mumbai,1,695.77,0.25,521.82,-11.7,Credit Card,2024,Feb,2,Q1,-2.24,,
ORD02243,2024-02-13,Aarav Mehta,Consumer,HP Pavilion 15,Technology,Laptops,North,Amritsar,1,721.14,0.05,685.08,86.78,UPI,2024,Feb,2,Q1,12.67,,
ORD01348,2024-02-14,Aditya Rao,Corporate,Filing Cabinet,Furniture,Storage,North,Jaipur,3,91.75,0.0,275.25,45.85,Cash,2024,Feb,2,Q1,16.66,,
ORD02338,2024-02-14,Rohan Patel,Small Business,Stapler,Office Supplies,Stationery,North,Chandigarh,10,8.4,0.1,75.64,16.04,Credit Card,2024,Feb,2,Q1,21.21,,
ORD04081,2024-02-14,Aditya Rao,Consumer,Study Desk,Furniture,Tables,North,Lucknow,6,178.44,0.05,1017.14,101.53,Credit Card,2024,Feb,2,Q1,9.98,,
ORD00011,2024-02-15,Aarav Mehta,Consumer,Apple iPhone 13,Technology,Phones,West,Ahmedabad,2,630.93,0.25,946.4,-46.38,Credit Card,2024,Feb,2,Q1,-4.9,,
ORD00034,2024-02-15,Maya Thomas,Consumer,HP Pavilion 15,Technology,Laptops,South,Coimbatore,2,643.09,0.05,1221.87,106.2,UPI,2024,Feb,2,Q1,8.69,,
ORD00166,2024-02-15,Vivaan Singh,Consumer,Filing Cabinet,Furniture,Storage,East,Kolkata,3,88.59,0.05,252.48,26.71,Cash,2024,Feb,2,Q1,10.58,,
ORD01503,2024-02-15,Rahul Verma,Consumer,Notebook Pack,Office Supplies,Stationery,West,Nagpur,3,11.91,0.05,33.94,6.39,Credit Card,2024,Feb,2,Q1,18.83,,
ORD03871,2024-02-15,Rohan Patel,Consumer,HP Pavilion 15,Technology,Laptops,North,Amritsar,8,695.48,0.15,4729.24,267.43,Credit Card,2024,Feb,2,Q1,5.65,,
ORD04967,2024-02-15,Aarav Mehta,Consumer,Conference Table,Furniture,Tables,North,Amritsar,4,425.55,0.05,1617.1,142.01,UPI,2024,Feb,2,Q1,8.78,,
ORD00932,2024-02-16,Arjun Nair,Consumer,Conference Table,Furniture,Tables,South,Chennai,2,411.06,0.2,657.7,-13.4,Debit Card,2024,Feb,2,Q1,-2.04,,
ORD01627,2024-02-16,Arjun Nair,Consumer,Conference Table,Furniture,Tables,South,Bengaluru,1,422.36,0.2,337.89,-14.23,UPI,2024,Feb,2,Q1,-4.21,,
ORD02839,2024-02-16,Diya Sharma,Small Business,Apple iPhone 13,Technology,Phones,South,Kochi,10,632.54,0.15,5376.57,86.39,UPI,2024,Feb,2,Q1,1.61,,
ORD04411,2024-02-16,Ananya Iyer,Consumer,USB-C Hub,Technology,Accessories,East,Guwahati,2,34.28,0.05,65.14,7.73,UPI,2024,Feb,2,Q1,11.87,,
ORD00522,2024-02-17,Ananya Iyer,Corporate,Bookshelf,Furniture,Storage,South,Hyderabad,3,113.16,0.25,254.62,-2.02,UPI,2024,Feb,2,Q1,-0.79,,
ORD03985,2024-02-17,Kabir Shah,Consumer,Study Desk,Furniture,Tables,North,Chandigarh,3,170.75,0.1,461.02,42.06,Credit Card,2024,Feb,2,Q1,9.12,,
ORD04434,2024-02-17,Aarav Mehta,Consumer,Bookshelf,Furniture,Storage,South,Bengaluru,5,117.13,0.15,497.82,31.17,Debit Card,2024,Feb,2,Q1,6.26,,
ORD00634,2024-02-18,Kabir Shah,Small Business,Dell 24-inch Monitor,Technology,Monitors,West,Ahmedabad,1,184.81,0.1,166.33,16.19,UPI,2024,Feb,2,Q1,9.73,,
ORD01327,2024-02-18,Diya Sharma,Consumer,Ergonomic Office Chair,Furniture,Chairs,East,Ranchi,8,155.1,0.0,1240.77,157.13,Net Banking,2024,Feb,2,Q1,12.66,,
ORD02479,2024-02-18,Neel Malhotra,Consumer,Conference Table,Furniture,Tables,East,Guwahati,4,405.84,0.1,1461.01,99.7,Net Banking,2024,Feb,2,Q1,6.82,,
ORD00187,2024-02-19,Sana Kapoor,Corporate,Mechanical Keyboard,Technology,Accessories,South,Hyderabad,1,75.67,0.3,52.97,0.01,Credit Card,2024,Feb,2,Q1,0.02,,
ORD00249,2024-02-19,Kabir Shah,Consumer,Bookshelf,Furniture,Storage,West,Ahmedabad,3,116.1,0.2,278.65,10.51,Debit Card,2024,Feb,2,Q1,3.77,,
ORD00288,2024-02-19,Aarav Mehta,Consumer,Desk Organizer,Office Supplies,Storage,North,Lucknow,3,13.74,0.15,35.05,4.64,UPI,2024,Feb,2,Q1,13.24,,
ORD02020,2024-02-19,Rahul Verma,Consumer,Ergonomic Office Chair,Furniture,Chairs,South,Hyderabad,1,140.69,0.0,140.69,17.51,Debit Card,2024,Feb,2,Q1,12.45,,
ORD03065,2024-02-19,Aarav Mehta,Consumer,Samsung Galaxy A54,Technology,Phones,South,Bengaluru,3,308.32,0.1,832.45,64.15,UPI,2024,Feb,2,Q1,7.71,,
ORD04704,2024-02-19,Arjun Nair,Consumer,Notebook Pack,Office Supplies,Stationery,West,Mumbai,2,11.43,0.05,21.72,5.38,Credit Card,2024,Feb,2,Q1,24.77,,
ORD01340,2024-02-20,Neel Malhotra,Consumer,HP Laser Printer,Technology,Printers,South,Coimbatore,1,198.97,0.05,189.02,17.44,Debit Card,2024,Feb,2,Q1,9.23,,
ORD03905,2024-02-20,Aditya Rao,Corporate,Filing Cabinet,Furniture,Storage,South,Hyderabad,4,101.22,0.0,404.9,43.65,UPI,2024,Feb,2,Q1,10.78,,
ORD02546,2024-02-21,Tara Menon,Consumer,USB-C Hub,Technology,Accessories,North,Chandigarh,2,37.44,0.15,63.65,8.03,Cash,2024,Feb,2,Q1,12.62,,
ORD04408,2024-02-21,Neel Malhotra,Consumer,Filing Cabinet,Furniture,Storage,North,Chandigarh,1,94.39,0.05,89.67,7.81,Net Banking,2024,Feb,2,Q1,8.71,,
ORD00385,2024-02-22,Riya Kulkarni,Small Business,Ergonomic Office Chair,Furniture,Chairs,East,Kolkata,4,142.39,0.05,541.09,63.81,UPI,2024,Feb,2,Q1,11.79,,
ORD02850,2024-02-22,Maya Thomas,Corporate,Conference Table,Furniture,Tables,North,Delhi,1,407.51,0.2,326.01,1.72,UPI,2024,Feb,2,Q1,0.53,,
ORD03140,2024-02-22,Arjun Nair,Consumer,Ball Pen Set,Office Supplies,Stationery,North,Jaipur,4,8.15,0.25,24.45,3.18,Credit Card,2024,Feb,2,Q1,13.01,,
ORD00874,2024-02-23,Kunal Bansal,Consumer,Apple iPhone 13,Technology,Phones,South,Kochi,3,625.07,0.1,1687.68,95.86,Debit Card,2024,Feb,2,Q1,5.68,,
ORD00886,2024-02-23,Diya Sharma,Consumer,Desk Organizer,Office Supplies,Storage,West,Mumbai,3,14.51,0.1,39.16,6.32,UPI,2024,Feb,2,Q1,16.14,,
ORD01362,2024-02-23,Arjun Nair,Corporate,USB-C Hub,Technology,Accessories,South,Bengaluru,1,34.31,0.15,29.16,4.39,Net Banking,2024,Feb,2,Q1,15.05,,
ORD02332,2024-02-23,Dev Agarwal,Corporate,HP Laser Printer,Technology,Printers,South,Chennai,1,223.14,0.1,200.83,11.74,Net Banking,2024,Feb,2,Q1,5.85,,
ORD02538,2024-02-23,Vivaan Singh,Consumer,HP Pavilion 15,Technology,Laptops,East,Ranchi,2,724.77,0.2,1159.63,11.28,Debit Card,2024,Feb,2,Q1,0.97,,
ORD01460,2024-02-24,Arjun Nair,Consumer,Study Desk,Furniture,Tables,West,Pune,2,191.3,0.0,382.6,38.02,Net Banking,2024,Feb,2,Q1,9.94,,
ORD01614,2024-02-24,Aditya Rao,Consumer,Conference Table,Furniture,Tables,North,Delhi,1,408.26,0.2,326.61,3.96,UPI,2024,Feb,2,Q1,1.21,,
ORD01982,2024-02-24,Dev Agarwal,Small Business,HP Laser Printer,Technology,Printers,East,Guwahati,5,200.78,0.0,1003.9,120.74,UPI,2024,Feb,2,Q1,12.03,,
ORD02028,2024-02-24,Riya Kulkarni,Consumer,Study Desk,Furniture,Tables,North,Jaipur,1,172.43,0.2,137.94,7.37,Credit Card,2024,Feb,2,Q1,5.34,,
ORD03030,2024-02-24,Arjun Nair,Consumer,A4 Copy Paper,Office Supplies,Paper,West,Mumbai,5,6.36,0.0,31.82,5.74,Debit Card,2024,Feb,2,Q1,18.04,,
ORD00859,2024-02-25,Kunal Bansal,Corporate,Notebook Pack,Office Supplies,Stationery,East,Bhubaneswar,2,11.97,0.05,22.75,4.76,Credit Card,2024,Feb,2,Q1,20.92,,
ORD01296,2024-02-25,Dev Agarwal,Corporate,Stapler,Office Supplies,Stationery,South,Bengaluru,4,8.93,0.2,28.58,4.16,Credit Card,2024,Feb,2,Q1,14.56,,
ORD02125,2024-02-25,Aarav Mehta,Consumer,Study Desk,Furniture,Tables,East,Kolkata,5,176.54,0.0,882.71,114.54,UPI,2024,Feb,2,Q1,12.98,,
ORD02253,2024-02-25,Aditya Rao,Small Business,Filing Cabinet,Furniture,Storage,East,Kolkata,2,91.28,0.2,146.04,2.09,UPI,2024,Feb,2,Q1,1.43,,
ORD02905,2024-02-25,Kiara Desai,Corporate,Dell 24-inch Monitor,Technology,Monitors,North,Delhi,3,178.21,0.0,534.64,89.51,UPI,2024,Feb,2,Q1,16.74,,
ORD04039,2024-02-25,Neel Malhotra,Consumer,Notebook Pack,Office Supplies,Stationery,West,Mumbai,3,12.21,0.1,32.95,7.07,Net Banking,2024,Feb,2,Q1,21.46,,
ORD00317,2024-02-26,Ishita Gupta,Consumer,Study Desk,Furniture,Tables,North,Chandigarh,2,173.06,0.1,311.52,5.93,Net Banking,2024,Feb,2,Q1,1.9,,
ORD03041,2024-02-26,Riya Kulkarni,Consumer,Notebook Pack,Office Supplies,Stationery,East,Guwahati,2,12.82,0.0,25.64,6.45,Net Banking,2024,Feb,2,Q1,25.16,,
ORD04426,2024-02-26,Diya Sharma,Consumer,Ergonomic Office Chair,Furniture,Chairs,East,Kolkata,2,137.33,0.15,233.45,1.43,Credit Card,2024,Feb,2,Q1,0.61,,
ORD01272,2024-02-27,Dev Agarwal,Small Business,Filing Cabinet,Furniture,Storage,North,Jaipur,2,90.89,0.05,172.7,11.1,UPI,2024,Feb,2,Q1,6.43,,
ORD02851,2024-02-27,Meera Joshi,Consumer,Ergonomic Office Chair,Furniture,Chairs,West,Mumbai,1,154.5,0.0,154.5,19.54,UPI,2024,Feb,2,Q1,12.65,,
ORD03669,2024-02-27,Diya Sharma,Consumer,Conference Table,Furniture,Tables,East,Bhubaneswar,1,433.59,0.0,433.59,46.77,Credit Card,2024,Feb,2,Q1,10.79,,
ORD00094,2024-02-28,Rahul Verma,Consumer,Ball Pen Set,Office Supplies,Stationery,West,Mumbai,3,8.18,0.25,18.4,2.5,Debit Card,2024,Feb,2,Q1,13.59,,
ORD02692,2024-02-28,Sana Kapoor,Corporate,HP Pavilion 15,Technology,Laptops,East,Kolkata,2,656.59,0.15,1116.2,32.07,Debit Card,2024,Feb,2,Q1,2.87,,
ORD03524,2024-02-28,Maya Thomas,Corporate,USB-C Hub,Technology,Accessories,West,Nagpur,1,37.25,0.1,33.52,6.88,Net Banking,2024,Feb,2,Q1,20.53,,
ORD03690,2024-02-28,Diya Sharma,Consumer,Study Desk,Furniture,Tables,East,Ranchi,6,173.55,0.25,780.98,-26.32,UPI,2024,Feb,2,Q1,-3.37,,
ORD04447,2024-02-28,Vivaan Singh,Small Business,Logitech Wireless Mouse,Technology,Accessories,South,Kochi,1,26.73,0.1,24.06,3.51,Credit Card,2024,Feb,2,Q1,14.59,,
ORD01712,2024-03-01,Riya Kulkarni,Consumer,HP Laser Printer,Technology,Printers,West,Nagpur,2,211.94,0.05,402.68,3.25,Cash,2024,Mar,3,Q1,0.81,,
ORD04144,2024-03-01,Maya Thomas,Corporate,Mechanical Keyboard,Technology,Accessories,East,Guwahati,3,76.1,0.2,182.64,11.61,UPI,2024,Mar,3,Q1,6.36,,
ORD00379,2024-03-02,Vivaan Singh,Consumer,Lenovo IdeaPad 3,Technology,Laptops,East,Patna,2,507.48,0.2,811.96,26.7,Debit Card,2024,Mar,3,Q1,3.29,,
ORD02486,2024-03-02,Aisha Khan,Consumer,Mechanical Keyboard,Technology,Accessories,East,Ranchi,1,70.52,0.2,56.42,1.24,Net Banking,2024,Mar,3,Q1,2.2,,
ORD02901,2024-03-02,Kiara Desai,Small Business,Samsung Galaxy A54,Technology,Phones,South,Bengaluru,3,326.74,0.05,931.21,64.1,UPI,2024,Mar,3,Q1,6.88,,
ORD00734,2024-03-03,Aisha Khan,Consumer,Apple iPhone 13,Technology,Phones,East,Kolkata,1,627.27,0.1,564.54,18.09,Net Banking,2024,Mar,3,Q1,3.2,,
ORD02313,2024-03-03,Aditya Rao,Consumer,Logitech Wireless Mouse,Technology,Accessories,East,Patna,2,27.12,0.15,46.1,6.25,Credit Card,2024,Mar,3,Q1,13.56,,
ORD04237,2024-03-03,Kunal Bansal,Corporate,Logitech Wireless Mouse,Technology,Accessories,East,Kolkata,1,26.85,0.0,26.85,4.96,Credit Card,2024,Mar,3,Q1,18.47,,
ORD00307,2024-03-04,Kabir Shah,Corporate,Study Desk,Furniture,Tables,East,Guwahati,4,175.53,0.0,702.12,87.77,Debit Card,2024,Mar,3,Q1,12.5,,
ORD01214,2024-03-04,Aisha Khan,Corporate,Filing Cabinet,Furniture,Storage,South,Chennai,2,96.05,0.0,192.1,28.53,UPI,2024,Mar,3,Q1,14.85,,
ORD02126,2024-03-04,Neel Malhotra,Consumer,HP Laser Printer,Technology,Printers,West,Mumbai,1,207.5,0.05,197.13,18.63,Net Banking,2024,Mar,3,Q1,9.45,,
ORD02790,2024-03-04,Sana Kapoor,Consumer,Samsung Galaxy A54,Technology,Phones,North,Lucknow,2,307.94,0.05,585.09,53.57,Credit Card,2024,Mar,3,Q1,9.16,,
ORD04124,2024-03-04,Rahul Verma,Small Business,A4 Copy Paper,Office Supplies,Paper,South,Coimbatore,3,5.68,0.15,14.47,2.13,UPI,2024,Mar,3,Q1,14.72,,
ORD01424,2024-03-05,Aditya Rao,Consumer,Bookshelf,Furniture,Storage,North,Delhi,1,116.71,0.15,99.2,9.46,UPI,2024,Mar,3,Q1,9.54,,
ORD02245,2024-03-05,Sana Kapoor,Consumer,HP Pavilion 15,Technology,Laptops,West,Mumbai,2,704.01,0.25,1056.02,16.85,Credit Card,2024,Mar,3,Q1,1.6,,
ORD03914,2024-03-05,Arjun Nair,Consumer,Notebook Pack,Office Supplies,Stationery,North,Jaipur,1,12.21,0.2,9.77,0.77,Net Banking,2024,Mar,3,Q1,7.88,,
ORD03576,2024-03-06,Ananya Iyer,Corporate,HP Laser Printer,Technology,Printers,West,Pune,2,199.05,0.3,278.68,-5.0,UPI,2024,Mar,3,Q1,-1.79,,
ORD04913,2024-03-06,Aditya Rao,Consumer,Bookshelf,Furniture,Storage,West,Pune,1,104.73,0.1,94.26,5.71,UPI,2024,Mar,3,Q1,6.06,,
ORD00047,2024-03-07,Meera Joshi,Consumer,Ring Binder,Office Supplies,Binders,South,Coimbatore,2,6.82,0.1,12.27,2.86,Debit Card,2024,Mar,3,Q1,23.31,,
ORD00533,2024-03-07,Ishita Gupta,Corporate,Samsung Galaxy A54,Technology,Phones,East,Ranchi,2,313.5,0.25,470.25,-8.26,UPI,2024,Mar,3,Q1,-1.76,,
ORD02249,2024-03-07,Dev Agarwal,Corporate,Conference Table,Furniture,Tables,South,Chennai,3,403.26,0.0,1209.78,109.95,Cash,2024,Mar,3,Q1,9.09,,
ORD02703,2024-03-07,Riya Kulkarni,Small Business,Dell 24-inch Monitor,Technology,Monitors,North,Lucknow,5,174.84,0.15,743.09,33.95,UPI,2024,Mar,3,Q1,4.57,,
ORD03196,2024-03-07,Aditya Rao,Corporate,Apple iPhone 13,Technology,Phones,South,Chennai,1,691.58,0.15,587.84,-6.97,Debit Card,2024,Mar,3,Q1,-1.19,,
ORD04879,2024-03-07,Ananya Iyer,Consumer,Logitech Wireless Mouse,Technology,Accessories,North,Lucknow,6,26.97,0.05,153.74,22.79,Net Banking,2024,Mar,3,Q1,14.82,,
ORD01300,2024-03-09,Sana Kapoor,Consumer,Lenovo IdeaPad 3,Technology,Laptops,West,Pune,5,522.58,0.2,2090.34,5.17,Debit Card,2024,Mar,3,Q1,0.25,,
ORD03648,2024-03-09,Rahul Verma,Consumer,USB-C Hub,Technology,Accessories,East,Bhubaneswar,2,35.23,0.1,63.42,9.34,UPI,2024,Mar,3,Q1,14.73,,
ORD04921,2024-03-09,Aarav Mehta,Consumer,Bookshelf,Furniture,Storage,West,Pune,5,104.78,0.1,471.49,70.6,Net Banking,2024,Mar,3,Q1,14.97,,
ORD01108,2024-03-10,Rahul Verma,Corporate,Logitech Wireless Mouse,Technology,Accessories,North,Chandigarh,2,28.73,0.15,48.83,2.95,Net Banking,2024,Mar,3,Q1,6.04,,
ORD02075,2024-03-10,Kiara Desai,Consumer,Lenovo IdeaPad 3,Technology,Laptops,West,Surat,4,485.22,0.15,1649.76,-48.55,UPI,2024,Mar,3,Q1,-2.94,,
ORD03098,2024-03-10,Rohan Patel,Corporate,Apple iPhone 13,Technology,Phones,East,Bhubaneswar,2,677.09,0.0,1354.18,126.77,UPI,2024,Mar,3,Q1,9.36,,
ORD03587,2024-03-10,Rohan Patel,Consumer,Notebook Pack,Office Supplies,Stationery,North,Chandigarh,8,12.68,0.1,91.32,21.02,Cash,2024,Mar,3,Q1,23.02,,
ORD03816,2024-03-10,Dev Agarwal,Consumer,USB-C Hub,Technology,Accessories,West,Mumbai,2,32.69,0.0,65.39,15.14,Net Banking,2024,Mar,3,Q1,23.15,,
ORD04141,2024-03-10,Ananya Iyer,Corporate,Notebook Pack,Office Supplies,Stationery,North,Lucknow,2,11.59,0.2,18.54,3.24,Net Banking,2024,Mar,3,Q1,17.48,,
ORD01287,2024-03-11,Meera Joshi,Small Business,Filing Cabinet,Furniture,Storage,West,Pune,4,95.48,0.1,343.74,28.96,UPI,2024,Mar,3,Q1,8.42,,
ORD01426,2024-03-11,Kiara Desai,Corporate,Filing Cabinet,Furniture,Storage,East,Kolkata,4,94.03,0.15,319.72,26.95,Debit Card,2024,Mar,3,Q1,8.43,,
ORD03854,2024-03-11,Dev Agarwal,Consumer,USB-C Hub,Technology,Accessories,North,Jaipur,1,36.58,0.15,31.1,2.44,Debit Card,2024,Mar,3,Q1,7.85,,
ORD01546,2024-03-12,Arjun Nair,Consumer,Study Desk,Furniture,Tables,South,Coimbatore,3,183.44,0.2,440.26,1.22,Credit Card,2024,Mar,3,Q1,0.28,,
ORD02081,2024-03-12,Meera Joshi,Consumer,A4 Copy Paper,Office Supplies,Paper,South,Hyderabad,6,6.36,0.2,30.51,3.55,Credit Card,2024,Mar,3,Q1,11.64,,
ORD03499,2024-03-12,Rohan Patel,Small Business,Study Desk,Furniture,Tables,North,Jaipur,1,172.84,0.05,164.2,15.15,Credit Card,2024,Mar,3,Q1,9.23,,
ORD00547,2024-03-13,Diya Sharma,Consumer,Samsung Galaxy A54,Technology,Phones,East,Guwahati,1,335.99,0.15,285.59,-1.99,Cash,2024,Mar,3,Q1,-0.7,,
ORD00676,2024-03-13,Sana Kapoor,Consumer,Study Desk,Furniture,Tables,South,Coimbatore,1,179.14,0.15,152.27,10.54,Net Banking,2024,Mar,3,Q1,6.92,,
ORD01006,2024-03-13,Arjun Nair,Corporate,Study Desk,Furniture,Tables,East,Kolkata,1,184.55,0.3,129.19,-4.67,Credit Card,2024,Mar,3,Q1,-3.61,,
ORD01192,2024-03-13,Vivaan Singh,Consumer,Ergonomic Office Chair,Furniture,Chairs,North,Amritsar,4,145.15,0.1,522.54,29.92,Debit Card,2024,Mar,3,Q1,5.73,,
ORD01311,2024-03-13,Kiara Desai,Corporate,Logitech Wireless Mouse,Technology,Accessories,West,Nagpur,4,27.16,0.15,92.34,7.18,Credit Card,2024,Mar,3,Q1,7.78,,
ORD02163,2024-03-13,Aarav Mehta,Consumer,USB-C Hub,Technology,Accessories,South,Chennai,3,33.89,0.05,96.58,13.16,Credit Card,2024,Mar,3,Q1,13.63,,
ORD03350,2024-03-13,Tara Menon,Corporate,Filing Cabinet,Furniture,Storage,South,Coimbatore,4,97.78,0.0,391.13,54.1,Net Banking,2024,Mar,3,Q1,13.83,,
ORD04036,2024-03-13,Aarav Mehta,Consumer,Logitech Wireless Mouse,Technology,Accessories,East,Kolkata,5,29.2,0.2,116.79,8.06,UPI,2024,Mar,3,Q1,6.9,,
ORD04071,2024-03-13,Vivaan Singh,Consumer,Samsung Galaxy A54,Technology,Phones,South,Kochi,5,340.18,0.15,1445.77,9.64,UPI,2024,Mar,3,Q1,0.67,,
ORD00276,2024-03-14,Riya Kulkarni,Consumer,Lenovo IdeaPad 3,Technology,Laptops,South,Kochi,1,522.68,0.05,496.55,28.96,UPI,2024,Mar,3,Q1,5.83,,
ORD02699,2024-03-14,Kunal Bansal,Corporate,Conference Table,Furniture,Tables,West,Nagpur,2,414.59,0.15,704.8,21.12,UPI,2024,Mar,3,Q1,3.0,,
ORD02729,2024-03-14,Aisha Khan,Small Business,Study Desk,Furniture,Tables,West,Mumbai,1,169.19,0.15,143.81,8.62,Debit Card,2024,Mar,3,Q1,5.99,,
ORD03021,2024-03-14,Kunal Bansal,Consumer,Study Desk,Furniture,Tables,South,Coimbatore,1,179.89,0.1,161.9,15.65,UPI,2024,Mar,3,Q1,9.67,,
ORD04889,2024-03-14,Vivaan Singh,Consumer,Desk Organizer,Office Supplies,Storage,South,Kochi,2,13.99,0.1,25.18,4.68,UPI,2024,Mar,3,Q1,18.59,,
ORD00739,2024-03-15,Riya Kulkarni,Consumer,Ergonomic Office Chair,Furniture,Chairs,East,Guwahati,2,151.8,0.05,288.42,22.92,Credit Card,2024,Mar,3,Q1,7.95,,
ORD00877,2024-03-15,Ananya Iyer,Consumer,Notebook Pack,Office Supplies,Stationery,West,Nagpur,2,11.58,0.0,23.15,6.32,UPI,2024,Mar,3,Q1,27.3,,
ORD00887,2024-03-15,Dev Agarwal,Consumer,Ball Pen Set,Office Supplies,Stationery,South,Chennai,2,8.01,0.15,13.61,2.4,UPI,2024,Mar,3,Q1,17.63,,
ORD01171,2024-03-15,Neel Malhotra,Small Business,Study Desk,Furniture,Tables,North,Lucknow,4,183.58,0.25,550.74,3.91,UPI,2024,Mar,3,Q1,0.71,,
ORD02026,2024-03-15,Ishita Gupta,Corporate,Conference Table,Furniture,Tables,North,Lucknow,1,444.48,0.05,422.26,44.84,UPI,2024,Mar,3,Q1,10.62,,
ORD02657,2024-03-15,Arjun Nair,Corporate,USB-C Hub,Technology,Accessories,East,Patna,3,36.87,0.1,99.56,15.08,UPI,2024,Mar,3,Q1,15.15,,
ORD02663,2024-03-15,Ishita Gupta,Consumer,Desk Organizer,Office Supplies,Storage,East,Guwahati,5,14.23,0.05,67.6,13.96,Debit Card,2024,Mar,3,Q1,20.65,,
ORD00847,2024-03-16,Diya Sharma,Small Business,Samsung Galaxy A54,Technology,Phones,South,Hyderabad,2,333.29,0.0,666.58,59.62,Credit Card,2024,Mar,3,Q1,8.94,,
ORD01625,2024-03-16,Kunal Bansal,Corporate,HP Pavilion 15,Technology,Laptops,West,Surat,4,685.39,0.1,2467.39,60.37,Debit Card,2024,Mar,3,Q1,2.45,,
ORD01690,2024-03-16,Rahul Verma,Consumer,Filing Cabinet,Furniture,Storage,North,Delhi,5,90.01,0.2,360.03,22.87,UPI,2024,Mar,3,Q1,6.35,,
ORD04059,2024-03-16,Dev Agarwal,Corporate,Ball Pen Set,Office Supplies,Stationery,East,Kolkata,1,7.49,0.15,6.37,1.63,Cash,2024,Mar,3,Q1,25.59,,
ORD04845,2024-03-16,Vivaan Singh,Small Business,Filing Cabinet,Furniture,Storage,South,Hyderabad,3,100.65,0.1,271.76,16.84,Net Banking,2024,Mar,3,Q1,6.2,,
ORD00833,2024-03-17,Ishita Gupta,Consumer,A4 Copy Paper,Office Supplies,Paper,North,Delhi,3,5.78,0.1,15.61,2.42,Credit Card,2024,Mar,3,Q1,15.5,,
ORD01730,2024-03-17,Ishita Gupta,Small Business,Logitech Wireless Mouse,Technology,Accessories,South,Bengaluru,4,28.94,0.0,115.74,26.92,Credit Card,2024,Mar,3,Q1,23.26,,
ORD02566,2024-03-17,Aditya Rao,Consumer,Study Desk,Furniture,Tables,West,Ahmedabad,3,186.31,0.1,503.03,34.05,Credit Card,2024,Mar,3,Q1,6.77,,
ORD03915,2024-03-17,Sana Kapoor,Consumer,Filing Cabinet,Furniture,Storage,South,Kochi,1,100.27,0.1,90.24,9.91,UPI,2024,Mar,3,Q1,10.98,,
ORD03960,2024-03-17,Arjun Nair,Small Business,Logitech Wireless Mouse,Technology,Accessories,South,Kochi,4,27.95,0.25,83.85,1.01,UPI,2024,Mar,3,Q1,1.2,,
ORD04164,2024-03-17,Kiara Desai,Consumer,Ball Pen Set,Office Supplies,Stationery,South,Hyderabad,2,7.66,0.2,12.26,2.34,Net Banking,2024,Mar,3,Q1,19.09,,
ORD00660,2024-03-18,Arjun Nair,Consumer,Desk Organizer,Office Supplies,Storage,South,Chennai,3,14.54,0.3,30.54,3.65,Net Banking,2024,Mar,3,Q1,11.95,,
ORD01400,2024-03-18,Riya Kulkarni,Small Business,Notebook Pack,Office Supplies,Stationery,West,Nagpur,1,12.15,0.25,9.11,0.67,Cash,2024,Mar,3,Q1,7.35,,
ORD02662,2024-03-18,Riya Kulkarni,Consumer,Ergonomic Office Chair,Furniture,Chairs,South,Kochi,1,147.3,0.3,103.11,-5.67,Credit Card,2024,Mar,3,Q1,-5.5,,
ORD04320,2024-03-18,Kiara Desai,Consumer,HP Laser Printer,Technology,Printers,West,Nagpur,1,216.68,0.15,184.18,4.54,UPI,2024,Mar,3,Q1,2.46,,
ORD00220,2024-03-19,Aditya Rao,Consumer,Apple iPhone 13,Technology,Phones,South,Chennai,1,655.78,0.15,557.41,-12.34,Credit Card,2024,Mar,3,Q1,-2.21,,
ORD01273,2024-03-19,Ananya Iyer,Corporate,Dell 24-inch Monitor,Technology,Monitors,East,Bhubaneswar,2,184.83,0.3,258.76,-7.64,Cash,2024,Mar,3,Q1,-2.95,,
ORD04506,2024-03-19,Aarav Mehta,Consumer,Study Desk,Furniture,Tables,North,Delhi,2,169.58,0.15,288.28,16.76,Net Banking,2024,Mar,3,Q1,5.81,,
ORD04600,2024-03-19,Dev Agarwal,Consumer,Study Desk,Furniture,Tables,North,Amritsar,4,181.74,0.2,581.57,-9.31,Credit Card,2024,Mar,3,Q1,-1.6,,
ORD04772,2024-03-19,Diya Sharma,Consumer,Stapler,Office Supplies,Stationery,West,Mumbai,2,8.87,0.15,15.07,1.93,Credit Card,2024,Mar,3,Q1,12.81,,
ORD00584,2024-03-20,Ananya Iyer,Consumer,Samsung Galaxy A54,Technology,Phones,West,Surat,3,301.81,0.2,724.35,13.15,Debit Card,2024,Mar,3,Q1,1.82,,
ORD01187,2024-03-20,Rohan Patel,Consumer,Desk Organizer,Office Supplies,Storage,North,Jaipur,6,13.84,0.1,74.74,13.3,Net Banking,2024,Mar,3,Q1,17.8,,
ORD02673,2024-03-20,Riya Kulkarni,Small Business,Notebook Pack,Office Supplies,Stationery,South,Kochi,4,11.46,0.1,41.26,8.46,Credit Card,2024,Mar,3,Q1,20.5,,
ORD01067,2024-03-21,Kiara Desai,Consumer,Mechanical Keyboard,Technology,Accessories,North,Jaipur,2,76.37,0.15,129.83,11.49,Net Banking,2024,Mar,3,Q1,8.85,,
ORD01659,2024-03-21,Kiara Desai,Consumer,Filing Cabinet,Furniture,Storage,South,Coimbatore,4,100.04,0.15,340.13,26.69,UPI,2024,Mar,3,Q1,7.85,,
ORD00978,2024-03-22,Ishita Gupta,Consumer,Dell 24-inch Monitor,Technology,Monitors,South,Kochi,2,170.56,0.1,307.01,40.59,UPI,2024,Mar,3,Q1,13.22,,
ORD01070,2024-03-22,Diya Sharma,Consumer,Study Desk,Furniture,Tables,South,Bengaluru,5,184.62,0.0,923.12,104.62,UPI,2024,Mar,3,Q1,11.33,,
ORD03898,2024-03-22,Tara Menon,Consumer,Stapler,Office Supplies,Stationery,West,Ahmedabad,4,9.19,0.05,34.9,6.76,UPI,2024,Mar,3,Q1,19.37,,
ORD04695,2024-03-22,Rahul Verma,Consumer,A4 Copy Paper,Office Supplies,Paper,South,Coimbatore,2,5.93,0.05,11.27,2.76,Debit Card,2024,Mar,3,Q1,24.49,,
ORD04697,2024-03-22,Kunal Bansal,Corporate,Desk Organizer,Office Supplies,Storage,North,Delhi,5,13.9,0.05,66.01,11.59,Credit Card,2024,Mar,3,Q1,17.56,,
ORD00651,2024-03-23,Sana Kapoor,Corporate,Apple iPhone 13,Technology,Phones,East,Patna,6,619.08,0.1,3343.06,63.43,Credit Card,2024,Mar,3,Q1,1.9,,
ORD01262,2024-03-23,Ishita Gupta,Consumer,USB-C Hub,Technology,Accessories,West,Surat,2,34.44,0.3,48.22,1.49,UPI,2024,Mar,3,Q1,3.09,,
ORD02878,2024-03-23,Aisha Khan,Consumer,HP Laser Printer,Technology,Printers,North,Lucknow,1,202.21,0.25,151.66,-6.82,UPI,2024,Mar,3,Q1,-4.5,,
ORD01583,2024-03-24,Ananya Iyer,Corporate,Apple iPhone 13,Technology,Phones,North,Lucknow,3,655.02,0.25,1473.8,-30.59,UPI,2024,Mar,3,Q1,-2.08,,
ORD01656,2024-03-24,Ishita Gupta,Small Business,Conference Table,Furniture,Tables,West,Nagpur,3,409.11,0.05,1165.96,108.49,UPI,2024,Mar,3,Q1,9.3,,
ORD02492,2024-03-24,Sana Kapoor,Consumer,Bookshelf,Furniture,Storage,West,Pune,2,107.14,0.05,203.56,24.85,UPI,2024,Mar,3,Q1,12.21,,
ORD03583,2024-03-24,Aditya Rao,Consumer,Ball Pen Set,Office Supplies,Stationery,West,Ahmedabad,2,8.35,0.2,13.36,2.19,Net Banking,2024,Mar,3,Q1,16.39,,
ORD04826,2024-03-24,Kiara Desai,Corporate,Apple iPhone 13,Technology,Phones,North,Delhi,2,679.17,0.3,950.84,-75.04,Net Banking,2024,Mar,3,Q1,-7.89,,
ORD01594,2024-03-25,Arjun Nair,Consumer,Apple iPhone 13,Technology,Phones,North,Chandigarh,2,625.7,0.1,1126.25,-4.5,UPI,2024,Mar,3,Q1,-0.4,,
ORD02590,2024-03-25,Neel Malhotra,Consumer,Dell 24-inch Monitor,Technology,Monitors,South,Chennai,2,171.56,0.05,325.96,22.53,UPI,2024,Mar,3,Q1,6.91,,
ORD03424,2024-03-25,Kunal Bansal,Consumer,Logitech Wireless Mouse,Technology,Accessories,South,Kochi,2,26.89,0.25,40.34,0.42,UPI,2024,Mar,3,Q1,1.04,,
ORD04296,2024-03-25,Dev Agarwal,Consumer,Logitech Wireless Mouse,Technology,Accessories,West,Mumbai,1,27.41,0.1,24.67,3.68,UPI,2024,Mar,3,Q1,14.92,,
ORD01030,2024-03-26,Riya Kulkarni,Corporate,HP Laser Printer,Technology,Printers,South,Kochi,2,220.08,0.1,396.14,24.5,Credit Card,2024,Mar,3,Q1,6.18,,
ORD01637,2024-03-26,Aditya Rao,Consumer,Desk Organizer,Office Supplies,Storage,West,Surat,2,14.37,0.0,28.73,7.18,Debit Card,2024,Mar,3,Q1,24.99,,
ORD02323,2024-03-26,Aarav Mehta,Consumer,A4 Copy Paper,Office Supplies,Paper,South,Chennai,4,5.58,0.1,20.1,3.56,UPI,2024,Mar,3,Q1,17.71,,
ORD00471,2024-03-27,Sana Kapoor,Corporate,Ball Pen Set,Office Supplies,Stationery,West,Mumbai,1,8.22,0.15,6.99,1.32,Net Banking,2024,Mar,3,Q1,18.88,,
ORD02448,2024-03-27,Kabir Shah,Small Business,Ergonomic Office Chair,Furniture,Chairs,East,Guwahati,3,137.37,0.3,288.47,-11.27,Credit Card,2024,Mar,3,Q1,-3.91,,
ORD04168,2024-03-27,Kiara Desai,Corporate,Stapler,Office Supplies,Stationery,West,Nagpur,2,9.02,0.2,14.43,1.91,UPI,2024,Mar,3,Q1,13.24,,
ORD00933,2024-03-28,Kabir Shah,Consumer,Apple iPhone 13,Technology,Phones,South,Coimbatore,2,651.45,0.05,1237.75,67.25,UPI,2024,Mar,3,Q1,5.43,,
ORD01373,2024-03-28,Maya Thomas,Consumer,Desk Organizer,Office Supplies,Storage,South,Hyderabad,2,14.08,0.15,23.94,3.27,Credit Card,2024,Mar,3,Q1,13.66,,
ORD04277,2024-03-28,Kunal Bansal,Consumer,USB-C Hub,Technology,Accessories,East,Guwahati,2,36.26,0.1,65.27,10.31,Credit Card,2024,Mar,3,Q1,15.8,,
ORD00082,2024-03-30,Riya Kulkarni,Small Business,Desk Organizer,Office Supplies,Storage,South,Hyderabad,4,13.26,0.05,50.4,10.77,UPI,2024,Mar,3,Q1,21.37,,
ORD02598,2024-03-30,Maya Thomas,Corporate,Stapler,Office Supplies,Stationery,South,Hyderabad,3,9.17,0.3,19.25,0.64,Credit Card,2024,Mar,3,Q1,3.32,,
ORD03327,2024-03-30,Meera Joshi,Consumer,Lenovo IdeaPad 3,Technology,Laptops,North,Delhi,2,525.89,0.1,946.59,41.99,Credit Card,2024,Mar,3,Q1,4.44,,
ORD04076,2024-03-30,Maya Thomas,Corporate,Apple iPhone 13,Technology,Phones,West,Surat,1,653.03,0.1,587.72,20.63,Credit Card,2024,Mar,3,Q1,3.51,,
ORD00670,2024-03-31,Kabir Shah,Small Business,Notebook Pack,Office Supplies,Stationery,West,Surat,1,11.46,0.15,9.74,1.69,Credit Card,2024,Mar,3,Q1,17.35,,
ORD00844,2024-03-31,Dev Agarwal,Consumer,Mechanical Keyboard,Technology,Accessories,East,Ranchi,3,70.89,0.15,180.77,13.57,UPI,2024,Mar,3,Q1,7.51,,
ORD01571,2024-03-31,Meera Joshi,Consumer,Samsung Galaxy A54,Technology,Phones,East,Bhubaneswar,2,319.02,0.2,510.42,-18.92,Debit Card,2024,Mar,3,Q1,-3.71,,
ORD04920,2024-03-31,Aarav Mehta,Corporate,Desk Organizer,Office Supplies,Storage,North,Lucknow,3,13.78,0.15,35.13,5.62,Net Banking,2024,Mar,3,Q1,16.0,,
ORD00072,2024-04-01,Diya Sharma,Corporate,Desk Organizer,Office Supplies,Storage,West,Mumbai,3,14.41,0.1,38.91,7.67,UPI,2024,Apr,4,Q2,19.71,,
ORD00481,2024-04-01,Kunal Bansal,Consumer,A4 Copy Paper,Office Supplies,Paper,West,Ahmedabad,3,5.77,0.0,17.3,4.49,Credit Card,2024,Apr,4,Q2,25.95,,
ORD01038,2024-04-01,Rahul Verma,Small Business,Filing Cabinet,Furniture,Storage,West,Mumbai,4,98.48,0.0,393.91,67.94,UPI,2024,Apr,4,Q2,17.25,,
ORD01282,2024-04-01,Ananya Iyer,Consumer,Desk Organizer,Office Supplies,Storage,South,Hyderabad,3,13.17,0.1,35.57,4.83,UPI,2024,Apr,4,Q2,13.58,,
ORD01883,2024-04-01,Diya Sharma,Small Business,Mechanical Keyboard,Technology,Accessories,North,Lucknow,2,69.76,0.25,104.63,0.11,Credit Card,2024,Apr,4,Q2,0.11,,
ORD04666,2024-04-01,Aisha Khan,Small Business,Stapler,Office Supplies,Stationery,South,Hyderabad,3,8.58,0.2,20.58,2.72,Cash,2024,Apr,4,Q2,13.22,,
ORD04807,2024-04-01,Aarav Mehta,Corporate,Stapler,Office Supplies,Stationery,West,Nagpur,8,9.12,0.1,65.63,13.08,UPI,2024,Apr,4,Q2,19.93,,
ORD00881,2024-04-02,Rohan Patel,Consumer,HP Laser Printer,Technology,Printers,North,Chandigarh,4,202.44,0.0,809.74,99.56,Debit Card,2024,Apr,4,Q2,12.3,,
ORD01809,2024-04-02,Diya Sharma,Consumer,USB-C Hub,Technology,Accessories,North,Lucknow,5,36.47,0.15,154.98,27.97,UPI,2024,Apr,4,Q2,18.05,,
ORD03067,2024-04-02,Rohan Patel,Corporate,Stapler,Office Supplies,Stationery,North,Jaipur,1,8.51,0.0,8.51,2.12,UPI,2024,Apr,4,Q2,24.91,,
ORD03474,2024-04-02,Diya Sharma,Consumer,A4 Copy Paper,Office Supplies,Paper,East,Kolkata,2,5.59,0.05,10.61,1.92,UPI,2024,Apr,4,Q2,18.1,,
ORD01096,2024-04-03,Kabir Shah,Small Business,Mechanical Keyboard,Technology,Accessories,South,Hyderabad,2,70.88,0.1,127.58,13.71,Cash,2024,Apr,4,Q2,10.75,,
ORD01630,2024-04-03,Neel Malhotra,Consumer,Stapler,Office Supplies,Stationery,South,Chennai,6,9.11,0.3,38.24,2.11,UPI,2024,Apr,4,Q2,5.52,,
ORD02724,2024-04-03,Ishita Gupta,Small Business,Ergonomic Office Chair,Furniture,Chairs,West,Surat,3,136.96,0.15,349.25,19.01,UPI,2024,Apr,4,Q2,5.44,,
ORD02867,2024-04-03,Neel Malhotra,Consumer,Bookshelf,Furniture,Storage,East,Ranchi,2,106.65,0.05,202.64,16.82,UPI,2024,Apr,4,Q2,8.3,,
ORD04730,2024-04-03,Rohan Patel,Corporate,Ergonomic Office Chair,Furniture,Chairs,South,Coimbatore,6,136.11,0.2,653.32,2.33,Net Banking,2024,Apr,4,Q2,0.36,,
ORD02601,2024-04-04,Rahul Verma,Consumer,Logitech Wireless Mouse,Technology,Accessories,North,Lucknow,6,26.12,0.0,156.74,38.16,Debit Card,2024,Apr,4,Q2,24.35,,
ORD04825,2024-04-04,Meera Joshi,Corporate,Notebook Pack,Office Supplies,Stationery,East,Bhubaneswar,3,12.54,0.05,35.74,8.9,UPI,2024,Apr,4,Q2,24.9,,
ORD00480,2024-04-05,Rohan Patel,Corporate,Samsung Galaxy A54,Technology,Phones,South,Coimbatore,1,301.77,0.0,301.77,32.15,Credit Card,2024,Apr,4,Q2,10.65,,
ORD00626,2024-04-05,Ananya Iyer,Consumer,Bookshelf,Furniture,Storage,North,Chandigarh,2,108.27,0.25,162.41,-0.01,UPI,2024,Apr,4,Q2,-0.01,,
ORD01636,2024-04-05,Vivaan Singh,Small Business,Bookshelf,Furniture,Storage,West,Ahmedabad,3,116.02,0.2,278.46,10.17,UPI,2024,Apr,4,Q2,3.65,,
ORD01708,2024-04-05,Tara Menon,Small Business,Desk Organizer,Office Supplies,Storage,North,Lucknow,1,13.23,0.1,11.91,2.36,UPI,2024,Apr,4,Q2,19.82,,
ORD01849,2024-04-05,Meera Joshi,Consumer,HP Laser Printer,Technology,Printers,East,Kolkata,5,197.83,0.0,989.15,134.0,Net Banking,2024,Apr,4,Q2,13.55,,
ORD03876,2024-04-05,Neel Malhotra,Consumer,Samsung Galaxy A54,Technology,Phones,North,Jaipur,2,302.46,0.1,544.42,25.53,Credit Card,2024,Apr,4,Q2,4.69,,
ORD04507,2024-04-05,Diya Sharma,Consumer,Dell 24-inch Monitor,Technology,Monitors,South,Bengaluru,4,179.73,0.25,539.2,-7.17,Debit Card,2024,Apr,4,Q2,-1.33,,
ORD04976,2024-04-05,Sana Kapoor,Corporate,Study Desk,Furniture,Tables,South,Hyderabad,2,178.13,0.1,320.63,17.22,Net Banking,2024,Apr,4,Q2,5.37,,
ORD00248,2024-04-06,Ishita Gupta,Consumer,Mechanical Keyboard,Technology,Accessories,North,Lucknow,1,72.69,0.15,61.78,6.04,Cash,2024,Apr,4,Q2,9.78,,
ORD00792,2024-04-07,Meera Joshi,Consumer,Ring Binder,Office Supplies,Binders,East,Guwahati,4,6.93,0.15,23.55,5.18,Credit Card,2024,Apr,4,Q2,22.0,,
ORD00944,2024-04-07,Maya Thomas,Small Business,Ball Pen Set,Office Supplies,Stationery,North,Lucknow,10,7.56,0.1,68.05,14.07,Debit Card,2024,Apr,4,Q2,20.68,,
ORD01943,2024-04-07,Kunal Bansal,Consumer,Logitech Wireless Mouse,Technology,Accessories,West,Surat,3,28.57,0.15,72.86,9.76,Debit Card,2024,Apr,4,Q2,13.4,,
ORD02159,2024-04-07,Arjun Nair,Corporate,Ball Pen Set,Office Supplies,Stationery,South,Coimbatore,2,7.87,0.2,12.6,2.93,Credit Card,2024,Apr,4,Q2,23.25,,
ORD02177,2024-04-07,Kunal Bansal,Consumer,HP Laser Printer,Technology,Printers,South,Kochi,1,203.91,0.05,193.71,20.26,Net Banking,2024,Apr,4,Q2,10.46,,
ORD03501,2024-04-07,Rohan Patel,Consumer,Mechanical Keyboard,Technology,Accessories,West,Surat,5,69.11,0.15,293.74,27.99,Debit Card,2024,Apr,4,Q2,9.53,,
ORD03833,2024-04-07,Riya Kulkarni,Consumer,Conference Table,Furniture,Tables,North,Jaipur,1,426.87,0.2,341.5,5.41,UPI,2024,Apr,4,Q2,1.58,,
ORD04522,2024-04-07,Vivaan Singh,Corporate,Notebook Pack,Office Supplies,Stationery,South,Hyderabad,3,12.52,0.15,31.94,4.92,Net Banking,2024,Apr,4,Q2,15.4,,
ORD04828,2024-04-07,Dev Agarwal,Consumer,Apple iPhone 13,Technology,Phones,East,Patna,3,636.05,0.0,1908.14,134.48,Cash,2024,Apr,4,Q2,7.05,,
ORD02015,2024-04-08,Aarav Mehta,Small Business,Lenovo IdeaPad 3,Technology,Laptops,North,Delhi,3,524.89,0.3,1102.26,-91.92,UPI,2024,Apr,4,Q2,-8.34,,
ORD02861,2024-04-08,Sana Kapoor,Corporate,Mechanical Keyboard,Technology,Accessories,South,Hyderabad,3,72.83,0.05,207.56,20.63,Net Banking,2024,Apr,4,Q2,9.94,,
ORD02865,2024-04-08,Riya Kulkarni,Small Business,Mechanical Keyboard,Technology,Accessories,South,Bengaluru,2,76.04,0.2,121.67,7.01,Cash,2024,Apr,4,Q2,5.76,,
ORD04462,2024-04-08,Aditya Rao,Corporate,Filing Cabinet,Furniture,Storage,West,Mumbai,1,99.52,0.1,89.57,6.2,UPI,2024,Apr,4,Q2,6.92,,
ORD00124,2024-04-09,Kabir Shah,Consumer,Ergonomic Office Chair,Furniture,Chairs,South,Kochi,3,139.42,0.2,334.61,8.39,UPI,2024,Apr,4,Q2,2.51,,
ORD03634,2024-04-09,Vivaan Singh,Corporate,Apple iPhone 13,Technology,Phones,North,Amritsar,4,641.29,0.15,2180.39,152.98,Net Banking,2024,Apr,4,Q2,7.02,,
ORD03799,2024-04-09,Meera Joshi,Consumer,Logitech Wireless Mouse,Technology,Accessories,North,Jaipur,3,28.53,0.15,72.75,4.53,Credit Card,2024,Apr,4,Q2,6.23,,
ORD04150,2024-04-09,Ananya Iyer,Corporate,Bookshelf,Furniture,Storage,East,Patna,2,112.82,0.1,203.07,26.44,Credit Card,2024,Apr,4,Q2,13.02,,
ORD04757,2024-04-09,Tara Menon,Corporate,Lenovo IdeaPad 3,Technology,Laptops,West,Ahmedabad,1,517.87,0.0,517.87,51.25,Credit Card,2024,Apr,4,Q2,9.9,,
ORD00286,2024-04-10,Ananya Iyer,Corporate,Conference Table,Furniture,Tables,East,Patna,3,439.55,0.25,988.99,-48.81,UPI,2024,Apr,4,Q2,-4.94,,
ORD00740,2024-04-10,Neel Malhotra,Small Business,HP Pavilion 15,Technology,Laptops,East,Guwahati,5,693.54,0.2,2774.14,0.17,Cash,2024,Apr,4,Q2,0.01,,
ORD01145,2024-04-10,Sana Kapoor,Corporate,Bookshelf,Furniture,Storage,South,Bengaluru,2,110.93,0.15,188.59,22.46,UPI,2024,Apr,4,Q2,11.91,,
ORD02223,2024-04-10,Tara Menon,Consumer,HP Pavilion 15,Technology,Laptops,North,Lucknow,1,724.25,0.1,651.82,29.95,Credit Card,2024,Apr,4,Q2,4.59,,
ORD03206,2024-04-10,Ananya Iyer,Corporate,Samsung Galaxy A54,Technology,Phones,North,Lucknow,3,316.89,0.15,808.08,21.6,Debit Card,2024,Apr,4,Q2,2.67,,
ORD04655,2024-04-10,Aditya Rao,Corporate,Stapler,Office Supplies,Stationery,South,Bengaluru,2,8.54,0.05,16.22,2.91,Debit Card,2024,Apr,4,Q2,17.94,,
ORD00312,2024-04-11,Arjun Nair,Consumer,Ball Pen Set,Office Supplies,Stationery,South,Coimbatore,4,7.69,0.2,24.61,4.46,UPI,2024,Apr,4,Q2,18.12,,
ORD01349,2024-04-11,Dev Agarwal,Consumer,Conference Table,Furniture,Tables,East,Bhubaneswar,1,433.48,0.0,433.48,55.91,UPI,2024,Apr,4,Q2,12.9,,
ORD01962,2024-04-11,Maya Thomas,Small Business,HP Laser Printer,Technology,Printers,East,Bhubaneswar,4,211.29,0.1,760.63,60.79,UPI,2024,Apr,4,Q2,7.99,,
ORD02171,2024-04-11,Vivaan Singh,Consumer,Logitech Wireless Mouse,Technology,Accessories,West,Surat,2,29.35,0.1,52.83,6.53,UPI,2024,Apr,4,Q2,12.36,,
ORD02413,2024-04-11,Vivaan Singh,Consumer,Study Desk,Furniture,Tables,South,Chennai,1,173.73,0.2,138.99,-0.54,UPI,2024,Apr,4,Q2,-0.39,,
ORD03658,2024-04-11,Neel Malhotra,Consumer,Dell 24-inch Monitor,Technology,Monitors,West,Pune,6,183.35,0.1,990.1,57.17,Credit Card,2024,Apr,4,Q2,5.77,,
ORD00366,2024-04-12,Rahul Verma,Consumer,Samsung Galaxy A54,Technology,Phones,West,Pune,2,340.01,0.05,646.01,83.49,Cash,2024,Apr,4,Q2,12.92,,
ORD00486,2024-04-12,Kiara Desai,Consumer,Notebook Pack,Office Supplies,Stationery,South,Bengaluru,1,11.99,0.15,10.19,1.71,UPI,2024,Apr,4,Q2,16.78,,
ORD01210,2024-04-12,Kabir Shah,Consumer,Bookshelf,Furniture,Storage,West,Pune,3,103.23,0.2,247.76,3.22,Debit Card,2024,Apr,4,Q2,1.3,,
ORD02368,2024-04-12,Ananya Iyer,Consumer,Samsung Galaxy A54,Technology,Phones,East,Bhubaneswar,3,305.31,0.25,686.95,-24.79,UPI,2024,Apr,4,Q2,-3.61,,
ORD02946,2024-04-12,Rohan Patel,Consumer,A4 Copy Paper,Office Supplies,Paper,East,Patna,3,5.58,0.1,15.07,2.03,UPI,2024,Apr,4,Q2,13.47,,
ORD03880,2024-04-12,Tara Menon,Consumer,HP Pavilion 15,Technology,Laptops,East,Bhubaneswar,2,713.58,0.05,1355.79,157.08,Debit Card,2024,Apr,4,Q2,11.59,,
ORD00232,2024-04-13,Kiara Desai,Small Business,Apple iPhone 13,Technology,Phones,North,Jaipur,3,637.4,0.2,1529.77,12.24,Credit Card,2024,Apr,4,Q2,0.8,,
ORD00839,2024-04-13,Dev Agarwal,Consumer,Samsung Galaxy A54,Technology,Phones,West,Nagpur,2,336.01,0.15,571.22,15.59,Credit Card,2024,Apr,4,Q2,2.73,,
ORD01035,2024-04-13,Aarav Mehta,Consumer,Stapler,Office Supplies,Stationery,South,Coimbatore,5,9.39,0.05,44.58,7.22,Net Banking,2024,Apr,4,Q2,16.2,,
ORD00687,2024-04-14,Vivaan Singh,Consumer,Samsung Galaxy A54,Technology,Phones,East,Bhubaneswar,4,333.41,0.0,1333.63,128.25,Debit Card,2024,Apr,4,Q2,9.62,,
ORD02281,2024-04-14,Neel Malhotra,Small Business,HP Pavilion 15,Technology,Laptops,West,Ahmedabad,2,719.74,0.2,1151.58,10.72,Net Banking,2024,Apr,4,Q2,0.93,,
ORD02512,2024-04-14,Dev Agarwal,Corporate,Ball Pen Set,Office Supplies,Stationery,East,Bhubaneswar,2,7.97,0.25,11.95,1.59,UPI,2024,Apr,4,Q2,13.31,,
ORD02652,2024-04-14,Vivaan Singh,Consumer,Bookshelf,Furniture,Storage,North,Jaipur,2,102.82,0.0,205.65,34.21,UPI,2024,Apr,4,Q2,16.64,,
ORD02900,2024-04-14,Sana Kapoor,Consumer,Study Desk,Furniture,Tables,South,Kochi,3,169.4,0.25,381.16,-9.55,Credit Card,2024,Apr,4,Q2,-2.51,,
ORD03666,2024-04-14,Aarav Mehta,Consumer,Ring Binder,Office Supplies,Binders,North,Delhi,4,6.81,0.0,27.24,7.86,UPI,2024,Apr,4,Q2,28.85,,
ORD04073,2024-04-14,Kiara Desai,Consumer,Stapler,Office Supplies,Stationery,West,Nagpur,6,9.39,0.1,50.72,8.18,Net Banking,2024,Apr,4,Q2,16.13,,
ORD02034,2024-04-15,Rohan Patel,Corporate,Ergonomic Office Chair,Furniture,Chairs,South,Kochi,6,151.85,0.0,911.1,127.09,Net Banking,2024,Apr,4,Q2,13.95,,
ORD03288,2024-04-15,Maya Thomas,Consumer,Ergonomic Office Chair,Furniture,Chairs,East,Patna,1,150.55,0.1,135.5,6.36,Debit Card,2024,Apr,4,Q2,4.69,,
ORD04461,2024-04-15,Diya Sharma,Consumer,Samsung Galaxy A54,Technology,Phones,West,Nagpur,1,326.33,0.15,277.38,5.59,Debit Card,2024,Apr,4,Q2,2.02,,
ORD01481,2024-04-16,Kabir Shah,Small Business,Ring Binder,Office Supplies,Binders,East,Guwahati,4,7.32,0.15,24.89,3.85,Debit Card,2024,Apr,4,Q2,15.47,,
ORD01112,2024-04-17,Aarav Mehta,Consumer,Study Desk,Furniture,Tables,East,Guwahati,2,184.4,0.2,295.04,14.2,Credit Card,2024,Apr,4,Q2,4.81,,
ORD01238,2024-04-17,Sana Kapoor,Consumer,A4 Copy Paper,Office Supplies,Paper,West,Nagpur,4,6.31,0.15,21.45,2.34,Cash,2024,Apr,4,Q2,10.91,,
ORD02626,2024-04-17,Kunal Bansal,Consumer,Logitech Wireless Mouse,Technology,Accessories,East,Ranchi,1,27.82,0.3,19.47,-0.41,Net Banking,2024,Apr,4,Q2,-2.11,,
ORD03992,2024-04-17,Meera Joshi,Consumer,Dell 24-inch Monitor,Technology,Monitors,East,Kolkata,3,164.35,0.1,443.75,32.54,Debit Card,2024,Apr,4,Q2,7.33,,
ORD04267,2024-04-17,Tara Menon,Corporate,Apple iPhone 13,Technology,Phones,South,Bengaluru,10,687.58,0.05,6532.03,239.73,Cash,2024,Apr,4,Q2,3.67,,
ORD01125,2024-04-18,Ishita Gupta,Corporate,Mechanical Keyboard,Technology,Accessories,South,Kochi,6,74.76,0.3,314.01,-4.39,UPI,2024,Apr,4,Q2,-1.4,,
ORD02065,2024-04-18,Diya Sharma,Consumer,Bookshelf,Furniture,Storage,West,Pune,1,110.15,0.25,82.61,-3.22,Credit Card,2024,Apr,4,Q2,-3.9,,
ORD03696,2024-04-18,Kunal Bansal,Consumer,HP Laser Printer,Technology,Printers,South,Hyderabad,2,211.04,0.05,400.97,24.08,Debit Card,2024,Apr,4,Q2,6.01,,
ORD01138,2024-04-19,Maya Thomas,Consumer,HP Pavilion 15,Technology,Laptops,South,Kochi,3,634.0,0.15,1616.69,77.28,UPI,2024,Apr,4,Q2,4.78,,
ORD03376,2024-04-19,Aarav Mehta,Consumer,Stapler,Office Supplies,Stationery,South,Coimbatore,4,8.91,0.05,33.86,8.81,Credit Card,2024,Apr,4,Q2,26.02,,
ORD03851,2024-04-19,Ananya Iyer,Corporate,Logitech Wireless Mouse,Technology,Accessories,South,Coimbatore,1,29.41,0.0,29.41,4.55,UPI,2024,Apr,4,Q2,15.47,,
ORD01347,2024-04-20,Kiara Desai,Consumer,USB-C Hub,Technology,Accessories,North,Jaipur,10,35.59,0.25,266.9,25.33,Credit Card,2024,Apr,4,Q2,9.49,,
ORD01504,2024-04-20,Aditya Rao,Consumer,Ball Pen Set,Office Supplies,Stationery,East,Kolkata,6,7.93,0.05,45.22,11.41,Debit Card,2024,Apr,4,Q2,25.23,,
ORD02164,2024-04-20,Kabir Shah,Consumer,USB-C Hub,Technology,Accessories,South,Coimbatore,3,35.97,0.15,91.73,9.95,Net Banking,2024,Apr,4,Q2,10.85,,
ORD03683,2024-04-20,Kiara Desai,Consumer,Apple iPhone 13,Technology,Phones,South,Bengaluru,1,673.81,0.1,606.43,11.24,UPI,2024,Apr,4,Q2,1.85,,
ORD03951,2024-04-20,Rohan Patel,Consumer,Logitech Wireless Mouse,Technology,Accessories,North,Chandigarh,2,27.31,0.0,54.63,9.6,Credit Card,2024,Apr,4,Q2,17.57,,
ORD04842,2024-04-20,Diya Sharma,Corporate,Filing Cabinet,Furniture,Storage,West,Mumbai,2,98.9,0.05,187.91,18.18,UPI,2024,Apr,4,Q2,9.67,,
ORD00250,2024-04-21,Aarav Mehta,Consumer,Ball Pen Set,Office Supplies,Stationery,South,Kochi,8,7.77,0.25,46.59,8.25,Credit Card,2024,Apr,4,Q2,17.71,,
ORD02168,2024-04-21,Riya Kulkarni,Consumer,Logitech Wireless Mouse,Technology,Accessories,North,Delhi,10,27.83,0.05,264.37,43.92,Debit Card,2024,Apr,4,Q2,16.61,,
ORD02355,2024-04-21,Sana Kapoor,Consumer,Bookshelf,Furniture,Storage,West,Pune,2,115.74,0.0,231.48,34.16,Credit Card,2024,Apr,4,Q2,14.76,,
ORD03131,2024-04-22,Tara Menon,Small Business,Lenovo IdeaPad 3,Technology,Laptops,South,Chennai,10,535.65,0.25,4017.37,65.47,Credit Card,2024,Apr,4,Q2,1.63,,
ORD04133,2024-04-22,Diya Sharma,Corporate,Ball Pen Set,Office Supplies,Stationery,South,Kochi,5,7.48,0.15,31.78,7.01,Net Banking,2024,Apr,4,Q2,22.06,,
ORD00477,2024-04-23,Kiara Desai,Consumer,Ergonomic Office Chair,Furniture,Chairs,West,Nagpur,10,151.8,0.0,1517.97,244.16,Net Banking,2024,Apr,4,Q2,16.08,,
ORD01495,2024-04-23,Aisha Khan,Consumer,Filing Cabinet,Furniture,Storage,West,Nagpur,3,94.5,0.1,255.14,11.5,Credit Card,2024,Apr,4,Q2,4.51,,
ORD02335,2024-04-23,Aditya Rao,Consumer,Stapler,Office Supplies,Stationery,East,Kolkata,1,8.7,0.2,6.96,0.92,Credit Card,2024,Apr,4,Q2,13.22,,
ORD03817,2024-04-23,Sana Kapoor,Consumer,HP Laser Printer,Technology,Printers,West,Pune,2,220.67,0.25,331.01,-19.97,UPI,2024,Apr,4,Q2,-6.03,,
ORD04708,2024-04-23,Tara Menon,Corporate,Notebook Pack,Office Supplies,Stationery,North,Delhi,1,12.14,0.15,10.32,1.49,Net Banking,2024,Apr,4,Q2,14.44,,
ORD04815,2024-04-23,Meera Joshi,Consumer,A4 Copy Paper,Office Supplies,Paper,North,Delhi,2,6.23,0.05,11.83,2.22,UPI,2024,Apr,4,Q2,18.77,,
ORD01380,2024-04-24,Rohan Patel,Small Business,Mechanical Keyboard,Technology,Accessories,East,Kolkata,4,68.46,0.1,246.45,35.28,Cash,2024,Apr,4,Q2,14.32,,
ORD02260,2024-04-24,Meera Joshi,Small Business,Ring Binder,Office Supplies,Binders,East,Ranchi,2,6.93,0.15,11.78,1.71,UPI,2024,Apr,4,Q2,14.52,,
ORD02636,2024-04-24,Ananya Iyer,Corporate,Apple iPhone 13,Technology,Phones,West,Pune,1,617.8,0.2,494.24,-9.14,UPI,2024,Apr,4,Q2,-1.85,,
ORD04844,2024-04-24,Neel Malhotra,Corporate,Notebook Pack,Office Supplies,Stationery,West,Surat,4,11.62,0.0,46.49,11.56,UPI,2024,Apr,4,Q2,24.87,,
ORD01609,2024-04-25,Meera Joshi,Corporate,Conference Table,Furniture,Tables,North,Jaipur,1,445.79,0.0,445.79,49.61,UPI,2024,Apr,4,Q2,11.13,,
ORD03700,2024-04-25,Aditya Rao,Corporate,Ergonomic Office Chair,Furniture,Chairs,East,Kolkata,2,147.53,0.05,280.3,25.39,Debit Card,2024,Apr,4,Q2,9.06,,
ORD01381,2024-04-26,Tara Menon,Corporate,Filing Cabinet,Furniture,Storage,South,Bengaluru,6,94.13,0.15,480.06,31.9,Net Banking,2024,Apr,4,Q2,6.65,,
ORD03815,2024-04-26,Meera Joshi,Consumer,HP Pavilion 15,Technology,Laptops,South,Kochi,2,639.84,0.15,1087.73,7.55,Credit Card,2024,Apr,4,Q2,0.69,,
ORD03920,2024-04-26,Kabir Shah,Consumer,Apple iPhone 13,Technology,Phones,North,Lucknow,1,687.61,0.2,550.09,-30.1,Net Banking,2024,Apr,4,Q2,-5.47,,
ORD04777,2024-04-26,Neel Malhotra,Consumer,Bookshelf,Furniture,Storage,North,Chandigarh,2,107.93,0.2,172.68,4.76,Debit Card,2024,Apr,4,Q2,2.76,,
ORD00497,2024-04-27,Rahul Verma,Corporate,HP Laser Printer,Technology,Printers,East,Guwahati,4,206.78,0.2,661.68,-3.77,Net Banking,2024,Apr,4,Q2,-0.57,,
ORD00748,2024-04-27,Rahul Verma,Corporate,Ring Binder,Office Supplies,Binders,South,Hyderabad,6,7.29,0.0,43.77,11.25,UPI,2024,Apr,4,Q2,25.7,,
ORD01283,2024-04-27,Aarav Mehta,Corporate,Lenovo IdeaPad 3,Technology,Laptops,West,Nagpur,4,513.06,0.0,2052.22,260.23,UPI,2024,Apr,4,Q2,12.68,,
ORD01838,2024-04-27,Maya Thomas,Corporate,Mechanical Keyboard,Technology,Accessories,North,Lucknow,1,73.7,0.15,62.65,5.11,Credit Card,2024,Apr,4,Q2,8.16,,
ORD02308,2024-04-27,Ishita Gupta,Small Business,A4 Copy Paper,Office Supplies,Paper,East,Guwahati,1,6.19,0.0,6.19,1.3,Credit Card,2024,Apr,4,Q2,21.0,,
ORD02852,2024-04-27,Aarav Mehta,Corporate,Samsung Galaxy A54,Technology,Phones,East,Patna,2,341.54,0.05,648.93,64.09,Credit Card,2024,Apr,4,Q2,9.88,,
ORD02858,2024-04-27,Meera Joshi,Consumer,A4 Copy Paper,Office Supplies,Paper,West,Ahmedabad,8,5.64,0.15,38.35,6.11,Credit Card,2024,Apr,4,Q2,15.93,,
ORD03724,2024-04-27,Arjun Nair,Consumer,Logitech Wireless Mouse,Technology,Accessories,West,Pune,3,28.42,0.1,76.74,14.07,UPI,2024,Apr,4,Q2,18.33,,
ORD04370,2024-04-27,Diya Sharma,Corporate,Samsung Galaxy A54,Technology,Phones,South,Bengaluru,10,305.87,0.0,3058.71,287.57,UPI,2024,Apr,4,Q2,9.4,,
ORD04517,2024-04-27,Rahul Verma,Consumer,Logitech Wireless Mouse,Technology,Accessories,North,Jaipur,2,27.06,0.1,48.71,5.85,UPI,2024,Apr,4,Q2,12.01,,
ORD00119,2024-04-28,Dev Agarwal,Corporate,Notebook Pack,Office Supplies,Stationery,East,Ranchi,4,12.44,0.25,37.31,6.48,UPI,2024,Apr,4,Q2,17.37,,
ORD01610,2024-04-28,Neel Malhotra,Consumer,Ring Binder,Office Supplies,Binders,West,Surat,1,7.16,0.1,6.44,1.3,Net Banking,2024,Apr,4,Q2,20.19,,
ORD03476,2024-04-28,Kunal Bansal,Small Business,Logitech Wireless Mouse,Technology,Accessories,East,Ranchi,2,26.79,0.2,42.86,3.29,Debit Card,2024,Apr,4,Q2,7.68,,
ORD03526,2024-04-28,Rohan Patel,Corporate,Study Desk,Furniture,Tables,South,Chennai,4,170.81,0.05,649.07,32.05,Debit Card,2024,Apr,4,Q2,4.94,,
ORD03969,2024-04-28,Kabir Shah,Corporate,HP Pavilion 15,Technology,Laptops,South,Kochi,1,707.21,0.3,495.04,-37.04,Debit Card,2024,Apr,4,Q2,-7.48,,
ORD00550,2024-04-29,Neel Malhotra,Small Business,Filing Cabinet,Furniture,Storage,West,Pune,2,95.98,0.1,172.76,13.18,UPI,2024,Apr,4,Q2,7.63,,
ORD00722,2024-04-29,Aarav Mehta,Consumer,HP Pavilion 15,Technology,Laptops,West,Mumbai,1,644.15,0.15,547.53,5.78,Debit Card,2024,Apr,4,Q2,1.06,,
ORD02842,2024-04-29,Arjun Nair,Corporate,Samsung Galaxy A54,Technology,Phones,East,Ranchi,2,329.44,0.2,527.1,-19.05,Debit Card,2024,Apr,4,Q2,-3.61,,
ORD03290,2024-04-29,Aarav Mehta,Consumer,Apple iPhone 13,Technology,Phones,East,Guwahati,4,664.18,0.1,2391.06,-17.39,UPI,2024,Apr,4,Q2,-0.73,,
ORD04871,2024-04-29,Riya Kulkarni,Consumer,Lenovo IdeaPad 3,Technology,Laptops,North,Delhi,2,503.81,0.05,957.24,89.29,Debit Card,2024,Apr,4,Q2,9.33,,
ORD00962,2024-04-30,Ananya Iyer,Corporate,Apple iPhone 13,Technology,Phones,East,Ranchi,2,650.01,0.1,1170.03,70.69,UPI,2024,Apr,4,Q2,6.04,,
ORD02142,2024-04-30,Kunal Bansal,Consumer,Ergonomic Office Chair,Furniture,Chairs,South,Hyderabad,4,141.82,0.1,510.54,29.98,Credit Card,2024,Apr,4,Q2,5.87,,
ORD02819,2024-04-30,Diya Sharma,Corporate,Apple iPhone 13,Technology,Phones,South,Chennai,2,641.33,0.1,1154.4,38.52,Credit Card,2024,Apr,4,Q2,3.34,,
ORD03322,2024-04-30,Diya Sharma,Consumer,Desk Organizer,Office Supplies,Storage,East,Ranchi,2,13.77,0.1,24.78,4.88,Cash,2024,Apr,4,Q2,19.69,,
ORD04597,2024-04-30,Vivaan Singh,Consumer,Study Desk,Furniture,Tables,North,Amritsar,1,186.62,0.05,177.28,21.43,Net Banking,2024,Apr,4,Q2,12.09,,
ORD00177,2024-05-01,Ananya Iyer,Small Business,Logitech Wireless Mouse,Technology,Accessories,East,Patna,2,29.48,0.15,50.12,4.58,UPI,2024,May,5,Q2,9.14,,
ORD01467,2024-05-01,Rahul Verma,Corporate,Samsung Galaxy A54,Technology,Phones,West,Pune,1,307.1,0.2,245.68,5.17,UPI,2024,May,5,Q2,2.1,,
ORD04149,2024-05-01,Tara Menon,Consumer,Notebook Pack,Office Supplies,Stationery,South,Kochi,4,11.75,0.15,39.96,6.76,UPI,2024,May,5,Q2,16.92,,
ORD01159,2024-05-02,Rohan Patel,Corporate,Ball Pen Set,Office Supplies,Stationery,North,Jaipur,4,8.3,0.0,33.19,8.91,Debit Card,2024,May,5,Q2,26.85,,
ORD02305,2024-05-02,Aisha Khan,Small Business,Bookshelf,Furniture,Storage,West,Surat,10,114.52,0.3,801.66,-32.69,Debit Card,2024,May,5,Q2,-4.08,,
ORD04809,2024-05-02,Kiara Desai,Corporate,HP Laser Printer,Technology,Printers,East,Bhubaneswar,1,214.74,0.0,214.74,28.07,Net Banking,2024,May,5,Q2,13.07,,
ORD00041,2024-05-03,Tara Menon,Corporate,Ball Pen Set,Office Supplies,Stationery,East,Kolkata,3,7.52,0.05,21.43,4.35,UPI,2024,May,5,Q2,20.3,,
ORD00070,2024-05-03,Rahul Verma,Consumer,HP Laser Printer,Technology,Printers,South,Coimbatore,2,212.49,0.2,339.98,2.03,Debit Card,2024,May,5,Q2,0.6,,
ORD01477,2024-05-03,Sana Kapoor,Consumer,Bookshelf,Furniture,Storage,East,Patna,2,116.86,0.0,233.71,33.47,UPI,2024,May,5,Q2,14.32,,
ORD02439,2024-05-03,Aditya Rao,Small Business,Ring Binder,Office Supplies,Binders,West,Nagpur,2,7.4,0.0,14.8,3.77,UPI,2024,May,5,Q2,25.47,,
ORD02542,2024-05-03,Rohan Patel,Corporate,Mechanical Keyboard,Technology,Accessories,West,Mumbai,2,72.31,0.15,122.93,10.25,Net Banking,2024,May,5,Q2,8.34,,
ORD04801,2024-05-03,Kunal Bansal,Consumer,Logitech Wireless Mouse,Technology,Accessories,East,Kolkata,4,28.38,0.0,113.53,21.48,Net Banking,2024,May,5,Q2,18.92,,
ORD00378,2024-05-04,Maya Thomas,Small Business,Mechanical Keyboard,Technology,Accessories,South,Bengaluru,3,69.35,0.15,176.84,10.29,Credit Card,2024,May,5,Q2,5.82,,
ORD00996,2024-05-04,Riya Kulkarni,Consumer,HP Pavilion 15,Technology,Laptops,South,Kochi,2,682.15,0.0,1364.31,203.72,Debit Card,2024,May,5,Q2,14.93,,
ORD01458,2024-05-04,Ananya Iyer,Consumer,Bookshelf,Furniture,Storage,North,Amritsar,2,115.18,0.05,218.84,13.17,UPI,2024,May,5,Q2,6.02,,
ORD03858,2024-05-04,Diya Sharma,Consumer,HP Laser Printer,Technology,Printers,South,Hyderabad,3,196.96,0.15,502.25,22.27,UPI,2024,May,5,Q2,4.43,,
ORD04153,2024-05-04,Riya Kulkarni,Consumer,Ergonomic Office Chair,Furniture,Chairs,South,Hyderabad,1,150.98,0.05,143.43,14.44,UPI,2024,May,5,Q2,10.07,,
ORD00002,2024-05-05,Vivaan Singh,Consumer,Stapler,Office Supplies,Stationery,South,Chennai,3,9.29,0.05,26.46,5.07,Credit Card,2024,May,5,Q2,19.16,,
ORD00149,2024-05-05,Ananya Iyer,Consumer,Study Desk,Furniture,Tables,North,Delhi,4,188.53,0.1,678.7,21.83,UPI,2024,May,5,Q2,3.22,,
ORD00709,2024-05-05,Kabir Shah,Consumer,Study Desk,Furniture,Tables,East,Bhubaneswar,3,190.36,0.25,428.31,-9.7,Net Banking,2024,May,5,Q2,-2.26,,
ORD01552,2024-05-05,Tara Menon,Corporate,Samsung Galaxy A54,Technology,Phones,South,Bengaluru,4,328.69,0.15,1117.55,27.54,UPI,2024,May,5,Q2,2.46,,
ORD02843,2024-05-05,Dev Agarwal,Consumer,Apple iPhone 13,Technology,Phones,North,Delhi,1,681.2,0.0,681.2,58.38,Net Banking,2024,May,5,Q2,8.57,,
ORD03600,2024-05-05,Dev Agarwal,Consumer,Filing Cabinet,Furniture,Storage,North,Amritsar,3,92.15,0.15,234.99,12.64,Cash,2024,May,5,Q2,5.38,,
ORD03709,2024-05-05,Sana Kapoor,Consumer,A4 Copy Paper,Office Supplies,Paper,East,Ranchi,10,5.72,0.15,48.58,4.69,UPI,2024,May,5,Q2,9.65,,
ORD04396,2024-05-05,Diya Sharma,Corporate,Mechanical Keyboard,Technology,Accessories,East,Guwahati,4,70.1,0.1,252.38,28.42,UPI,2024,May,5,Q2,11.26,,
ORD04765,2024-05-05,Sana Kapoor,Consumer,Ball Pen Set,Office Supplies,Stationery,West,Surat,1,7.69,0.0,7.69,2.45,UPI,2024,May,5,Q2,31.86,,
ORD01872,2024-05-06,Ishita Gupta,Corporate,Conference Table,Furniture,Tables,South,Bengaluru,3,433.59,0.0,1300.78,167.15,Credit Card,2024,May,5,Q2,12.85,,
ORD01930,2024-05-06,Kunal Bansal,Consumer,Apple iPhone 13,Technology,Phones,East,Ranchi,4,667.71,0.3,1869.59,-101.1,Net Banking,2024,May,5,Q2,-5.41,,
ORD03231,2024-05-06,Dev Agarwal,Consumer,Samsung Galaxy A54,Technology,Phones,West,Surat,5,341.56,0.0,1707.79,165.72,UPI,2024,May,5,Q2,9.7,,
ORD03389,2024-05-06,Ananya Iyer,Consumer,HP Laser Printer,Technology,Printers,West,Pune,6,216.07,0.15,1101.95,26.5,Cash,2024,May,5,Q2,2.4,,
ORD03471,2024-05-06,Dev Agarwal,Corporate,Apple iPhone 13,Technology,Phones,South,Bengaluru,6,668.35,0.15,3408.59,15.15,UPI,2024,May,5,Q2,0.44,,
ORD03836,2024-05-06,Diya Sharma,Small Business,Ergonomic Office Chair,Furniture,Chairs,East,Guwahati,2,153.07,0.05,290.84,42.73,UPI,2024,May,5,Q2,14.69,,
ORD00610,2024-05-07,Vivaan Singh,Consumer,Apple iPhone 13,Technology,Phones,North,Jaipur,8,632.24,0.0,5057.9,181.65,Net Banking,2024,May,5,Q2,3.59,,
ORD01039,2024-05-07,Rohan Patel,Consumer,Ring Binder,Office Supplies,Binders,South,Hyderabad,2,6.69,0.1,12.05,2.32,Credit Card,2024,May,5,Q2,19.25,,
ORD01678,2024-05-08,Vivaan Singh,Corporate,Desk Organizer,Office Supplies,Storage,South,Bengaluru,1,14.35,0.15,12.2,2.28,Net Banking,2024,May,5,Q2,18.69,,
ORD01812,2024-05-08,Meera Joshi,Consumer,Study Desk,Furniture,Tables,East,Bhubaneswar,5,169.18,0.1,761.33,28.21,Debit Card,2024,May,5,Q2,3.71,,
ORD02014,2024-05-08,Dev Agarwal,Consumer,Notebook Pack,Office Supplies,Stationery,South,Chennai,3,11.21,0.25,25.22,2.57,Net Banking,2024,May,5,Q2,10.19,,
ORD03370,2024-05-08,Tara Menon,Consumer,Mechanical Keyboard,Technology,Accessories,North,Amritsar,2,69.73,0.1,125.51,7.82,Debit Card,2024,May,5,Q2,6.23,,
ORD03740,2024-05-08,Maya Thomas,Corporate,HP Laser Printer,Technology,Printers,East,Guwahati,5,214.1,0.0,1070.51,121.32,UPI,2024,May,5,Q2,11.33,,
ORD03982,2024-05-08,Dev Agarwal,Corporate,Mechanical Keyboard,Technology,Accessories,South,Kochi,2,71.93,0.1,129.47,11.32,UPI,2024,May,5,Q2,8.74,,
ORD00400,2024-05-09,Aditya Rao,Corporate,Filing Cabinet,Furniture,Storage,West,Ahmedabad,1,99.45,0.15,84.53,3.13,UPI,2024,May,5,Q2,3.7,,
ORD02208,2024-05-09,Aarav Mehta,Consumer,Stapler,Office Supplies,Stationery,South,Bengaluru,6,9.17,0.15,46.75,8.16,UPI,2024,May,5,Q2,17.45,,
ORD03062,2024-05-09,Arjun Nair,Consumer,Desk Organizer,Office Supplies,Storage,East,Ranchi,3,13.6,0.3,28.55,1.73,Cash,2024,May,5,Q2,6.06,,
ORD03481,2024-05-09,Arjun Nair,Consumer,Samsung Galaxy A54,Technology,Phones,West,Mumbai,8,298.04,0.1,2145.9,121.8,UPI,2024,May,5,Q2,5.68,,
ORD04041,2024-05-09,Tara Menon,Small Business,Mechanical Keyboard,Technology,Accessories,North,Jaipur,1,69.01,0.1,62.11,7.68,UPI,2024,May,5,Q2,12.37,,
ORD04869,2024-05-09,Neel Malhotra,Consumer,Mechanical Keyboard,Technology,Accessories,South,Chennai,4,69.36,0.0,277.45,53.58,UPI,2024,May,5,Q2,19.31,,
ORD04893,2024-05-09,Kiara Desai,Consumer,Apple iPhone 13,Technology,Phones,West,Mumbai,3,653.01,0.05,1861.07,19.65,UPI,2024,May,5,Q2,1.06,,
ORD00015,2024-05-10,Kiara Desai,Consumer,Study Desk,Furniture,Tables,West,Ahmedabad,2,181.37,0.1,326.46,24.72,UPI,2024,May,5,Q2,7.57,,
ORD01907,2024-05-10,Ishita Gupta,Consumer,Study Desk,Furniture,Tables,North,Amritsar,2,176.84,0.1,318.31,32.59,Credit Card,2024,May,5,Q2,10.24,,
ORD04747,2024-05-10,Sana Kapoor,Consumer,A4 Copy Paper,Office Supplies,Paper,East,Kolkata,2,6.33,0.0,12.66,2.61,Net Banking,2024,May,5,Q2,20.62,,
ORD01073,2024-05-11,Riya Kulkarni,Consumer,Desk Organizer,Office Supplies,Storage,South,Kochi,1,14.57,0.15,12.39,1.66,Net Banking,2024,May,5,Q2,13.4,,
ORD04702,2024-05-11,Rahul Verma,Consumer,A4 Copy Paper,Office Supplies,Paper,East,Guwahati,6,6.23,0.2,29.9,4.35,Net Banking,2024,May,5,Q2,14.55,,
ORD01401,2024-05-12,Meera Joshi,Small Business,Conference Table,Furniture,Tables,East,Guwahati,2,401.35,0.05,762.57,91.05,Net Banking,2024,May,5,Q2,11.94,,
ORD01906,2024-05-12,Vivaan Singh,Consumer,HP Laser Printer,Technology,Printers,West,Surat,3,207.17,0.2,497.21,22.81,UPI,2024,May,5,Q2,4.59,,
ORD02047,2024-05-12,Aarav Mehta,Consumer,Desk Organizer,Office Supplies,Storage,South,Chennai,1,13.27,0.1,11.94,2.49,UPI,2024,May,5,Q2,20.85,,
ORD02586,2024-05-12,Sana Kapoor,Consumer,HP Laser Printer,Technology,Printers,South,Bengaluru,2,215.91,0.1,388.63,35.87,Credit Card,2024,May,5,Q2,9.23,,
ORD02767,2024-05-12,Meera Joshi,Corporate,HP Pavilion 15,Technology,Laptops,West,Ahmedabad,1,714.68,0.15,607.48,9.66,Debit Card,2024,May,5,Q2,1.59,,
ORD04297,2024-05-12,Dev Agarwal,Consumer,HP Laser Printer,Technology,Printers,North,Lucknow,1,220.89,0.25,165.66,-5.3,UPI,2024,May,5,Q2,-3.2,,
ORD00093,2024-05-13,Rohan Patel,Consumer,Apple iPhone 13,Technology,Phones,East,Ranchi,5,646.64,0.2,2586.54,-38.73,UPI,2024,May,5,Q2,-1.5,,
ORD01430,2024-05-13,Arjun Nair,Consumer,Lenovo IdeaPad 3,Technology,Laptops,South,Coimbatore,1,525.06,0.25,393.8,-27.24,Net Banking,2024,May,5,Q2,-6.92,,
ORD03066,2024-05-13,Aisha Khan,Small Business,HP Pavilion 15,Technology,Laptops,North,Jaipur,5,660.35,0.15,2806.5,58.58,UPI,2024,May,5,Q2,2.09,,
ORD03574,2024-05-13,Diya Sharma,Consumer,Logitech Wireless Mouse,Technology,Accessories,South,Hyderabad,2,28.4,0.15,48.28,4.19,Credit Card,2024,May,5,Q2,8.68,,
ORD01808,2024-05-14,Sana Kapoor,Corporate,Lenovo IdeaPad 3,Technology,Laptops,North,Amritsar,5,504.97,0.25,1893.62,-59.4,Credit Card,2024,May,5,Q2,-3.14,,
ORD01890,2024-05-14,Kiara Desai,Corporate,Apple iPhone 13,Technology,Phones,West,Surat,1,632.53,0.1,569.28,4.15,UPI,2024,May,5,Q2,0.73,,
ORD02002,2024-05-14,Ananya Iyer,Corporate,A4 Copy Paper,Office Supplies,Paper,East,Patna,1,5.68,0.1,5.11,0.98,Debit Card,2024,May,5,Q2,19.18,,
ORD02471,2024-05-14,Tara Menon,Corporate,Conference Table,Furniture,Tables,South,Hyderabad,2,410.9,0.05,780.71,44.6,Net Banking,2024,May,5,Q2,5.71,,
ORD04619,2024-05-14,Ishita Gupta,Consumer,Ergonomic Office Chair,Furniture,Chairs,East,Bhubaneswar,2,154.01,0.1,277.21,29.5,Credit Card,2024,May,5,Q2,10.64,,
ORD04721,2024-05-14,Rahul Verma,Consumer,Samsung Galaxy A54,Technology,Phones,South,Coimbatore,2,310.49,0.0,620.98,81.67,Credit Card,2024,May,5,Q2,13.15,,
ORD04774,2024-05-14,Diya Sharma,Consumer,Ring Binder,Office Supplies,Binders,South,Coimbatore,3,6.7,0.15,17.08,3.05,Debit Card,2024,May,5,Q2,17.86,,
ORD01778,2024-05-15,Arjun Nair,Corporate,A4 Copy Paper,Office Supplies,Paper,West,Pune,5,5.63,0.1,25.32,4.41,Credit Card,2024,May,5,Q2,17.42,,
ORD02672,2024-05-15,Dev Agarwal,Corporate,Logitech Wireless Mouse,Technology,Accessories,East,Patna,1,29.36,0.05,27.89,3.63,UPI,2024,May,5,Q2,13.02,,
ORD03044,2024-05-15,Aarav Mehta,Corporate,Ergonomic Office Chair,Furniture,Chairs,South,Kochi,3,153.22,0.05,436.69,46.81,Net Banking,2024,May,5,Q2,10.72,,
ORD03472,2024-05-15,Vivaan Singh,Consumer,Conference Table,Furniture,Tables,North,Delhi,1,399.93,0.3,279.95,-21.2,UPI,2024,May,5,Q2,-7.57,,
ORD04632,2024-05-15,Rahul Verma,Small Business,A4 Copy Paper,Office Supplies,Paper,South,Coimbatore,3,5.81,0.2,13.94,1.23,UPI,2024,May,5,Q2,8.82,,
ORD00546,2024-05-16,Rohan Patel,Consumer,USB-C Hub,Technology,Accessories,East,Guwahati,5,34.65,0.1,155.93,22.58,Credit Card,2024,May,5,Q2,14.48,,
ORD00592,2024-05-16,Riya Kulkarni,Consumer,A4 Copy Paper,Office Supplies,Paper,East,Bhubaneswar,3,6.03,0.1,16.28,2.78,Debit Card,2024,May,5,Q2,17.08,,
ORD01191,2024-05-16,Dev Agarwal,Corporate,USB-C Hub,Technology,Accessories,East,Guwahati,1,36.46,0.15,30.99,4.01,UPI,2024,May,5,Q2,12.94,,
ORD01540,2024-05-16,Kiara Desai,Consumer,Mechanical Keyboard,Technology,Accessories,South,Hyderabad,1,70.55,0.05,67.03,11.06,UPI,2024,May,5,Q2,16.5,,
ORD02072,2024-05-16,Riya Kulkarni,Consumer,Filing Cabinet,Furniture,Storage,North,Jaipur,3,93.56,0.2,224.56,3.8,Credit Card,2024,May,5,Q2,1.69,,
ORD02161,2024-05-16,Sana Kapoor,Consumer,HP Pavilion 15,Technology,Laptops,North,Delhi,3,723.03,0.1,1952.19,58.63,Credit Card,2024,May,5,Q2,3.0,,
ORD03070,2024-05-16,Ishita Gupta,Consumer,HP Laser Printer,Technology,Printers,East,Patna,1,210.96,0.25,158.22,-8.88,UPI,2024,May,5,Q2,-5.61,,
ORD04054,2024-05-16,Sana Kapoor,Consumer,Logitech Wireless Mouse,Technology,Accessories,East,Guwahati,1,28.84,0.15,24.51,1.64,Credit Card,2024,May,5,Q2,6.69,,
ORD04209,2024-05-16,Sana Kapoor,Corporate,Mechanical Keyboard,Technology,Accessories,West,Surat,10,76.77,0.1,690.94,53.62,UPI,2024,May,5,Q2,7.76,,
ORD00107,2024-05-17,Neel Malhotra,Consumer,Ring Binder,Office Supplies,Binders,East,Patna,3,6.8,0.15,17.33,3.05,Credit Card,2024,May,5,Q2,17.6,,
ORD01020,2024-05-17,Arjun Nair,Consumer,HP Pavilion 15,Technology,Laptops,South,Bengaluru,1,642.94,0.15,546.5,3.52,UPI,2024,May,5,Q2,0.64,,
ORD01750,2024-05-17,Diya Sharma,Corporate,Samsung Galaxy A54,Technology,Phones,East,Ranchi,5,324.23,0.2,1296.92,-21.38,Debit Card,2024,May,5,Q2,-1.65,,
ORD04213,2024-05-17,Ananya Iyer,Consumer,Study Desk,Furniture,Tables,South,Bengaluru,2,186.73,0.1,336.11,27.75,UPI,2024,May,5,Q2,8.26,,
ORD00010,2024-05-18,Arjun Nair,Consumer,HP Laser Printer,Technology,Printers,North,Delhi,4,212.39,0.0,849.57,115.26,Cash,2024,May,5,Q2,13.57,,
ORD00945,2024-05-18,Ananya Iyer,Consumer,Conference Table,Furniture,Tables,West,Surat,10,399.39,0.0,3993.94,308.95,UPI,2024,May,5,Q2,7.74,,
ORD01833,2024-05-18,Sana Kapoor,Corporate,A4 Copy Paper,Office Supplies,Paper,East,Ranchi,2,5.85,0.15,9.95,1.18,UPI,2024,May,5,Q2,11.86,,
ORD01289,2024-05-19,Meera Joshi,Consumer,Logitech Wireless Mouse,Technology,Accessories,North,Jaipur,2,29.83,0.05,56.68,7.87,Credit Card,2024,May,5,Q2,13.88,,
ORD02589,2024-05-19,Aditya Rao,Consumer,USB-C Hub,Technology,Accessories,North,Jaipur,2,36.06,0.3,50.48,2.13,Cash,2024,May,5,Q2,4.22,,
ORD02832,2024-05-19,Kabir Shah,Corporate,USB-C Hub,Technology,Accessories,South,Bengaluru,10,35.97,0.25,269.81,14.01,Debit Card,2024,May,5,Q2,5.19,,
ORD03115,2024-05-19,Sana Kapoor,Small Business,Desk Organizer,Office Supplies,Storage,South,Bengaluru,5,14.82,0.0,74.08,16.14,Debit Card,2024,May,5,Q2,21.79,,
ORD03461,2024-05-19,Tara Menon,Corporate,Desk Organizer,Office Supplies,Storage,South,Coimbatore,2,13.22,0.1,23.79,3.09,UPI,2024,May,5,Q2,12.99,,
ORD03623,2024-05-19,Aditya Rao,Small Business,HP Laser Printer,Technology,Printers,West,Nagpur,2,197.99,0.2,316.78,17.77,Debit Card,2024,May,5,Q2,5.61,,
ORD03753,2024-05-19,Aditya Rao,Corporate,Bookshelf,Furniture,Storage,North,Chandigarh,8,103.4,0.15,703.15,71.1,Net Banking,2024,May,5,Q2,10.11,,
ORD04080,2024-05-19,Aisha Khan,Small Business,Bookshelf,Furniture,Storage,South,Bengaluru,1,108.3,0.2,86.64,0.43,Net Banking,2024,May,5,Q2,0.5,,
ORD04159,2024-05-19,Diya Sharma,Consumer,Logitech Wireless Mouse,Technology,Accessories,South,Kochi,3,28.65,0.15,73.06,8.49,Credit Card,2024,May,5,Q2,11.62,,
ORD02222,2024-05-20,Aarav Mehta,Corporate,A4 Copy Paper,Office Supplies,Paper,East,Ranchi,1,5.67,0.15,4.82,0.83,UPI,2024,May,5,Q2,17.22,,
ORD00684,2024-05-21,Maya Thomas,Corporate,A4 Copy Paper,Office Supplies,Paper,South,Coimbatore,1,5.94,0.05,5.64,1.03,Debit Card,2024,May,5,Q2,18.26,,
ORD02053,2024-05-21,Ananya Iyer,Corporate,Ring Binder,Office Supplies,Binders,North,Chandigarh,4,7.25,0.1,26.1,5.66,Debit Card,2024,May,5,Q2,21.69,,
ORD02655,2024-05-21,Aditya Rao,Consumer,Study Desk,Furniture,Tables,South,Chennai,3,175.42,0.3,368.38,-21.1,Credit Card,2024,May,5,Q2,-5.73,,
ORD03998,2024-05-21,Neel Malhotra,Consumer,Ring Binder,Office Supplies,Binders,South,Hyderabad,3,6.6,0.15,16.82,3.64,Credit Card,2024,May,5,Q2,21.64,,
ORD04018,2024-05-21,Dev Agarwal,Corporate,Bookshelf,Furniture,Storage,North,Amritsar,5,113.76,0.15,483.46,7.79,Credit Card,2024,May,5,Q2,1.61,,
ORD04688,2024-05-21,Vivaan Singh,Consumer,HP Pavilion 15,Technology,Laptops,East,Guwahati,4,640.22,0.05,2432.85,223.36,Credit Card,2024,May,5,Q2,9.18,,
ORD00253,2024-05-22,Diya Sharma,Small Business,Bookshelf,Furniture,Storage,South,Kochi,4,111.55,0.2,356.97,11.7,Credit Card,2024,May,5,Q2,3.28,,
ORD03088,2024-05-22,Rahul Verma,Small Business,Ring Binder,Office Supplies,Binders,North,Delhi,4,7.47,0.1,26.89,5.53,Debit Card,2024,May,5,Q2,20.57,,
ORD03124,2024-05-22,Maya Thomas,Consumer,USB-C Hub,Technology,Accessories,West,Nagpur,2,36.77,0.0,73.54,17.59,UPI,2024,May,5,Q2,23.92,,
ORD00396,2024-05-23,Rohan Patel,Consumer,Conference Table,Furniture,Tables,East,Guwahati,4,397.48,0.1,1430.94,49.67,UPI,2024,May,5,Q2,3.47,,
ORD00729,2024-05-23,Maya Thomas,Corporate,Logitech Wireless Mouse,Technology,Accessories,West,Mumbai,1,26.68,0.0,26.68,4.83,UPI,2024,May,5,Q2,18.1,,
ORD00783,2024-05-23,Kunal Bansal,Small Business,Desk Organizer,Office Supplies,Storage,South,Kochi,2,14.43,0.1,25.98,4.23,Credit Card,2024,May,5,Q2,16.28,,
ORD01942,2024-05-23,Rohan Patel,Consumer,Lenovo IdeaPad 3,Technology,Laptops,North,Delhi,3,499.45,0.15,1273.6,64.04,UPI,2024,May,5,Q2,5.03,,
ORD03379,2024-05-23,Aditya Rao,Consumer,Conference Table,Furniture,Tables,West,Pune,1,410.11,0.0,410.11,50.33,Cash,2024,May,5,Q2,12.27,,
ORD04502,2024-05-23,Rohan Patel,Consumer,Lenovo IdeaPad 3,Technology,Laptops,North,Jaipur,10,494.47,0.1,4450.19,203.77,Credit Card,2024,May,5,Q2,4.58,,
ORD04663,2024-05-23,Riya Kulkarni,Consumer,Ergonomic Office Chair,Furniture,Chairs,North,Amritsar,1,154.02,0.0,154.02,19.03,UPI,2024,May,5,Q2,12.36,,
ORD00111,2024-05-24,Riya Kulkarni,Consumer,Notebook Pack,Office Supplies,Stationery,East,Ranchi,4,11.41,0.15,38.79,6.13,UPI,2024,May,5,Q2,15.8,,
ORD02212,2024-05-24,Aisha Khan,Small Business,Study Desk,Furniture,Tables,South,Hyderabad,4,168.1,0.3,470.69,-18.33,Debit Card,2024,May,5,Q2,-3.89,,
ORD01090,2024-05-25,Meera Joshi,Consumer,HP Pavilion 15,Technology,Laptops,South,Chennai,6,689.37,0.1,3722.62,218.64,Credit Card,2024,May,5,Q2,5.87,,
ORD01423,2024-05-25,Riya Kulkarni,Consumer,Desk Organizer,Office Supplies,Storage,North,Amritsar,2,14.31,0.25,21.47,2.61,Net Banking,2024,May,5,Q2,12.16,,
ORD02025,2024-05-25,Neel Malhotra,Consumer,Dell 24-inch Monitor,Technology,Monitors,West,Surat,3,180.77,0.25,406.73,-1.72,UPI,2024,May,5,Q2,-0.42,,
ORD02603,2024-05-25,Ishita Gupta,Consumer,HP Laser Printer,Technology,Printers,South,Hyderabad,2,216.4,0.05,411.16,47.78,Net Banking,2024,May,5,Q2,11.62,,
ORD02915,2024-05-25,Aditya Rao,Consumer,Mechanical Keyboard,Technology,Accessories,South,Kochi,2,69.48,0.0,138.96,23.97,Net Banking,2024,May,5,Q2,17.25,,
ORD02872,2024-05-26,Maya Thomas,Consumer,Samsung Galaxy A54,Technology,Phones,North,Lucknow,4,336.72,0.2,1077.51,-33.99,Net Banking,2024,May,5,Q2,-3.15,,
ORD00399,2024-05-27,Sana Kapoor,Corporate,Apple iPhone 13,Technology,Phones,South,Kochi,2,610.04,0.15,1037.07,26.08,Cash,2024,May,5,Q2,2.51,,
ORD00458,2024-05-27,Meera Joshi,Consumer,Stapler,Office Supplies,Stationery,North,Delhi,1,8.75,0.05,8.31,1.89,UPI,2024,May,5,Q2,22.74,,
ORD01002,2024-05-27,Neel Malhotra,Small Business,Logitech Wireless Mouse,Technology,Accessories,South,Bengaluru,6,29.57,0.05,168.57,19.36,UPI,2024,May,5,Q2,11.48,,
ORD02263,2024-05-27,Maya Thomas,Corporate,Mechanical Keyboard,Technology,Accessories,South,Bengaluru,1,70.08,0.05,66.57,9.44,Net Banking,2024,May,5,Q2,14.18,,
ORD02860,2024-05-27,Meera Joshi,Consumer,Mechanical Keyboard,Technology,Accessories,East,Ranchi,3,74.2,0.25,166.94,-1.54,Net Banking,2024,May,5,Q2,-0.92,,
ORD04446,2024-05-27,Rohan Patel,Corporate,Notebook Pack,Office Supplies,Stationery,East,Guwahati,2,12.73,0.25,19.1,2.09,UPI,2024,May,5,Q2,10.94,,
ORD00057,2024-05-28,Dev Agarwal,Small Business,Apple iPhone 13,Technology,Phones,West,Ahmedabad,10,604.53,0.0,6045.29,614.82,Net Banking,2024,May,5,Q2,10.17,,
ORD04170,2024-05-28,Vivaan Singh,Corporate,A4 Copy Paper,Office Supplies,Paper,South,Kochi,1,6.26,0.1,5.64,1.2,Debit Card,2024,May,5,Q2,21.28,,
ORD04481,2024-05-28,Meera Joshi,Small Business,HP Laser Printer,Technology,Printers,East,Ranchi,3,196.54,0.05,560.13,56.11,Debit Card,2024,May,5,Q2,10.02,,
ORD01508,2024-05-29,Diya Sharma,Consumer,A4 Copy Paper,Office Supplies,Paper,West,Ahmedabad,4,6.27,0.25,18.8,1.62,Net Banking,2024,May,5,Q2,8.62,,
ORD02736,2024-05-29,Tara Menon,Small Business,Mechanical Keyboard,Technology,Accessories,North,Lucknow,3,76.65,0.05,218.46,30.41,Credit Card,2024,May,5,Q2,13.92,,
ORD04504,2024-05-29,Kiara Desai,Small Business,Ergonomic Office Chair,Furniture,Chairs,North,Amritsar,5,150.28,0.15,638.69,28.8,UPI,2024,May,5,Q2,4.51,,
ORD00760,2024-05-30,Kabir Shah,Consumer,Ball Pen Set,Office Supplies,Stationery,West,Nagpur,2,8.29,0.2,13.26,2.36,UPI,2024,May,5,Q2,17.8,,
ORD01010,2024-05-30,Ananya Iyer,Consumer,Notebook Pack,Office Supplies,Stationery,North,Delhi,3,12.79,0.0,38.36,9.67,Net Banking,2024,May,5,Q2,25.21,,
ORD01137,2024-05-30,Vivaan Singh,Corporate,Conference Table,Furniture,Tables,North,Amritsar,4,436.41,0.05,1658.37,137.16,Credit Card,2024,May,5,Q2,8.27,,
ORD01566,2024-05-30,Tara Menon,Consumer,A4 Copy Paper,Office Supplies,Paper,South,Hyderabad,3,5.85,0.1,15.79,2.63,UPI,2024,May,5,Q2,16.66,,
ORD03047,2024-05-30,Sana Kapoor,Consumer,HP Laser Printer,Technology,Printers,West,Pune,3,210.13,0.25,472.78,-9.77,UPI,2024,May,5,Q2,-2.07,,
ORD00088,2024-05-31,Sana Kapoor,Small Business,A4 Copy Paper,Office Supplies,Paper,East,Bhubaneswar,1,6.38,0.05,6.06,1.39,UPI,2024,May,5,Q2,22.94,,
ORD01291,2024-05-31,Neel Malhotra,Consumer,Stapler,Office Supplies,Stationery,East,Kolkata,4,9.04,0.05,34.34,8.18,Debit Card,2024,May,5,Q2,23.82,,
ORD01365,2024-05-31,Dev Agarwal,Consumer,Apple iPhone 13,Technology,Phones,East,Patna,5,642.43,0.0,3212.14,346.01,Debit Card,2024,May,5,Q2,10.77,,
ORD02371,2024-05-31,Rohan Patel,Corporate,Samsung Galaxy A54,Technology,Phones,East,Kolkata,2,302.98,0.05,575.65,39.0,UPI,2024,May,5,Q2,6.77,,
ORD00306,2024-06-01,Neel Malhotra,Consumer,Ring Binder,Office Supplies,Binders,South,Hyderabad,2,7.49,0.15,12.73,1.84,Credit Card,2024,Jun,6,Q2,14.45,,
ORD02511,2024-06-01,Ishita Gupta,Consumer,Apple iPhone 13,Technology,Phones,East,Patna,4,657.27,0.1,2366.17,9.09,UPI,2024,Jun,6,Q2,0.38,,
ORD02833,2024-06-01,Vivaan Singh,Consumer,A4 Copy Paper,Office Supplies,Paper,North,Jaipur,2,6.38,0.1,11.48,1.43,Credit Card,2024,Jun,6,Q2,12.46,,
ORD04804,2024-06-01,Neel Malhotra,Corporate,Logitech Wireless Mouse,Technology,Accessories,North,Delhi,8,26.46,0.1,190.48,21.44,UPI,2024,Jun,6,Q2,11.26,,
ORD04857,2024-06-01,Kiara Desai,Corporate,Ball Pen Set,Office Supplies,Stationery,North,Delhi,3,8.36,0.15,21.33,4.19,UPI,2024,Jun,6,Q2,19.64,,
ORD01358,2024-06-02,Diya Sharma,Consumer,HP Pavilion 15,Technology,Laptops,North,Amritsar,2,706.61,0.0,1413.23,206.61,Net Banking,2024,Jun,6,Q2,14.62,,
ORD01646,2024-06-02,Neel Malhotra,Consumer,Samsung Galaxy A54,Technology,Phones,West,Nagpur,5,326.88,0.3,1144.06,-73.63,Credit Card,2024,Jun,6,Q2,-6.44,,
ORD01977,2024-06-02,Dev Agarwal,Small Business,USB-C Hub,Technology,Accessories,East,Bhubaneswar,6,34.59,0.0,207.55,44.88,Credit Card,2024,Jun,6,Q2,21.62,,
ORD02559,2024-06-02,Maya Thomas,Consumer,Lenovo IdeaPad 3,Technology,Laptops,North,Jaipur,1,497.17,0.25,372.88,-2.43,Credit Card,2024,Jun,6,Q2,-0.65,,
ORD03884,2024-06-02,Dev Agarwal,Consumer,Mechanical Keyboard,Technology,Accessories,South,Hyderabad,1,76.03,0.0,76.03,11.31,Debit Card,2024,Jun,6,Q2,14.88,,
ORD04650,2024-06-02,Meera Joshi,Corporate,A4 Copy Paper,Office Supplies,Paper,South,Hyderabad,2,5.6,0.15,9.53,1.71,Credit Card,2024,Jun,6,Q2,17.94,,
ORD01177,2024-06-03,Neel Malhotra,Consumer,Ergonomic Office Chair,Furniture,Chairs,South,Coimbatore,1,152.02,0.05,144.42,14.54,Credit Card,2024,Jun,6,Q2,10.07,,
ORD02637,2024-06-03,Arjun Nair,Consumer,USB-C Hub,Technology,Accessories,North,Jaipur,2,35.91,0.25,53.87,3.69,Net Banking,2024,Jun,6,Q2,6.85,,
ORD03755,2024-06-03,Kunal Bansal,Consumer,A4 Copy Paper,Office Supplies,Paper,South,Chennai,4,6.38,0.15,21.68,2.84,UPI,2024,Jun,6,Q2,13.1,,
ORD00624,2024-06-04,Aarav Mehta,Corporate,Filing Cabinet,Furniture,Storage,North,Delhi,2,101.64,0.15,172.78,17.41,UPI,2024,Jun,6,Q2,10.08,,
ORD00977,2024-06-04,Rohan Patel,Consumer,Apple iPhone 13,Technology,Phones,North,Delhi,4,664.52,0.3,1860.65,-216.25,UPI,2024,Jun,6,Q2,-11.62,,
ORD01322,2024-06-04,Kunal Bansal,Consumer,USB-C Hub,Technology,Accessories,East,Kolkata,10,32.92,0.3,230.45,11.41,UPI,2024,Jun,6,Q2,4.95,,
ORD02827,2024-06-04,Arjun Nair,Corporate,Dell 24-inch Monitor,Technology,Monitors,North,Delhi,2,170.3,0.3,238.42,-21.7,Credit Card,2024,Jun,6,Q2,-9.1,,
ORD03095,2024-06-04,Riya Kulkarni,Corporate,Apple iPhone 13,Technology,Phones,West,Ahmedabad,1,623.48,0.25,467.61,-35.16,Debit Card,2024,Jun,6,Q2,-7.52,,
ORD04258,2024-06-04,Riya Kulkarni,Corporate,Desk Organizer,Office Supplies,Storage,East,Ranchi,2,14.39,0.05,27.34,5.27,UPI,2024,Jun,6,Q2,19.28,,
ORD04912,2024-06-04,Aarav Mehta,Consumer,Bookshelf,Furniture,Storage,East,Bhubaneswar,3,108.52,0.1,292.99,31.06,Net Banking,2024,Jun,6,Q2,10.6,,
ORD04977,2024-06-04,Aarav Mehta,Consumer,A4 Copy Paper,Office Supplies,Paper,North,Delhi,2,5.66,0.15,9.61,1.26,Credit Card,2024,Jun,6,Q2,13.11,,
ORD00355,2024-06-05,Sana Kapoor,Consumer,Logitech Wireless Mouse,Technology,Accessories,North,Delhi,4,27.34,0.15,92.95,9.04,Cash,2024,Jun,6,Q2,9.73,,
ORD02090,2024-06-05,Neel Malhotra,Small Business,Dell 24-inch Monitor,Technology,Monitors,South,Kochi,2,179.08,0.05,340.24,29.42,Credit Card,2024,Jun,6,Q2,8.65,,
ORD00027,2024-06-06,Diya Sharma,Consumer,Mechanical Keyboard,Technology,Accessories,North,Jaipur,1,71.42,0.1,64.28,6.53,UPI,2024,Jun,6,Q2,10.16,,
ORD00237,2024-06-06,Kunal Bansal,Consumer,Bookshelf,Furniture,Storage,North,Jaipur,10,113.36,0.0,1133.6,147.64,UPI,2024,Jun,6,Q2,13.02,,
ORD01545,2024-06-06,Tara Menon,Corporate,Mechanical Keyboard,Technology,Accessories,East,Ranchi,6,67.27,0.1,363.27,43.81,Net Banking,2024,Jun,6,Q2,12.06,,
ORD02670,2024-06-06,Kunal Bansal,Corporate,Logitech Wireless Mouse,Technology,Accessories,West,Ahmedabad,1,29.55,0.1,26.6,3.05,Credit Card,2024,Jun,6,Q2,11.47,,
ORD03870,2024-06-06,Rahul Verma,Small Business,Dell 24-inch Monitor,Technology,Monitors,West,Nagpur,3,176.48,0.0,529.43,65.22,Credit Card,2024,Jun,6,Q2,12.32,,
ORD03988,2024-06-06,Sana Kapoor,Consumer,Ring Binder,Office Supplies,Binders,North,Lucknow,1,6.73,0.2,5.39,0.7,Credit Card,2024,Jun,6,Q2,12.99,,
ORD04614,2024-06-06,Ananya Iyer,Consumer,Dell 24-inch Monitor,Technology,Monitors,East,Bhubaneswar,2,180.16,0.2,288.26,3.41,UPI,2024,Jun,6,Q2,1.18,,
ORD00884,2024-06-07,Ananya Iyer,Consumer,Bookshelf,Furniture,Storage,West,Mumbai,4,112.4,0.0,449.6,73.47,Credit Card,2024,Jun,6,Q2,16.34,,
ORD00901,2024-06-07,Maya Thomas,Consumer,Logitech Wireless Mouse,Technology,Accessories,East,Patna,2,26.59,0.25,39.89,1.17,UPI,2024,Jun,6,Q2,2.93,,
ORD01643,2024-06-07,Rohan Patel,Corporate,Notebook Pack,Office Supplies,Stationery,East,Ranchi,3,12.3,0.0,36.91,9.85,Debit Card,2024,Jun,6,Q2,26.69,,
ORD01780,2024-06-07,Dev Agarwal,Consumer,HP Laser Printer,Technology,Printers,South,Coimbatore,3,204.16,0.2,490.0,18.82,Debit Card,2024,Jun,6,Q2,3.84,,
ORD01831,2024-06-07,Vivaan Singh,Small Business,Study Desk,Furniture,Tables,South,Coimbatore,2,173.22,0.1,311.8,35.32,Credit Card,2024,Jun,6,Q2,11.33,,
ORD02706,2024-06-07,Arjun Nair,Corporate,Samsung Galaxy A54,Technology,Phones,East,Patna,5,341.58,0.15,1451.7,-10.99,Credit Card,2024,Jun,6,Q2,-0.76,,
ORD04405,2024-06-07,Vivaan Singh,Consumer,HP Laser Printer,Technology,Printers,East,Guwahati,1,217.1,0.05,206.24,20.65,Debit Card,2024,Jun,6,Q2,10.01,,
ORD00551,2024-06-08,Diya Sharma,Consumer,Notebook Pack,Office Supplies,Stationery,North,Delhi,5,11.32,0.25,42.45,4.58,Debit Card,2024,Jun,6,Q2,10.79,,
ORD00984,2024-06-08,Aisha Khan,Consumer,A4 Copy Paper,Office Supplies,Paper,South,Chennai,1,6.13,0.0,6.13,1.26,Net Banking,2024,Jun,6,Q2,20.55,,
ORD01488,2024-06-08,Kunal Bansal,Consumer,Notebook Pack,Office Supplies,Stationery,North,Jaipur,2,11.19,0.0,22.39,6.26,Credit Card,2024,Jun,6,Q2,27.96,,
ORD02971,2024-06-08,Tara Menon,Consumer,Study Desk,Furniture,Tables,North,Delhi,2,180.82,0.15,307.39,15.94,UPI,2024,Jun,6,Q2,5.19,,
ORD00035,2024-06-09,Maya Thomas,Small Business,Filing Cabinet,Furniture,Storage,South,Kochi,2,97.24,0.25,145.85,0.03,UPI,2024,Jun,6,Q2,0.02,,
ORD00856,2024-06-09,Rahul Verma,Consumer,Samsung Galaxy A54,Technology,Phones,South,Kochi,1,332.13,0.15,282.31,-0.41,Debit Card,2024,Jun,6,Q2,-0.15,,
ORD01227,2024-06-09,Vivaan Singh,Corporate,Conference Table,Furniture,Tables,South,Chennai,2,423.59,0.15,720.1,19.61,UPI,2024,Jun,6,Q2,2.72,,
ORD03834,2024-06-09,Rohan Patel,Small Business,Filing Cabinet,Furniture,Storage,West,Surat,6,97.39,0.0,584.35,93.61,Net Banking,2024,Jun,6,Q2,16.02,,
ORD03861,2024-06-09,Sana Kapoor,Consumer,Lenovo IdeaPad 3,Technology,Laptops,North,Amritsar,8,505.24,0.0,4041.91,482.74,UPI,2024,Jun,6,Q2,11.94,,
ORD00062,2024-06-10,Vivaan Singh,Consumer,HP Pavilion 15,Technology,Laptops,South,Chennai,2,659.22,0.15,1120.67,48.21,UPI,2024,Jun,6,Q2,4.3,,
ORD03546,2024-06-10,Kabir Shah,Consumer,Mechanical Keyboard,Technology,Accessories,West,Surat,8,67.18,0.05,510.54,49.63,Credit Card,2024,Jun,6,Q2,9.72,,
ORD02303,2024-06-11,Ananya Iyer,Consumer,Apple iPhone 13,Technology,Phones,East,Ranchi,3,640.87,0.2,1538.09,-21.59,Net Banking,2024,Jun,6,Q2,-1.4,,
ORD02674,2024-06-11,Kiara Desai,Corporate,Filing Cabinet,Furniture,Storage,North,Jaipur,1,99.44,0.25,74.58,0.25,Debit Card,2024,Jun,6,Q2,0.34,,
ORD02936,2024-06-11,Rahul Verma,Corporate,HP Laser Printer,Technology,Printers,West,Mumbai,2,222.06,0.25,333.08,-18.55,Credit Card,2024,Jun,6,Q2,-5.57,,
ORD04301,2024-06-11,Neel Malhotra,Consumer,Desk Organizer,Office Supplies,Storage,South,Hyderabad,3,14.25,0.2,34.21,5.31,Net Banking,2024,Jun,6,Q2,15.52,,
ORD04384,2024-06-11,Aditya Rao,Consumer,Ergonomic Office Chair,Furniture,Chairs,West,Pune,1,135.89,0.1,122.3,11.34,Credit Card,2024,Jun,6,Q2,9.27,,
ORD04691,2024-06-11,Maya Thomas,Corporate,Logitech Wireless Mouse,Technology,Accessories,North,Amritsar,2,28.81,0.15,48.97,5.63,UPI,2024,Jun,6,Q2,11.5,,
ORD04998,2024-06-11,Ananya Iyer,Consumer,Notebook Pack,Office Supplies,Stationery,South,Hyderabad,3,12.54,0.0,37.63,8.93,UPI,2024,Jun,6,Q2,23.73,,
ORD01013,2024-06-12,Aisha Khan,Consumer,Apple iPhone 13,Technology,Phones,South,Coimbatore,1,690.31,0.25,517.73,-22.05,UPI,2024,Jun,6,Q2,-4.26,,
ORD01818,2024-06-12,Rohan Patel,Consumer,Logitech Wireless Mouse,Technology,Accessories,North,Chandigarh,10,28.97,0.2,231.73,18.88,Net Banking,2024,Jun,6,Q2,8.15,,
ORD01969,2024-06-12,Kabir Shah,Corporate,Desk Organizer,Office Supplies,Storage,North,Amritsar,2,14.87,0.2,23.79,2.55,Cash,2024,Jun,6,Q2,10.72,,
ORD02677,2024-06-12,Aarav Mehta,Small Business,Desk Organizer,Office Supplies,Storage,South,Bengaluru,2,14.96,0.15,25.42,2.45,UPI,2024,Jun,6,Q2,9.64,,
ORD02996,2024-06-12,Diya Sharma,Corporate,Notebook Pack,Office Supplies,Stationery,South,Coimbatore,3,12.25,0.3,25.73,3.21,Credit Card,2024,Jun,6,Q2,12.48,,
ORD03250,2024-06-12,Ananya Iyer,Corporate,Bookshelf,Furniture,Storage,West,Mumbai,2,105.64,0.25,158.46,3.45,UPI,2024,Jun,6,Q2,2.18,,
ORD00145,2024-06-13,Kunal Bansal,Consumer,HP Pavilion 15,Technology,Laptops,South,Chennai,2,679.04,0.25,1018.56,-18.79,UPI,2024,Jun,6,Q2,-1.84,,
ORD03533,2024-06-13,Arjun Nair,Consumer,Mechanical Keyboard,Technology,Accessories,West,Mumbai,1,76.31,0.1,68.68,7.88,Credit Card,2024,Jun,6,Q2,11.47,,
ORD04643,2024-06-13,Ishita Gupta,Small Business,HP Laser Printer,Technology,Printers,East,Ranchi,2,201.58,0.05,383.01,42.56,UPI,2024,Jun,6,Q2,11.11,,
ORD00472,2024-06-14,Maya Thomas,Corporate,Study Desk,Furniture,Tables,South,Chennai,5,177.28,0.15,753.43,34.86,UPI,2024,Jun,6,Q2,4.63,,
ORD00487,2024-06-14,Aisha Khan,Consumer,Notebook Pack,Office Supplies,Stationery,East,Patna,1,11.24,0.15,9.56,1.99,Credit Card,2024,Jun,6,Q2,20.82,,
ORD01705,2024-06-14,Riya Kulkarni,Corporate,Lenovo IdeaPad 3,Technology,Laptops,East,Guwahati,4,487.54,0.05,1852.64,133.91,Debit Card,2024,Jun,6,Q2,7.23,,
ORD03023,2024-06-14,Arjun Nair,Consumer,Mechanical Keyboard,Technology,Accessories,East,Bhubaneswar,8,68.92,0.0,551.38,108.95,Debit Card,2024,Jun,6,Q2,19.76,,
ORD03912,2024-06-14,Riya Kulkarni,Small Business,Stapler,Office Supplies,Stationery,North,Lucknow,6,9.22,0.25,41.47,4.67,UPI,2024,Jun,6,Q2,11.26,,
ORD04145,2024-06-14,Diya Sharma,Consumer,Desk Organizer,Office Supplies,Storage,South,Coimbatore,1,13.46,0.15,11.44,1.56,Net Banking,2024,Jun,6,Q2,13.64,,
ORD04154,2024-06-14,Riya Kulkarni,Consumer,Mechanical Keyboard,Technology,Accessories,South,Kochi,1,73.97,0.05,70.27,9.94,Credit Card,2024,Jun,6,Q2,14.15,,
ORD04334,2024-06-14,Rahul Verma,Consumer,Apple iPhone 13,Technology,Phones,East,Kolkata,2,692.24,0.2,1107.59,-49.11,Net Banking,2024,Jun,6,Q2,-4.43,,
ORD04925,2024-06-14,Vivaan Singh,Consumer,Ball Pen Set,Office Supplies,Stationery,South,Hyderabad,3,8.31,0.05,23.68,5.47,UPI,2024,Jun,6,Q2,23.1,,
ORD01490,2024-06-15,Kabir Shah,Small Business,HP Laser Printer,Technology,Printers,East,Guwahati,3,220.05,0.05,627.14,46.0,Credit Card,2024,Jun,6,Q2,7.33,,
ORD01937,2024-06-15,Rohan Patel,Small Business,A4 Copy Paper,Office Supplies,Paper,West,Pune,3,6.23,0.2,14.95,1.91,Cash,2024,Jun,6,Q2,12.78,,
ORD01995,2024-06-15,Aditya Rao,Consumer,Dell 24-inch Monitor,Technology,Monitors,South,Coimbatore,6,174.45,0.1,942.04,67.32,Credit Card,2024,Jun,6,Q2,7.15,,
ORD02058,2024-06-15,Neel Malhotra,Corporate,Stapler,Office Supplies,Stationery,South,Coimbatore,2,9.47,0.0,18.94,4.25,Debit Card,2024,Jun,6,Q2,22.44,,
ORD03720,2024-06-15,Kunal Bansal,Consumer,HP Laser Printer,Technology,Printers,South,Bengaluru,3,212.89,0.15,542.87,28.46,UPI,2024,Jun,6,Q2,5.24,,
ORD04367,2024-06-15,Riya Kulkarni,Consumer,Notebook Pack,Office Supplies,Stationery,South,Coimbatore,3,11.4,0.0,34.21,9.88,UPI,2024,Jun,6,Q2,28.88,,
ORD00038,2024-06-16,Dev Agarwal,Small Business,Notebook Pack,Office Supplies,Stationery,North,Delhi,2,11.31,0.05,21.48,4.82,UPI,2024,Jun,6,Q2,22.44,,
ORD00710,2024-06-16,Arjun Nair,Small Business,Conference Table,Furniture,Tables,East,Bhubaneswar,4,426.52,0.05,1620.79,104.2,Credit Card,2024,Jun,6,Q2,6.43,,
ORD01228,2024-06-16,Aarav Mehta,Corporate,Apple iPhone 13,Technology,Phones,East,Bhubaneswar,1,624.8,0.05,593.56,34.19,Net Banking,2024,Jun,6,Q2,5.76,,
ORD01749,2024-06-16,Diya Sharma,Small Business,HP Pavilion 15,Technology,Laptops,South,Bengaluru,1,653.34,0.2,522.67,-10.82,UPI,2024,Jun,6,Q2,-2.07,,
ORD03831,2024-06-16,Tara Menon,Corporate,Desk Organizer,Office Supplies,Storage,South,Kochi,4,13.02,0.0,52.09,11.05,Debit Card,2024,Jun,6,Q2,21.21,,
ORD04243,2024-06-16,Arjun Nair,Consumer,Logitech Wireless Mouse,Technology,Accessories,North,Delhi,2,26.54,0.1,47.78,7.76,UPI,2024,Jun,6,Q2,16.24,,
ORD01569,2024-06-17,Rohan Patel,Consumer,Mechanical Keyboard,Technology,Accessories,West,Ahmedabad,2,76.05,0.25,114.08,1.92,Debit Card,2024,Jun,6,Q2,1.68,,
ORD01923,2024-06-17,Rahul Verma,Consumer,Ergonomic Office Chair,Furniture,Chairs,North,Chandigarh,1,152.62,0.05,144.99,8.45,Credit Card,2024,Jun,6,Q2,5.83,,
ORD03264,2024-06-17,Neel Malhotra,Corporate,USB-C Hub,Technology,Accessories,South,Coimbatore,3,34.67,0.15,88.42,8.67,Cash,2024,Jun,6,Q2,9.81,,
ORD00311,2024-06-18,Neel Malhotra,Consumer,Bookshelf,Furniture,Storage,South,Hyderabad,1,107.34,0.25,80.5,-0.15,UPI,2024,Jun,6,Q2,-0.19,,
ORD00601,2024-06-18,Rohan Patel,Consumer,Study Desk,Furniture,Tables,South,Chennai,5,178.39,0.0,891.94,102.09,UPI,2024,Jun,6,Q2,11.45,,
ORD01480,2024-06-18,Diya Sharma,Corporate,Dell 24-inch Monitor,Technology,Monitors,North,Delhi,1,179.35,0.2,143.48,9.5,Credit Card,2024,Jun,6,Q2,6.62,,
ORD02363,2024-06-18,Ananya Iyer,Consumer,Notebook Pack,Office Supplies,Stationery,West,Nagpur,3,11.5,0.1,31.05,6.2,UPI,2024,Jun,6,Q2,19.97,,
ORD01528,2024-06-19,Kiara Desai,Small Business,Ring Binder,Office Supplies,Binders,North,Lucknow,3,7.46,0.05,21.27,6.27,Credit Card,2024,Jun,6,Q2,29.48,,
ORD04272,2024-06-19,Tara Menon,Consumer,Notebook Pack,Office Supplies,Stationery,East,Patna,5,12.76,0.1,57.43,12.56,Net Banking,2024,Jun,6,Q2,21.87,,
ORD04497,2024-06-19,Aditya Rao,Corporate,A4 Copy Paper,Office Supplies,Paper,North,Lucknow,10,6.38,0.1,57.41,10.33,Credit Card,2024,Jun,6,Q2,17.99,,
ORD04698,2024-06-19,Aisha Khan,Corporate,Logitech Wireless Mouse,Technology,Accessories,South,Coimbatore,2,29.23,0.2,46.77,5.16,Credit Card,2024,Jun,6,Q2,11.03,,
ORD00384,2024-06-20,Sana Kapoor,Consumer,Ergonomic Office Chair,Furniture,Chairs,East,Guwahati,8,138.8,0.25,832.8,27.71,Credit Card,2024,Jun,6,Q2,3.33,,
ORD00754,2024-06-20,Neel Malhotra,Corporate,Apple iPhone 13,Technology,Phones,East,Bhubaneswar,4,678.71,0.1,2443.34,35.08,UPI,2024,Jun,6,Q2,1.44,,
ORD01631,2024-06-20,Ananya Iyer,Consumer,HP Laser Printer,Technology,Printers,South,Coimbatore,5,201.72,0.0,1008.58,116.81,UPI,2024,Jun,6,Q2,11.58,,
ORD02056,2024-06-20,Diya Sharma,Consumer,Stapler,Office Supplies,Stationery,West,Surat,1,9.32,0.2,7.46,0.96,Net Banking,2024,Jun,6,Q2,12.87,,
ORD03299,2024-06-20,Aditya Rao,Consumer,Apple iPhone 13,Technology,Phones,North,Jaipur,2,646.19,0.1,1163.15,68.78,UPI,2024,Jun,6,Q2,5.91,,
ORD04128,2024-06-20,Aisha Khan,Consumer,Ball Pen Set,Office Supplies,Stationery,North,Chandigarh,1,7.64,0.15,6.5,1.36,Credit Card,2024,Jun,6,Q2,20.92,,
ORD04798,2024-06-20,Maya Thomas,Consumer,USB-C Hub,Technology,Accessories,North,Lucknow,3,33.06,0.25,74.39,5.7,Cash,2024,Jun,6,Q2,7.66,,
ORD00322,2024-06-21,Vivaan Singh,Consumer,HP Pavilion 15,Technology,Laptops,South,Kochi,5,702.7,0.1,3162.16,211.16,Credit Card,2024,Jun,6,Q2,6.68,,
ORD01089,2024-06-21,Maya Thomas,Consumer,HP Laser Printer,Technology,Printers,South,Kochi,2,217.2,0.05,412.67,36.88,UPI,2024,Jun,6,Q2,8.94,,
ORD03358,2024-06-21,Riya Kulkarni,Small Business,Apple iPhone 13,Technology,Phones,West,Surat,2,680.98,0.0,1361.96,89.45,Debit Card,2024,Jun,6,Q2,6.57,,
ORD03547,2024-06-21,Dev Agarwal,Consumer,Ring Binder,Office Supplies,Binders,East,Guwahati,4,6.91,0.25,20.73,2.97,UPI,2024,Jun,6,Q2,14.33,,
ORD04029,2024-06-21,Vivaan Singh,Consumer,Desk Organizer,Office Supplies,Storage,West,Nagpur,2,13.38,0.3,18.73,0.61,Net Banking,2024,Jun,6,Q2,3.26,,
ORD04045,2024-06-21,Sana Kapoor,Consumer,Apple iPhone 13,Technology,Phones,West,Ahmedabad,1,675.09,0.15,573.83,3.31,UPI,2024,Jun,6,Q2,0.58,,
ORD04896,2024-06-21,Sana Kapoor,Consumer,Lenovo IdeaPad 3,Technology,Laptops,North,Jaipur,4,499.3,0.15,1697.63,34.28,UPI,2024,Jun,6,Q2,2.02,,
ORD00904,2024-06-22,Kunal Bansal,Consumer,Bookshelf,Furniture,Storage,South,Bengaluru,4,114.2,0.2,365.43,8.3,Debit Card,2024,Jun,6,Q2,2.27,,
ORD01343,2024-06-22,Kunal Bansal,Corporate,Samsung Galaxy A54,Technology,Phones,South,Bengaluru,4,306.79,0.2,981.73,-19.03,Net Banking,2024,Jun,6,Q2,-1.94,,
ORD01536,2024-06-22,Vivaan Singh,Corporate,Mechanical Keyboard,Technology,Accessories,North,Lucknow,3,71.18,0.2,170.84,8.91,UPI,2024,Jun,6,Q2,5.22,,
ORD01828,2024-06-22,Kiara Desai,Consumer,Lenovo IdeaPad 3,Technology,Laptops,North,Amritsar,1,515.01,0.0,515.01,100.03,Cash,2024,Jun,6,Q2,19.42,,
ORD02445,2024-06-22,Vivaan Singh,Small Business,Ball Pen Set,Office Supplies,Stationery,East,Ranchi,2,7.78,0.25,11.67,1.34,Cash,2024,Jun,6,Q2,11.48,,
ORD04534,2024-06-22,Aarav Mehta,Consumer,HP Laser Printer,Technology,Printers,West,Pune,6,195.57,0.1,1056.06,21.02,UPI,2024,Jun,6,Q2,1.99,,
ORD00138,2024-06-23,Sana Kapoor,Consumer,Ball Pen Set,Office Supplies,Stationery,South,Bengaluru,10,7.88,0.1,70.91,14.81,Cash,2024,Jun,6,Q2,20.89,,
ORD00573,2024-06-23,Ishita Gupta,Consumer,USB-C Hub,Technology,Accessories,North,Chandigarh,2,36.77,0.2,58.84,6.1,UPI,2024,Jun,6,Q2,10.37,,
ORD00966,2024-06-23,Rahul Verma,Consumer,Ball Pen Set,Office Supplies,Stationery,South,Coimbatore,3,8.26,0.0,24.79,6.31,Debit Card,2024,Jun,6,Q2,25.45,,
ORD02214,2024-06-23,Kabir Shah,Small Business,Filing Cabinet,Furniture,Storage,North,Lucknow,5,99.22,0.2,396.87,29.85,Credit Card,2024,Jun,6,Q2,7.52,,
ORD04754,2024-06-23,Riya Kulkarni,Corporate,Samsung Galaxy A54,Technology,Phones,North,Jaipur,2,342.14,0.1,615.85,28.58,Debit Card,2024,Jun,6,Q2,4.64,,
ORD01422,2024-06-24,Dev Agarwal,Small Business,USB-C Hub,Technology,Accessories,South,Bengaluru,2,34.42,0.15,58.51,7.5,UPI,2024,Jun,6,Q2,12.82,,
ORD03230,2024-06-24,Riya Kulkarni,Consumer,Mechanical Keyboard,Technology,Accessories,West,Surat,4,76.87,0.15,261.35,17.82,UPI,2024,Jun,6,Q2,6.82,,
ORD03277,2024-06-24,Arjun Nair,Small Business,Bookshelf,Furniture,Storage,East,Ranchi,1,112.16,0.1,100.94,9.93,UPI,2024,Jun,6,Q2,9.84,,
ORD03568,2024-06-24,Ishita Gupta,Consumer,Ball Pen Set,Office Supplies,Stationery,North,Delhi,10,8.21,0.25,61.55,11.46,UPI,2024,Jun,6,Q2,18.62,,
ORD04120,2024-06-24,Ishita Gupta,Consumer,Ring Binder,Office Supplies,Binders,North,Chandigarh,1,7.28,0.25,5.46,0.75,UPI,2024,Jun,6,Q2,13.74,,
ORD03530,2024-06-25,Neel Malhotra,Consumer,Ring Binder,Office Supplies,Binders,South,Hyderabad,3,7.03,0.0,21.1,4.52,Debit Card,2024,Jun,6,Q2,21.42,,
ORD03588,2024-06-25,Sana Kapoor,Consumer,Ball Pen Set,Office Supplies,Stationery,North,Jaipur,8,8.37,0.2,53.55,8.09,UPI,2024,Jun,6,Q2,15.11,,
ORD04184,2024-06-25,Ishita Gupta,Consumer,Desk Organizer,Office Supplies,Storage,West,Mumbai,1,13.47,0.25,10.1,0.72,Credit Card,2024,Jun,6,Q2,7.13,,
ORD04928,2024-06-26,Neel Malhotra,Corporate,Ball Pen Set,Office Supplies,Stationery,North,Jaipur,1,7.83,0.15,6.65,1.04,Credit Card,2024,Jun,6,Q2,15.64,,
ORD01208,2024-06-27,Ananya Iyer,Corporate,Filing Cabinet,Furniture,Storage,North,Amritsar,1,89.98,0.3,62.99,-0.54,UPI,2024,Jun,6,Q2,-0.86,,
ORD02304,2024-06-27,Arjun Nair,Small Business,Ergonomic Office Chair,Furniture,Chairs,South,Kochi,6,147.89,0.05,842.98,112.82,UPI,2024,Jun,6,Q2,13.38,,
ORD04359,2024-06-27,Neel Malhotra,Corporate,A4 Copy Paper,Office Supplies,Paper,North,Chandigarh,4,5.8,0.05,22.04,4.53,Credit Card,2024,Jun,6,Q2,20.55,,
ORD00141,2024-06-28,Maya Thomas,Consumer,Filing Cabinet,Furniture,Storage,North,Jaipur,2,90.33,0.2,144.52,0.01,Credit Card,2024,Jun,6,Q2,0.01,,
ORD01479,2024-06-28,Diya Sharma,Consumer,Study Desk,Furniture,Tables,South,Bengaluru,2,176.2,0.15,299.54,6.99,Cash,2024,Jun,6,Q2,2.33,,
ORD02415,2024-06-28,Ishita Gupta,Consumer,Stapler,Office Supplies,Stationery,East,Patna,1,9.05,0.25,6.79,0.64,Credit Card,2024,Jun,6,Q2,9.43,,
ORD03295,2024-06-28,Maya Thomas,Consumer,Logitech Wireless Mouse,Technology,Accessories,East,Guwahati,3,26.19,0.2,62.85,5.93,UPI,2024,Jun,6,Q2,9.44,,
ORD03684,2024-06-28,Diya Sharma,Consumer,Conference Table,Furniture,Tables,West,Nagpur,8,407.52,0.15,2771.16,83.59,UPI,2024,Jun,6,Q2,3.02,,
ORD04963,2024-06-28,Meera Joshi,Consumer,A4 Copy Paper,Office Supplies,Paper,West,Pune,5,5.75,0.05,27.29,4.21,UPI,2024,Jun,6,Q2,15.43,,
ORD00222,2024-06-30,Kunal Bansal,Corporate,Lenovo IdeaPad 3,Technology,Laptops,South,Bengaluru,8,514.58,0.3,2881.67,-111.69,Debit Card,2024,Jun,6,Q2,-3.88,,
ORD02357,2024-06-30,Vivaan Singh,Consumer,Study Desk,Furniture,Tables,South,Bengaluru,1,186.5,0.2,149.2,10.59,Net Banking,2024,Jun,6,Q2,7.1,,
ORD00622,2024-07-01,Arjun Nair,Corporate,Lenovo IdeaPad 3,Technology,Laptops,East,Guwahati,1,537.44,0.15,456.82,22.98,Cash,2024,Jul,7,Q3,5.03,,
ORD00746,2024-07-01,Diya Sharma,Consumer,HP Pavilion 15,Technology,Laptops,West,Mumbai,2,637.5,0.3,892.51,-58.25,UPI,2024,Jul,7,Q3,-6.53,,
ORD02007,2024-07-01,Meera Joshi,Consumer,Desk Organizer,Office Supplies,Storage,South,Kochi,4,13.64,0.0,54.57,11.75,Cash,2024,Jul,7,Q3,21.53,,
ORD03254,2024-07-01,Diya Sharma,Consumer,Stapler,Office Supplies,Stationery,East,Kolkata,6,9.53,0.05,54.34,11.46,Credit Card,2024,Jul,7,Q3,21.09,,
ORD04448,2024-07-01,Ananya Iyer,Consumer,Ergonomic Office Chair,Furniture,Chairs,West,Surat,10,136.38,0.1,1227.39,48.47,UPI,2024,Jul,7,Q3,3.95,,
ORD04579,2024-07-01,Kiara Desai,Small Business,Bookshelf,Furniture,Storage,South,Hyderabad,3,105.53,0.05,300.76,50.62,Credit Card,2024,Jul,7,Q3,16.83,,
ORD00558,2024-07-02,Tara Menon,Small Business,Ergonomic Office Chair,Furniture,Chairs,East,Kolkata,3,151.86,0.25,341.69,-3.24,Net Banking,2024,Jul,7,Q3,-0.95,,
ORD01078,2024-07-02,Dev Agarwal,Corporate,Conference Table,Furniture,Tables,South,Bengaluru,1,416.3,0.05,395.49,17.51,Debit Card,2024,Jul,7,Q3,4.43,,
ORD00142,2024-07-03,Ananya Iyer,Consumer,HP Laser Printer,Technology,Printers,West,Ahmedabad,1,206.94,0.15,175.9,11.44,Net Banking,2024,Jul,7,Q3,6.5,,
ORD00959,2024-07-03,Diya Sharma,Corporate,Apple iPhone 13,Technology,Phones,North,Lucknow,2,625.26,0.1,1125.46,84.0,Credit Card,2024,Jul,7,Q3,7.46,,
ORD01149,2024-07-03,Ananya Iyer,Corporate,Bookshelf,Furniture,Storage,East,Guwahati,2,109.74,0.15,186.56,8.4,UPI,2024,Jul,7,Q3,4.5,,
ORD03776,2024-07-03,Maya Thomas,Consumer,Ball Pen Set,Office Supplies,Stationery,East,Ranchi,1,8.32,0.05,7.91,2.09,Cash,2024,Jul,7,Q3,26.42,,
ORD04791,2024-07-03,Aisha Khan,Consumer,Study Desk,Furniture,Tables,West,Mumbai,2,188.17,0.2,301.08,1.48,Credit Card,2024,Jul,7,Q3,0.49,,
ORD00359,2024-07-04,Tara Menon,Corporate,USB-C Hub,Technology,Accessories,West,Ahmedabad,2,37.0,0.2,59.21,6.85,Credit Card,2024,Jul,7,Q3,11.57,,
ORD01822,2024-07-04,Aditya Rao,Consumer,Ergonomic Office Chair,Furniture,Chairs,South,Chennai,2,135.42,0.1,243.75,24.45,Net Banking,2024,Jul,7,Q3,10.03,,
ORD02665,2024-07-04,Rohan Patel,Consumer,Conference Table,Furniture,Tables,East,Ranchi,4,426.15,0.0,1704.58,156.22,UPI,2024,Jul,7,Q3,9.16,,
ORD03183,2024-07-04,Aditya Rao,Corporate,HP Laser Printer,Technology,Printers,South,Hyderabad,1,197.96,0.05,188.06,22.83,Debit Card,2024,Jul,7,Q3,12.14,,
ORD03294,2024-07-04,Sana Kapoor,Corporate,Ring Binder,Office Supplies,Binders,North,Jaipur,1,6.91,0.2,5.53,0.8,UPI,2024,Jul,7,Q3,14.47,,
ORD02613,2024-07-05,Maya Thomas,Corporate,HP Laser Printer,Technology,Printers,North,Jaipur,4,200.75,0.05,762.86,82.67,UPI,2024,Jul,7,Q3,10.84,,
ORD02802,2024-07-05,Ishita Gupta,Consumer,Ergonomic Office Chair,Furniture,Chairs,East,Kolkata,3,136.9,0.1,369.64,27.51,Debit Card,2024,Jul,7,Q3,7.44,,
ORD00560,2024-07-06,Neel Malhotra,Corporate,Apple iPhone 13,Technology,Phones,North,Delhi,2,652.82,0.1,1175.08,29.4,Debit Card,2024,Jul,7,Q3,2.5,,
ORD01270,2024-07-06,Riya Kulkarni,Small Business,Notebook Pack,Office Supplies,Stationery,South,Coimbatore,4,12.5,0.0,50.01,14.35,Debit Card,2024,Jul,7,Q3,28.69,,
ORD01830,2024-07-06,Aisha Khan,Small Business,Notebook Pack,Office Supplies,Stationery,East,Guwahati,3,11.6,0.1,31.32,5.72,Debit Card,2024,Jul,7,Q3,18.26,,
ORD03979,2024-07-06,Kabir Shah,Consumer,Apple iPhone 13,Technology,Phones,North,Amritsar,1,654.49,0.15,556.32,-13.23,UPI,2024,Jul,7,Q3,-2.38,,
ORD04190,2024-07-06,Aditya Rao,Corporate,Notebook Pack,Office Supplies,Stationery,South,Chennai,4,12.4,0.15,42.16,8.67,UPI,2024,Jul,7,Q3,20.56,,
ORD04544,2024-07-06,Arjun Nair,Consumer,Filing Cabinet,Furniture,Storage,East,Ranchi,2,88.97,0.0,177.95,19.21,Net Banking,2024,Jul,7,Q3,10.8,,
ORD00126,2024-07-07,Vivaan Singh,Consumer,Study Desk,Furniture,Tables,South,Kochi,2,190.55,0.0,381.1,51.37,UPI,2024,Jul,7,Q3,13.48,,
ORD00509,2024-07-07,Aarav Mehta,Corporate,HP Laser Printer,Technology,Printers,North,Delhi,3,196.69,0.15,501.55,17.93,Net Banking,2024,Jul,7,Q3,3.57,,
ORD01570,2024-07-07,Ishita Gupta,Consumer,Apple iPhone 13,Technology,Phones,West,Ahmedabad,8,677.68,0.05,5150.38,72.96,UPI,2024,Jul,7,Q3,1.42,,
ORD01921,2024-07-07,Kunal Bansal,Consumer,Samsung Galaxy A54,Technology,Phones,South,Bengaluru,6,325.1,0.2,1560.47,-13.51,UPI,2024,Jul,7,Q3,-0.87,,
ORD02098,2024-07-07,Ananya Iyer,Consumer,Ergonomic Office Chair,Furniture,Chairs,South,Kochi,1,141.52,0.2,113.22,6.96,Credit Card,2024,Jul,7,Q3,6.15,,
ORD02616,2024-07-07,Tara Menon,Consumer,Bookshelf,Furniture,Storage,South,Hyderabad,2,111.39,0.15,189.37,17.86,Debit Card,2024,Jul,7,Q3,9.43,,
ORD04498,2024-07-07,Ananya Iyer,Consumer,Lenovo IdeaPad 3,Technology,Laptops,North,Jaipur,8,525.54,0.3,2943.03,-96.03,UPI,2024,Jul,7,Q3,-3.26,,
ORD03355,2024-07-08,Kiara Desai,Consumer,Dell 24-inch Monitor,Technology,Monitors,East,Ranchi,3,182.31,0.05,519.59,58.81,Cash,2024,Jul,7,Q3,11.32,,
ORD04007,2024-07-08,Maya Thomas,Consumer,A4 Copy Paper,Office Supplies,Paper,South,Kochi,3,5.89,0.0,17.67,3.7,Credit Card,2024,Jul,7,Q3,20.94,,
ORD00907,2024-07-09,Dev Agarwal,Small Business,Bookshelf,Furniture,Storage,South,Chennai,1,117.29,0.0,117.29,14.0,Debit Card,2024,Jul,7,Q3,11.94,,
ORD01725,2024-07-09,Ananya Iyer,Consumer,Ring Binder,Office Supplies,Binders,West,Pune,4,6.83,0.2,21.87,2.97,Debit Card,2024,Jul,7,Q3,13.58,,
ORD02319,2024-07-09,Ananya Iyer,Consumer,Lenovo IdeaPad 3,Technology,Laptops,East,Bhubaneswar,3,552.14,0.0,1656.43,193.12,Net Banking,2024,Jul,7,Q3,11.66,,
ORD03056,2024-07-09,Aisha Khan,Corporate,Ring Binder,Office Supplies,Binders,North,Delhi,5,6.54,0.2,26.18,4.09,UPI,2024,Jul,7,Q3,15.62,,
ORD04475,2024-07-09,Aisha Khan,Corporate,Stapler,Office Supplies,Stationery,North,Lucknow,2,8.8,0.15,14.96,1.68,UPI,2024,Jul,7,Q3,11.23,,
ORD00678,2024-07-10,Tara Menon,Consumer,USB-C Hub,Technology,Accessories,East,Kolkata,1,34.62,0.05,32.89,6.22,UPI,2024,Jul,7,Q3,18.91,,
ORD01321,2024-07-10,Maya Thomas,Corporate,Ergonomic Office Chair,Furniture,Chairs,North,Amritsar,6,135.73,0.3,570.08,-5.39,UPI,2024,Jul,7,Q3,-0.95,,
ORD01332,2024-07-10,Tara Menon,Consumer,USB-C Hub,Technology,Accessories,South,Hyderabad,2,37.07,0.1,66.73,12.62,Net Banking,2024,Jul,7,Q3,18.91,,
ORD02632,2024-07-10,Vivaan Singh,Consumer,Conference Table,Furniture,Tables,West,Mumbai,2,396.75,0.1,714.16,50.22,UPI,2024,Jul,7,Q3,7.03,,
ORD02749,2024-07-10,Tara Menon,Consumer,HP Laser Printer,Technology,Printers,East,Ranchi,1,224.33,0.15,190.68,2.3,Debit Card,2024,Jul,7,Q3,1.21,,
ORD03298,2024-07-10,Ananya Iyer,Corporate,HP Laser Printer,Technology,Printers,South,Kochi,3,214.06,0.05,610.06,52.08,UPI,2024,Jul,7,Q3,8.54,,
ORD03507,2024-07-10,Sana Kapoor,Consumer,Mechanical Keyboard,Technology,Accessories,South,Hyderabad,2,71.53,0.1,128.75,6.89,UPI,2024,Jul,7,Q3,5.35,,
ORD03935,2024-07-10,Arjun Nair,Small Business,Samsung Galaxy A54,Technology,Phones,South,Coimbatore,1,316.18,0.1,284.56,6.47,UPI,2024,Jul,7,Q3,2.27,,
ORD04592,2024-07-10,Aisha Khan,Small Business,Bookshelf,Furniture,Storage,South,Coimbatore,8,111.52,0.2,713.72,39.71,UPI,2024,Jul,7,Q3,5.56,,
ORD01474,2024-07-11,Sana Kapoor,Corporate,Ergonomic Office Chair,Furniture,Chairs,North,Amritsar,2,146.79,0.0,293.59,35.04,Credit Card,2024,Jul,7,Q3,11.94,,
ORD01558,2024-07-11,Meera Joshi,Consumer,USB-C Hub,Technology,Accessories,East,Patna,4,34.75,0.1,125.11,14.51,Net Banking,2024,Jul,7,Q3,11.6,,
ORD03939,2024-07-11,Aarav Mehta,Consumer,Samsung Galaxy A54,Technology,Phones,North,Delhi,5,318.41,0.25,1194.02,-73.44,Net Banking,2024,Jul,7,Q3,-6.15,,
ORD03967,2024-07-11,Sana Kapoor,Consumer,Ergonomic Office Chair,Furniture,Chairs,North,Chandigarh,3,153.56,0.05,437.66,36.57,Debit Card,2024,Jul,7,Q3,8.36,,
ORD01269,2024-07-12,Vivaan Singh,Consumer,Mechanical Keyboard,Technology,Accessories,North,Jaipur,4,70.18,0.2,224.56,10.08,Debit Card,2024,Jul,7,Q3,4.49,,
ORD02330,2024-07-12,Ishita Gupta,Consumer,Ergonomic Office Chair,Furniture,Chairs,West,Surat,5,142.69,0.15,606.42,21.47,UPI,2024,Jul,7,Q3,3.54,,
ORD02500,2024-07-12,Diya Sharma,Corporate,A4 Copy Paper,Office Supplies,Paper,South,Chennai,2,5.97,0.0,11.94,3.22,UPI,2024,Jul,7,Q3,26.97,,
ORD03490,2024-07-12,Rohan Patel,Consumer,Stapler,Office Supplies,Stationery,East,Patna,2,8.72,0.25,13.08,1.56,UPI,2024,Jul,7,Q3,11.93,,
ORD03557,2024-07-12,Neel Malhotra,Consumer,Samsung Galaxy A54,Technology,Phones,South,Coimbatore,1,323.91,0.1,291.52,13.65,UPI,2024,Jul,7,Q3,4.68,,
ORD00581,2024-07-13,Sana Kapoor,Corporate,Ring Binder,Office Supplies,Binders,West,Pune,3,6.54,0.05,18.65,4.73,Credit Card,2024,Jul,7,Q3,25.36,,
ORD01819,2024-07-13,Aisha Khan,Consumer,Mechanical Keyboard,Technology,Accessories,North,Chandigarh,1,69.92,0.15,59.43,9.89,Cash,2024,Jul,7,Q3,16.64,,
ORD02552,2024-07-13,Kabir Shah,Corporate,Lenovo IdeaPad 3,Technology,Laptops,West,Pune,1,501.2,0.2,400.96,11.13,UPI,2024,Jul,7,Q3,2.78,,
ORD04901,2024-07-13,Rahul Verma,Corporate,Apple iPhone 13,Technology,Phones,North,Chandigarh,3,613.11,0.1,1655.39,4.48,Credit Card,2024,Jul,7,Q3,0.27,,
ORD01853,2024-07-14,Diya Sharma,Small Business,Mechanical Keyboard,Technology,Accessories,South,Hyderabad,1,76.33,0.3,53.43,-1.55,Debit Card,2024,Jul,7,Q3,-2.9,,
ORD04114,2024-07-14,Rohan Patel,Consumer,Logitech Wireless Mouse,Technology,Accessories,South,Kochi,1,28.27,0.1,25.44,3.73,UPI,2024,Jul,7,Q3,14.66,,
ORD00090,2024-07-15,Dev Agarwal,Consumer,Conference Table,Furniture,Tables,North,Chandigarh,4,418.24,0.25,1254.71,-25.91,Debit Card,2024,Jul,7,Q3,-2.07,,
ORD00203,2024-07-15,Arjun Nair,Consumer,Ring Binder,Office Supplies,Binders,South,Chennai,2,6.93,0.0,13.85,3.52,Debit Card,2024,Jul,7,Q3,25.42,,
ORD01127,2024-07-15,Arjun Nair,Consumer,A4 Copy Paper,Office Supplies,Paper,North,Amritsar,3,6.4,0.2,15.36,1.65,UPI,2024,Jul,7,Q3,10.74,,
ORD02358,2024-07-15,Aisha Khan,Corporate,Study Desk,Furniture,Tables,South,Bengaluru,1,176.48,0.05,167.66,19.01,Cash,2024,Jul,7,Q3,11.34,,
ORD02676,2024-07-15,Sana Kapoor,Consumer,A4 Copy Paper,Office Supplies,Paper,South,Kochi,2,5.97,0.15,10.15,1.71,Credit Card,2024,Jul,7,Q3,16.85,,
ORD03603,2024-07-15,Arjun Nair,Consumer,A4 Copy Paper,Office Supplies,Paper,North,Chandigarh,1,6.16,0.25,4.62,0.32,Credit Card,2024,Jul,7,Q3,6.93,,
ORD04818,2024-07-15,Kabir Shah,Consumer,Dell 24-inch Monitor,Technology,Monitors,East,Bhubaneswar,3,167.74,0.2,402.59,7.2,Credit Card,2024,Jul,7,Q3,1.79,,
ORD04761,2024-07-16,Vivaan Singh,Corporate,Stapler,Office Supplies,Stationery,West,Pune,3,8.8,0.05,25.07,5.84,Debit Card,2024,Jul,7,Q3,23.29,,
ORD01687,2024-07-17,Sana Kapoor,Consumer,Dell 24-inch Monitor,Technology,Monitors,South,Coimbatore,4,184.65,0.0,738.6,91.99,UPI,2024,Jul,7,Q3,12.45,,
ORD02067,2024-07-17,Ananya Iyer,Consumer,Ergonomic Office Chair,Furniture,Chairs,North,Delhi,1,134.93,0.05,128.18,14.36,UPI,2024,Jul,7,Q3,11.2,,
ORD02170,2024-07-17,Kabir Shah,Consumer,Lenovo IdeaPad 3,Technology,Laptops,South,Bengaluru,4,524.32,0.1,1887.55,126.49,Cash,2024,Jul,7,Q3,6.7,,
ORD02173,2024-07-17,Meera Joshi,Consumer,Filing Cabinet,Furniture,Storage,South,Chennai,10,99.98,0.1,899.83,74.73,Debit Card,2024,Jul,7,Q3,8.3,,
ORD00504,2024-07-18,Riya Kulkarni,Small Business,Conference Table,Furniture,Tables,North,Lucknow,3,395.28,0.1,1067.25,34.11,Debit Card,2024,Jul,7,Q3,3.2,,
ORD02717,2024-07-18,Kiara Desai,Consumer,Apple iPhone 13,Technology,Phones,South,Bengaluru,6,655.76,0.25,2950.91,-16.99,UPI,2024,Jul,7,Q3,-0.58,,
ORD03345,2024-07-18,Kiara Desai,Consumer,USB-C Hub,Technology,Accessories,West,Ahmedabad,3,35.65,0.15,90.91,11.32,Debit Card,2024,Jul,7,Q3,12.45,,
ORD04137,2024-07-18,Ananya Iyer,Corporate,Apple iPhone 13,Technology,Phones,East,Ranchi,1,694.93,0.25,521.2,-35.53,UPI,2024,Jul,7,Q3,-6.82,,
ORD04535,2024-07-18,Kunal Bansal,Corporate,Filing Cabinet,Furniture,Storage,South,Bengaluru,6,92.7,0.15,472.76,45.42,UPI,2024,Jul,7,Q3,9.61,,
ORD00278,2024-07-19,Sana Kapoor,Consumer,Ergonomic Office Chair,Furniture,Chairs,South,Chennai,2,153.06,0.2,244.9,8.59,UPI,2024,Jul,7,Q3,3.51,,
ORD00438,2024-07-19,Tara Menon,Consumer,Samsung Galaxy A54,Technology,Phones,West,Pune,3,341.96,0.25,769.42,-46.51,Credit Card,2024,Jul,7,Q3,-6.04,,
ORD01175,2024-07-19,Neel Malhotra,Small Business,Logitech Wireless Mouse,Technology,Accessories,South,Kochi,6,29.43,0.1,158.91,18.83,Net Banking,2024,Jul,7,Q3,11.85,,
ORD02063,2024-07-19,Ishita Gupta,Consumer,Conference Table,Furniture,Tables,South,Coimbatore,2,395.34,0.1,711.62,27.08,UPI,2024,Jul,7,Q3,3.81,,
ORD02070,2024-07-19,Vivaan Singh,Consumer,Filing Cabinet,Furniture,Storage,South,Chennai,1,92.43,0.2,73.95,3.16,Net Banking,2024,Jul,7,Q3,4.27,,
ORD02135,2024-07-19,Diya Sharma,Consumer,HP Laser Printer,Technology,Printers,South,Chennai,3,210.92,0.0,632.76,93.0,Net Banking,2024,Jul,7,Q3,14.7,,
ORD03562,2024-07-19,Kabir Shah,Consumer,Ergonomic Office Chair,Furniture,Chairs,North,Jaipur,4,155.1,0.1,558.37,35.35,Debit Card,2024,Jul,7,Q3,6.33,,
ORD04762,2024-07-19,Neel Malhotra,Consumer,Study Desk,Furniture,Tables,North,Chandigarh,5,168.81,0.25,633.04,-12.93,UPI,2024,Jul,7,Q3,-2.04,,
ORD00576,2024-07-20,Vivaan Singh,Corporate,Ball Pen Set,Office Supplies,Stationery,East,Kolkata,1,8.0,0.2,6.4,1.55,Credit Card,2024,Jul,7,Q3,24.22,,
ORD01688,2024-07-20,Rohan Patel,Consumer,Conference Table,Furniture,Tables,South,Hyderabad,2,414.82,0.1,746.68,15.22,UPI,2024,Jul,7,Q3,2.04,,
ORD02481,2024-07-20,Kunal Bansal,Consumer,Logitech Wireless Mouse,Technology,Accessories,East,Ranchi,1,27.2,0.05,25.84,3.73,Credit Card,2024,Jul,7,Q3,14.43,,
ORD01506,2024-07-21,Kabir Shah,Small Business,Conference Table,Furniture,Tables,North,Delhi,4,434.69,0.15,1477.95,-3.25,UPI,2024,Jul,7,Q3,-0.22,,
ORD01881,2024-07-21,Kunal Bansal,Consumer,Bookshelf,Furniture,Storage,West,Surat,1,110.65,0.1,99.59,10.62,Debit Card,2024,Jul,7,Q3,10.66,,
ORD02975,2024-07-21,Tara Menon,Corporate,Notebook Pack,Office Supplies,Stationery,North,Delhi,5,11.18,0.05,53.12,13.26,Credit Card,2024,Jul,7,Q3,24.96,,
ORD03409,2024-07-21,Aditya Rao,Corporate,Ergonomic Office Chair,Furniture,Chairs,East,Kolkata,1,136.02,0.0,136.02,18.54,Net Banking,2024,Jul,7,Q3,13.63,,
ORD03525,2024-07-21,Maya Thomas,Corporate,Mechanical Keyboard,Technology,Accessories,North,Chandigarh,1,70.49,0.0,70.49,11.25,UPI,2024,Jul,7,Q3,15.96,,
ORD04587,2024-07-21,Rohan Patel,Consumer,Lenovo IdeaPad 3,Technology,Laptops,West,Surat,1,538.11,0.0,538.11,70.81,UPI,2024,Jul,7,Q3,13.16,,
ORD04861,2024-07-21,Rohan Patel,Small Business,Ergonomic Office Chair,Furniture,Chairs,North,Jaipur,2,144.54,0.0,289.07,27.67,Cash,2024,Jul,7,Q3,9.57,,
ORD00210,2024-07-22,Meera Joshi,Consumer,Filing Cabinet,Furniture,Storage,South,Bengaluru,3,97.07,0.0,291.2,40.53,Debit Card,2024,Jul,7,Q3,13.92,,
ORD03329,2024-07-22,Meera Joshi,Consumer,Conference Table,Furniture,Tables,North,Chandigarh,4,397.69,0.05,1511.21,64.66,Cash,2024,Jul,7,Q3,4.28,,
ORD04719,2024-07-22,Neel Malhotra,Corporate,Samsung Galaxy A54,Technology,Phones,North,Delhi,2,329.11,0.3,460.76,-42.22,Debit Card,2024,Jul,7,Q3,-9.16,,
ORD04898,2024-07-22,Kiara Desai,Consumer,USB-C Hub,Technology,Accessories,North,Amritsar,1,36.39,0.05,34.57,4.23,Debit Card,2024,Jul,7,Q3,12.24,,
ORD00809,2024-07-23,Rohan Patel,Consumer,Bookshelf,Furniture,Storage,South,Coimbatore,2,103.96,0.3,145.54,-0.63,UPI,2024,Jul,7,Q3,-0.43,,
ORD02268,2024-07-23,Sana Kapoor,Consumer,Apple iPhone 13,Technology,Phones,North,Jaipur,4,657.05,0.0,2628.19,94.08,Net Banking,2024,Jul,7,Q3,3.58,,
ORD02541,2024-07-23,Riya Kulkarni,Consumer,Desk Organizer,Office Supplies,Storage,East,Guwahati,2,13.65,0.05,25.93,5.41,UPI,2024,Jul,7,Q3,20.86,,
ORD03180,2024-07-23,Tara Menon,Consumer,HP Pavilion 15,Technology,Laptops,West,Mumbai,3,686.97,0.05,1957.87,162.18,UPI,2024,Jul,7,Q3,8.28,,
ORD03375,2024-07-23,Aditya Rao,Corporate,A4 Copy Paper,Office Supplies,Paper,West,Nagpur,4,5.77,0.05,21.92,5.37,UPI,2024,Jul,7,Q3,24.5,,
ORD04764,2024-07-23,Sana Kapoor,Consumer,Notebook Pack,Office Supplies,Stationery,West,Ahmedabad,1,12.13,0.3,8.49,0.76,Debit Card,2024,Jul,7,Q3,8.95,,
ORD04813,2024-07-23,Tara Menon,Corporate,USB-C Hub,Technology,Accessories,North,Jaipur,5,36.71,0.2,146.85,16.15,Cash,2024,Jul,7,Q3,11.0,,
ORD00470,2024-07-24,Aisha Khan,Consumer,Ergonomic Office Chair,Furniture,Chairs,East,Bhubaneswar,10,152.59,0.15,1296.97,110.89,UPI,2024,Jul,7,Q3,8.55,,
ORD00745,2024-07-24,Ishita Gupta,Corporate,Filing Cabinet,Furniture,Storage,South,Hyderabad,1,90.76,0.15,77.15,5.88,Credit Card,2024,Jul,7,Q3,7.62,,
ORD01476,2024-07-24,Riya Kulkarni,Consumer,Study Desk,Furniture,Tables,East,Guwahati,1,171.11,0.15,145.45,9.82,UPI,2024,Jul,7,Q3,6.75,,
ORD03846,2024-07-24,Kabir Shah,Small Business,Stapler,Office Supplies,Stationery,North,Delhi,1,9.08,0.1,8.17,1.7,Net Banking,2024,Jul,7,Q3,20.81,,
ORD01033,2024-07-25,Sana Kapoor,Consumer,Notebook Pack,Office Supplies,Stationery,West,Mumbai,2,11.35,0.2,18.16,2.17,UPI,2024,Jul,7,Q3,11.95,,
ORD04135,2024-07-25,Tara Menon,Corporate,Lenovo IdeaPad 3,Technology,Laptops,West,Surat,6,522.08,0.2,2506.0,60.06,Net Banking,2024,Jul,7,Q3,2.4,,
ORD04244,2024-07-25,Dev Agarwal,Small Business,Apple iPhone 13,Technology,Phones,East,Patna,2,634.38,0.05,1205.32,47.67,UPI,2024,Jul,7,Q3,3.95,,
ORD01970,2024-07-26,Ananya Iyer,Consumer,Conference Table,Furniture,Tables,South,Hyderabad,5,399.13,0.2,1596.52,-72.2,Debit Card,2024,Jul,7,Q3,-4.52,,
ORD02540,2024-07-26,Arjun Nair,Small Business,Stapler,Office Supplies,Stationery,South,Chennai,10,9.42,0.05,89.44,18.21,Cash,2024,Jul,7,Q3,20.36,,
ORD03933,2024-07-26,Vivaan Singh,Corporate,HP Laser Printer,Technology,Printers,North,Chandigarh,4,221.4,0.0,885.59,78.81,Debit Card,2024,Jul,7,Q3,8.9,,
ORD02690,2024-07-27,Aditya Rao,Corporate,Apple iPhone 13,Technology,Phones,South,Chennai,3,621.7,0.0,1865.09,188.8,UPI,2024,Jul,7,Q3,10.12,,
ORD03744,2024-07-27,Tara Menon,Consumer,Study Desk,Furniture,Tables,West,Nagpur,1,178.77,0.25,134.08,-4.4,Credit Card,2024,Jul,7,Q3,-3.28,,
ORD04031,2024-07-27,Riya Kulkarni,Corporate,Mechanical Keyboard,Technology,Accessories,North,Chandigarh,3,71.38,0.0,214.15,31.71,UPI,2024,Jul,7,Q3,14.81,,
ORD04134,2024-07-27,Diya Sharma,Small Business,USB-C Hub,Technology,Accessories,East,Patna,1,35.89,0.05,34.09,4.92,UPI,2024,Jul,7,Q3,14.43,,
ORD04420,2024-07-27,Aarav Mehta,Corporate,Apple iPhone 13,Technology,Phones,North,Amritsar,10,643.53,0.15,5470.05,129.44,Credit Card,2024,Jul,7,Q3,2.37,,
ORD03413,2024-07-28,Diya Sharma,Small Business,Apple iPhone 13,Technology,Phones,South,Bengaluru,6,631.95,0.0,3791.67,174.85,UPI,2024,Jul,7,Q3,4.61,,
ORD03752,2024-07-28,Dev Agarwal,Consumer,Samsung Galaxy A54,Technology,Phones,South,Kochi,5,327.52,0.25,1228.19,-65.07,Debit Card,2024,Jul,7,Q3,-5.3,,
ORD03911,2024-07-28,Diya Sharma,Corporate,Conference Table,Furniture,Tables,South,Hyderabad,10,410.34,0.15,3487.88,49.71,Debit Card,2024,Jul,7,Q3,1.43,,
ORD04266,2024-07-28,Dev Agarwal,Consumer,Logitech Wireless Mouse,Technology,Accessories,East,Ranchi,2,27.78,0.25,41.67,1.2,UPI,2024,Jul,7,Q3,2.88,,
ORD04339,2024-07-28,Ananya Iyer,Consumer,Ball Pen Set,Office Supplies,Stationery,West,Mumbai,5,8.19,0.15,34.8,8.04,Credit Card,2024,Jul,7,Q3,23.1,,
ORD00500,2024-07-29,Neel Malhotra,Small Business,Notebook Pack,Office Supplies,Stationery,South,Hyderabad,4,11.51,0.2,36.84,4.69,Credit Card,2024,Jul,7,Q3,12.73,,
ORD00721,2024-07-29,Diya Sharma,Consumer,Logitech Wireless Mouse,Technology,Accessories,West,Nagpur,6,29.59,0.25,133.17,1.74,UPI,2024,Jul,7,Q3,1.31,,
ORD02198,2024-07-29,Diya Sharma,Consumer,Study Desk,Furniture,Tables,South,Chennai,1,188.72,0.25,141.54,-9.33,Credit Card,2024,Jul,7,Q3,-6.59,,
ORD02721,2024-07-29,Sana Kapoor,Consumer,Conference Table,Furniture,Tables,North,Amritsar,2,447.07,0.3,625.9,-42.1,Debit Card,2024,Jul,7,Q3,-6.73,,
ORD03767,2024-07-29,Kabir Shah,Corporate,USB-C Hub,Technology,Accessories,East,Kolkata,2,35.48,0.15,60.32,7.78,Debit Card,2024,Jul,7,Q3,12.9,,
ORD04373,2024-07-29,Aditya Rao,Consumer,Stapler,Office Supplies,Stationery,East,Bhubaneswar,3,8.93,0.2,21.43,2.55,Cash,2024,Jul,7,Q3,11.9,,
ORD04620,2024-07-29,Maya Thomas,Small Business,Lenovo IdeaPad 3,Technology,Laptops,South,Hyderabad,10,495.65,0.0,4956.47,733.58,UPI,2024,Jul,7,Q3,14.8,,
ORD00304,2024-07-31,Ishita Gupta,Consumer,Dell 24-inch Monitor,Technology,Monitors,South,Bengaluru,5,182.12,0.0,910.6,100.98,UPI,2024,Jul,7,Q3,11.09,,
ORD02778,2024-07-31,Riya Kulkarni,Consumer,HP Laser Printer,Technology,Printers,South,Coimbatore,2,201.62,0.0,403.24,43.02,Credit Card,2024,Jul,7,Q3,10.67,,
ORD03560,2024-07-31,Ishita Gupta,Consumer,Ball Pen Set,Office Supplies,Stationery,North,Jaipur,3,8.01,0.05,22.82,6.35,UPI,2024,Jul,7,Q3,27.83,,
ORD00172,2024-08-01,Aditya Rao,Consumer,Ball Pen Set,Office Supplies,Stationery,West,Nagpur,4,8.27,0.05,31.42,7.37,Credit Card,2024,Aug,8,Q3,23.46,,
ORD00648,2024-08-01,Dev Agarwal,Small Business,Filing Cabinet,Furniture,Storage,South,Hyderabad,1,97.04,0.0,97.04,16.92,Net Banking,2024,Aug,8,Q3,17.44,,
ORD00840,2024-08-01,Ananya Iyer,Consumer,Ergonomic Office Chair,Furniture,Chairs,West,Nagpur,3,153.07,0.0,459.22,65.0,Debit Card,2024,Aug,8,Q3,14.15,,
ORD02032,2024-08-01,Diya Sharma,Corporate,Notebook Pack,Office Supplies,Stationery,West,Nagpur,3,12.62,0.3,26.49,2.24,Credit Card,2024,Aug,8,Q3,8.46,,
ORD03722,2024-08-01,Ishita Gupta,Consumer,Ball Pen Set,Office Supplies,Stationery,West,Surat,5,7.86,0.05,37.33,8.58,UPI,2024,Aug,8,Q3,22.98,,
ORD00730,2024-08-02,Tara Menon,Small Business,Notebook Pack,Office Supplies,Stationery,West,Nagpur,2,11.42,0.0,22.84,6.62,Credit Card,2024,Aug,8,Q3,28.98,,
ORD01438,2024-08-02,Arjun Nair,Consumer,Mechanical Keyboard,Technology,Accessories,West,Ahmedabad,1,74.41,0.15,63.25,5.96,UPI,2024,Aug,8,Q3,9.42,,
ORD01827,2024-08-02,Neel Malhotra,Corporate,Conference Table,Furniture,Tables,North,Lucknow,2,418.58,0.0,837.17,87.74,UPI,2024,Aug,8,Q3,10.48,,
ORD03407,2024-08-02,Vivaan Singh,Corporate,Desk Organizer,Office Supplies,Storage,North,Lucknow,1,13.33,0.15,11.33,1.64,UPI,2024,Aug,8,Q3,14.47,,
ORD03893,2024-08-02,Rahul Verma,Corporate,Dell 24-inch Monitor,Technology,Monitors,East,Kolkata,2,163.43,0.0,326.86,46.42,Debit Card,2024,Aug,8,Q3,14.2,,
ORD04512,2024-08-02,Neel Malhotra,Corporate,Ergonomic Office Chair,Furniture,Chairs,West,Surat,3,138.81,0.05,395.62,34.37,Credit Card,2024,Aug,8,Q3,8.69,,
ORD01132,2024-08-03,Sana Kapoor,Consumer,Dell 24-inch Monitor,Technology,Monitors,East,Guwahati,3,173.44,0.0,520.31,44.32,UPI,2024,Aug,8,Q3,8.52,,
ORD02564,2024-08-03,Vivaan Singh,Small Business,Apple iPhone 13,Technology,Phones,North,Jaipur,1,691.37,0.05,656.8,24.11,Net Banking,2024,Aug,8,Q3,3.67,,
ORD00860,2024-08-04,Riya Kulkarni,Consumer,Ergonomic Office Chair,Furniture,Chairs,South,Kochi,2,136.96,0.1,246.52,5.96,UPI,2024,Aug,8,Q3,2.42,,
ORD00958,2024-08-04,Riya Kulkarni,Consumer,Dell 24-inch Monitor,Technology,Monitors,South,Hyderabad,1,167.79,0.0,167.79,24.84,UPI,2024,Aug,8,Q3,14.8,,
ORD04811,2024-08-04,Tara Menon,Consumer,Desk Organizer,Office Supplies,Storage,North,Delhi,5,13.21,0.1,59.43,10.07,UPI,2024,Aug,8,Q3,16.94,,
ORD02955,2024-08-05,Meera Joshi,Consumer,HP Laser Printer,Technology,Printers,West,Pune,8,198.77,0.2,1272.12,22.26,Cash,2024,Aug,8,Q3,1.75,,
ORD03233,2024-08-05,Tara Menon,Corporate,Samsung Galaxy A54,Technology,Phones,North,Chandigarh,5,339.55,0.05,1612.86,143.83,UPI,2024,Aug,8,Q3,8.92,,
ORD00183,2024-08-06,Kabir Shah,Consumer,USB-C Hub,Technology,Accessories,North,Amritsar,5,33.33,0.0,166.67,33.04,Net Banking,2024,Aug,8,Q3,19.82,,
ORD01622,2024-08-06,Sana Kapoor,Consumer,HP Pavilion 15,Technology,Laptops,South,Bengaluru,2,707.76,0.25,1061.64,-55.77,UPI,2024,Aug,8,Q3,-5.25,,
ORD02111,2024-08-06,Aditya Rao,Consumer,Lenovo IdeaPad 3,Technology,Laptops,North,Chandigarh,5,536.36,0.1,2413.62,154.9,UPI,2024,Aug,8,Q3,6.42,,
ORD03554,2024-08-06,Dev Agarwal,Consumer,HP Laser Printer,Technology,Printers,South,Bengaluru,5,213.05,0.2,852.2,-19.62,UPI,2024,Aug,8,Q3,-2.3,,
ORD03917,2024-08-06,Kiara Desai,Consumer,Desk Organizer,Office Supplies,Storage,South,Bengaluru,4,14.24,0.15,48.4,9.12,UPI,2024,Aug,8,Q3,18.84,,
ORD04110,2024-08-06,Aisha Khan,Corporate,Samsung Galaxy A54,Technology,Phones,North,Lucknow,1,309.7,0.2,247.76,-1.19,UPI,2024,Aug,8,Q3,-0.48,,
ORD04127,2024-08-06,Kunal Bansal,Consumer,Dell 24-inch Monitor,Technology,Monitors,South,Bengaluru,4,178.76,0.15,607.78,46.18,UPI,2024,Aug,8,Q3,7.6,,
ORD04196,2024-08-06,Aarav Mehta,Corporate,Samsung Galaxy A54,Technology,Phones,North,Amritsar,1,330.52,0.25,247.89,-17.06,Debit Card,2024,Aug,8,Q3,-6.88,,
ORD04393,2024-08-06,Diya Sharma,Corporate,Dell 24-inch Monitor,Technology,Monitors,North,Chandigarh,1,176.33,0.05,167.52,11.88,UPI,2024,Aug,8,Q3,7.09,,
ORD04875,2024-08-06,Ishita Gupta,Consumer,A4 Copy Paper,Office Supplies,Paper,West,Pune,3,5.6,0.1,15.12,2.25,Credit Card,2024,Aug,8,Q3,14.88,,
ORD01475,2024-08-07,Riya Kulkarni,Consumer,Ring Binder,Office Supplies,Binders,North,Amritsar,3,6.7,0.1,18.09,3.99,UPI,2024,Aug,8,Q3,22.06,,
ORD02000,2024-08-07,Arjun Nair,Small Business,USB-C Hub,Technology,Accessories,East,Kolkata,2,37.08,0.05,70.45,13.61,Net Banking,2024,Aug,8,Q3,19.32,,
ORD02474,2024-08-07,Aditya Rao,Corporate,USB-C Hub,Technology,Accessories,South,Hyderabad,1,36.85,0.25,27.64,2.16,Credit Card,2024,Aug,8,Q3,7.81,,
ORD04349,2024-08-07,Tara Menon,Corporate,Conference Table,Furniture,Tables,West,Pune,5,443.48,0.15,1884.79,25.79,Debit Card,2024,Aug,8,Q3,1.37,,
ORD00148,2024-08-08,Dev Agarwal,Consumer,Ring Binder,Office Supplies,Binders,South,Chennai,6,6.62,0.15,33.75,7.09,Net Banking,2024,Aug,8,Q3,21.01,,
ORD00505,2024-08-08,Aditya Rao,Corporate,Apple iPhone 13,Technology,Phones,North,Delhi,2,689.5,0.0,1379.0,122.18,Credit Card,2024,Aug,8,Q3,8.86,,
ORD00843,2024-08-08,Tara Menon,Consumer,Apple iPhone 13,Technology,Phones,West,Pune,8,644.49,0.1,4640.3,85.67,UPI,2024,Aug,8,Q3,1.85,,
ORD01357,2024-08-08,Aisha Khan,Small Business,Samsung Galaxy A54,Technology,Phones,East,Patna,1,329.91,0.15,280.43,7.17,UPI,2024,Aug,8,Q3,2.56,,
ORD02635,2024-08-08,Neel Malhotra,Consumer,Study Desk,Furniture,Tables,North,Lucknow,1,191.84,0.2,153.47,1.34,Credit Card,2024,Aug,8,Q3,0.87,,
ORD03340,2024-08-08,Ananya Iyer,Corporate,Study Desk,Furniture,Tables,West,Pune,2,171.62,0.05,326.08,28.29,Credit Card,2024,Aug,8,Q3,8.68,,
ORD03521,2024-08-08,Neel Malhotra,Consumer,Ring Binder,Office Supplies,Binders,West,Surat,4,7.36,0.2,23.56,2.81,Credit Card,2024,Aug,8,Q3,11.93,,
ORD04311,2024-08-08,Tara Menon,Corporate,Conference Table,Furniture,Tables,West,Nagpur,3,419.06,0.2,1005.73,-19.93,UPI,2024,Aug,8,Q3,-1.98,,
ORD02307,2024-08-09,Maya Thomas,Corporate,Logitech Wireless Mouse,Technology,Accessories,North,Lucknow,2,28.01,0.1,50.42,5.95,Debit Card,2024,Aug,8,Q3,11.8,,
ORD02370,2024-08-09,Rahul Verma,Small Business,Lenovo IdeaPad 3,Technology,Laptops,West,Ahmedabad,4,511.61,0.0,2046.45,215.09,Credit Card,2024,Aug,8,Q3,10.51,,
ORD00356,2024-08-10,Vivaan Singh,Corporate,HP Pavilion 15,Technology,Laptops,South,Hyderabad,2,701.85,0.1,1263.33,107.12,Credit Card,2024,Aug,8,Q3,8.48,,
ORD00900,2024-08-10,Arjun Nair,Consumer,A4 Copy Paper,Office Supplies,Paper,East,Patna,3,5.75,0.15,14.66,2.35,Debit Card,2024,Aug,8,Q3,16.03,,
ORD01216,2024-08-10,Riya Kulkarni,Small Business,Conference Table,Furniture,Tables,West,Pune,5,408.08,0.15,1734.33,48.53,UPI,2024,Aug,8,Q3,2.8,,
ORD01366,2024-08-10,Meera Joshi,Consumer,Ergonomic Office Chair,Furniture,Chairs,West,Pune,4,151.81,0.05,576.88,50.95,Net Banking,2024,Aug,8,Q3,8.83,,
ORD01776,2024-08-10,Aarav Mehta,Corporate,Apple iPhone 13,Technology,Phones,South,Hyderabad,3,610.74,0.2,1465.77,21.32,Credit Card,2024,Aug,8,Q3,1.45,,
ORD02016,2024-08-10,Aisha Khan,Consumer,HP Pavilion 15,Technology,Laptops,South,Bengaluru,1,697.02,0.15,592.47,0.7,UPI,2024,Aug,8,Q3,0.12,,
ORD02256,2024-08-10,Kabir Shah,Corporate,Study Desk,Furniture,Tables,North,Delhi,3,176.05,0.15,448.92,8.67,Net Banking,2024,Aug,8,Q3,1.93,,
ORD02496,2024-08-10,Meera Joshi,Corporate,Dell 24-inch Monitor,Technology,Monitors,West,Surat,4,183.65,0.0,734.6,92.7,Debit Card,2024,Aug,8,Q3,12.62,,
ORD03973,2024-08-10,Diya Sharma,Consumer,Desk Organizer,Office Supplies,Storage,West,Mumbai,6,13.05,0.1,70.45,15.84,UPI,2024,Aug,8,Q3,22.48,,
ORD04381,2024-08-10,Maya Thomas,Corporate,Desk Organizer,Office Supplies,Storage,North,Jaipur,1,13.32,0.15,11.33,1.58,Credit Card,2024,Aug,8,Q3,13.95,,
ORD01696,2024-08-11,Arjun Nair,Consumer,Desk Organizer,Office Supplies,Storage,West,Mumbai,1,13.92,0.2,11.13,1.61,Cash,2024,Aug,8,Q3,14.47,,
ORD03403,2024-08-11,Ishita Gupta,Consumer,Dell 24-inch Monitor,Technology,Monitors,South,Bengaluru,3,170.12,0.0,510.37,80.06,Debit Card,2024,Aug,8,Q3,15.69,,
ORD03894,2024-08-11,Tara Menon,Consumer,Filing Cabinet,Furniture,Storage,South,Hyderabad,6,99.57,0.15,507.83,27.68,Debit Card,2024,Aug,8,Q3,5.45,,
ORD00289,2024-08-12,Rahul Verma,Consumer,Notebook Pack,Office Supplies,Stationery,South,Chennai,3,12.06,0.3,25.34,1.51,Debit Card,2024,Aug,8,Q3,5.96,,
ORD04161,2024-08-12,Arjun Nair,Small Business,Desk Organizer,Office Supplies,Storage,West,Surat,1,13.74,0.1,12.37,1.77,Credit Card,2024,Aug,8,Q3,14.31,,
ORD00537,2024-08-13,Aarav Mehta,Consumer,HP Laser Printer,Technology,Printers,North,Jaipur,5,213.89,0.0,1069.45,100.88,Debit Card,2024,Aug,8,Q3,9.43,,
ORD02760,2024-08-13,Aditya Rao,Consumer,Study Desk,Furniture,Tables,North,Amritsar,2,189.47,0.05,359.99,34.52,Debit Card,2024,Aug,8,Q3,9.59,,
ORD03337,2024-08-13,Neel Malhotra,Consumer,USB-C Hub,Technology,Accessories,North,Lucknow,2,32.75,0.2,52.4,4.02,Credit Card,2024,Aug,8,Q3,7.67,,
ORD03785,2024-08-13,Diya Sharma,Corporate,Ball Pen Set,Office Supplies,Stationery,South,Bengaluru,5,7.63,0.05,36.24,9.5,UPI,2024,Aug,8,Q3,26.21,,
ORD04491,2024-08-13,Vivaan Singh,Consumer,Bookshelf,Furniture,Storage,South,Bengaluru,4,107.23,0.05,407.47,38.6,UPI,2024,Aug,8,Q3,9.47,,
ORD04699,2024-08-13,Ishita Gupta,Small Business,Ring Binder,Office Supplies,Binders,North,Lucknow,2,7.09,0.1,12.77,2.7,UPI,2024,Aug,8,Q3,21.14,,
ORD02862,2024-08-14,Maya Thomas,Consumer,HP Laser Printer,Technology,Printers,East,Bhubaneswar,5,202.05,0.25,757.68,-4.02,Debit Card,2024,Aug,8,Q3,-0.53,,
ORD01259,2024-08-15,Tara Menon,Small Business,USB-C Hub,Technology,Accessories,South,Hyderabad,1,36.65,0.15,31.16,3.05,UPI,2024,Aug,8,Q3,9.79,,
ORD01864,2024-08-15,Riya Kulkarni,Corporate,Ball Pen Set,Office Supplies,Stationery,North,Amritsar,2,7.99,0.15,13.58,2.25,UPI,2024,Aug,8,Q3,16.57,,
ORD02185,2024-08-15,Kabir Shah,Small Business,Conference Table,Furniture,Tables,North,Amritsar,1,400.46,0.05,380.44,28.7,UPI,2024,Aug,8,Q3,7.54,,
ORD01680,2024-08-16,Meera Joshi,Consumer,Mechanical Keyboard,Technology,Accessories,West,Mumbai,8,76.16,0.0,609.29,97.33,Cash,2024,Aug,8,Q3,15.97,,
ORD02460,2024-08-16,Ishita Gupta,Consumer,Desk Organizer,Office Supplies,Storage,East,Bhubaneswar,2,14.06,0.05,26.72,4.62,Cash,2024,Aug,8,Q3,17.29,,
ORD02545,2024-08-16,Neel Malhotra,Corporate,Apple iPhone 13,Technology,Phones,West,Surat,4,614.27,0.25,1842.81,-123.16,UPI,2024,Aug,8,Q3,-6.68,,
ORD02418,2024-08-17,Aisha Khan,Consumer,HP Laser Printer,Technology,Printers,West,Surat,5,222.84,0.15,947.06,81.99,Cash,2024,Aug,8,Q3,8.66,,
ORD04455,2024-08-17,Meera Joshi,Consumer,USB-C Hub,Technology,Accessories,South,Chennai,2,37.22,0.15,63.28,8.29,Credit Card,2024,Aug,8,Q3,13.1,,
ORD01823,2024-08-18,Aditya Rao,Consumer,A4 Copy Paper,Office Supplies,Paper,North,Lucknow,2,5.98,0.15,10.17,1.73,Credit Card,2024,Aug,8,Q3,17.01,,
ORD01869,2024-08-18,Rahul Verma,Corporate,Filing Cabinet,Furniture,Storage,West,Ahmedabad,1,96.07,0.3,67.25,-1.4,Cash,2024,Aug,8,Q3,-2.08,,
ORD02879,2024-08-18,Neel Malhotra,Corporate,Mechanical Keyboard,Technology,Accessories,West,Pune,2,74.91,0.2,119.85,-0.39,Debit Card,2024,Aug,8,Q3,-0.33,,
ORD03426,2024-08-18,Kabir Shah,Consumer,HP Pavilion 15,Technology,Laptops,South,Kochi,2,633.84,0.05,1204.3,114.24,Credit Card,2024,Aug,8,Q3,9.49,,
ORD04142,2024-08-18,Diya Sharma,Corporate,Stapler,Office Supplies,Stationery,West,Surat,3,8.48,0.2,20.34,2.68,Net Banking,2024,Aug,8,Q3,13.18,,
ORD00696,2024-08-19,Neel Malhotra,Small Business,Ring Binder,Office Supplies,Binders,West,Mumbai,2,6.69,0.05,12.71,2.55,Net Banking,2024,Aug,8,Q3,20.06,,
ORD00960,2024-08-19,Rohan Patel,Consumer,HP Pavilion 15,Technology,Laptops,North,Delhi,3,654.73,0.1,1767.78,109.35,Net Banking,2024,Aug,8,Q3,6.19,,
ORD01522,2024-08-19,Maya Thomas,Small Business,Desk Organizer,Office Supplies,Storage,West,Surat,5,14.94,0.0,74.71,15.01,Debit Card,2024,Aug,8,Q3,20.09,,
ORD02738,2024-08-19,Sana Kapoor,Consumer,Ergonomic Office Chair,Furniture,Chairs,South,Coimbatore,4,149.98,0.1,539.91,20.71,UPI,2024,Aug,8,Q3,3.84,,
ORD04752,2024-08-19,Kiara Desai,Consumer,HP Laser Printer,Technology,Printers,North,Jaipur,3,210.75,0.15,537.4,16.9,UPI,2024,Aug,8,Q3,3.14,,
ORD00244,2024-08-20,Sana Kapoor,Consumer,A4 Copy Paper,Office Supplies,Paper,West,Mumbai,1,6.03,0.05,5.72,0.93,UPI,2024,Aug,8,Q3,16.26,,
ORD00951,2024-08-20,Aarav Mehta,Consumer,Ball Pen Set,Office Supplies,Stationery,West,Mumbai,2,7.63,0.0,15.26,4.11,Debit Card,2024,Aug,8,Q3,26.93,,
ORD02029,2024-08-20,Aditya Rao,Consumer,Stapler,Office Supplies,Stationery,East,Guwahati,1,9.42,0.1,8.48,1.38,Net Banking,2024,Aug,8,Q3,16.27,,
ORD02076,2024-08-20,Dev Agarwal,Corporate,Conference Table,Furniture,Tables,North,Jaipur,2,401.73,0.1,723.11,31.56,Net Banking,2024,Aug,8,Q3,4.36,,
ORD03904,2024-08-20,Riya Kulkarni,Small Business,Stapler,Office Supplies,Stationery,North,Lucknow,3,9.01,0.0,27.03,6.44,Credit Card,2024,Aug,8,Q3,23.83,,
ORD04254,2024-08-20,Kiara Desai,Consumer,A4 Copy Paper,Office Supplies,Paper,South,Chennai,4,5.69,0.15,19.34,2.85,Credit Card,2024,Aug,8,Q3,14.74,,
ORD00582,2024-08-21,Maya Thomas,Corporate,Logitech Wireless Mouse,Technology,Accessories,North,Jaipur,5,28.71,0.1,129.18,14.41,UPI,2024,Aug,8,Q3,11.15,,
ORD01024,2024-08-21,Neel Malhotra,Consumer,Apple iPhone 13,Technology,Phones,West,Surat,5,646.3,0.3,2262.05,-168.16,Net Banking,2024,Aug,8,Q3,-7.43,,
ORD01739,2024-08-21,Ishita Gupta,Corporate,Conference Table,Furniture,Tables,South,Coimbatore,3,401.56,0.3,843.28,-51.61,UPI,2024,Aug,8,Q3,-6.12,,
ORD01748,2024-08-21,Vivaan Singh,Small Business,USB-C Hub,Technology,Accessories,East,Bhubaneswar,3,35.58,0.3,74.72,4.57,UPI,2024,Aug,8,Q3,6.12,,
ORD03931,2024-08-21,Meera Joshi,Corporate,Notebook Pack,Office Supplies,Stationery,South,Bengaluru,4,11.19,0.0,44.75,10.54,Cash,2024,Aug,8,Q3,23.55,,
ORD04945,2024-08-21,Sana Kapoor,Consumer,Apple iPhone 13,Technology,Phones,West,Pune,8,620.66,0.05,4717.03,265.28,UPI,2024,Aug,8,Q3,5.62,,
ORD00979,2024-08-22,Kunal Bansal,Consumer,Dell 24-inch Monitor,Technology,Monitors,West,Nagpur,1,165.11,0.0,165.11,15.84,Net Banking,2024,Aug,8,Q3,9.59,,
ORD02136,2024-08-22,Kunal Bansal,Consumer,Bookshelf,Furniture,Storage,East,Guwahati,2,110.41,0.15,187.7,16.06,Net Banking,2024,Aug,8,Q3,8.56,,
ORD02509,2024-08-22,Diya Sharma,Consumer,HP Laser Printer,Technology,Printers,East,Ranchi,3,221.35,0.25,498.03,10.51,Debit Card,2024,Aug,8,Q3,2.11,,
ORD00328,2024-08-23,Meera Joshi,Consumer,Stapler,Office Supplies,Stationery,North,Chandigarh,8,9.44,0.15,64.17,10.51,Debit Card,2024,Aug,8,Q3,16.38,,
ORD02112,2024-08-23,Dev Agarwal,Consumer,Samsung Galaxy A54,Technology,Phones,North,Delhi,5,328.39,0.1,1477.76,72.59,UPI,2024,Aug,8,Q3,4.91,,
ORD02702,2024-08-23,Kiara Desai,Consumer,Filing Cabinet,Furniture,Storage,North,Jaipur,6,90.43,0.0,542.58,55.24,Net Banking,2024,Aug,8,Q3,10.18,,
ORD03278,2024-08-23,Neel Malhotra,Small Business,Dell 24-inch Monitor,Technology,Monitors,South,Bengaluru,1,181.05,0.3,126.74,1.73,UPI,2024,Aug,8,Q3,1.36,,
ORD04299,2024-08-23,Riya Kulkarni,Consumer,USB-C Hub,Technology,Accessories,East,Kolkata,5,32.97,0.15,140.14,14.62,UPI,2024,Aug,8,Q3,10.43,,
ORD01155,2024-08-24,Kabir Shah,Corporate,USB-C Hub,Technology,Accessories,North,Lucknow,1,34.71,0.05,32.97,7.06,Debit Card,2024,Aug,8,Q3,21.41,,
ORD02251,2024-08-24,Ananya Iyer,Consumer,Bookshelf,Furniture,Storage,East,Ranchi,1,105.92,0.2,84.73,1.08,Debit Card,2024,Aug,8,Q3,1.27,,
ORD02913,2024-08-24,Ishita Gupta,Consumer,HP Pavilion 15,Technology,Laptops,East,Ranchi,1,654.21,0.25,490.65,-29.7,Debit Card,2024,Aug,8,Q3,-6.05,,
ORD04490,2024-08-24,Aditya Rao,Consumer,Filing Cabinet,Furniture,Storage,East,Patna,3,97.33,0.3,204.4,-10.02,UPI,2024,Aug,8,Q3,-4.9,,
ORD01383,2024-08-25,Kiara Desai,Consumer,Study Desk,Furniture,Tables,West,Surat,2,184.91,0.15,314.36,3.62,Credit Card,2024,Aug,8,Q3,1.15,,
ORD01397,2024-08-25,Riya Kulkarni,Consumer,Bookshelf,Furniture,Storage,South,Chennai,4,108.95,0.2,348.64,16.36,UPI,2024,Aug,8,Q3,4.69,,
ORD03640,2024-08-25,Ishita Gupta,Corporate,Ergonomic Office Chair,Furniture,Chairs,South,Coimbatore,2,155.03,0.0,310.05,47.6,UPI,2024,Aug,8,Q3,15.35,,
ORD04417,2024-08-25,Rohan Patel,Corporate,Ergonomic Office Chair,Furniture,Chairs,North,Jaipur,3,144.06,0.25,324.14,9.4,Net Banking,2024,Aug,8,Q3,2.9,,
ORD00324,2024-08-26,Riya Kulkarni,Small Business,Filing Cabinet,Furniture,Storage,East,Patna,2,99.64,0.25,149.46,-2.06,UPI,2024,Aug,8,Q3,-1.38,,
ORD00303,2024-08-27,Aditya Rao,Consumer,Lenovo IdeaPad 3,Technology,Laptops,East,Ranchi,1,484.23,0.1,435.81,14.87,UPI,2024,Aug,8,Q3,3.41,,
ORD00818,2024-08-27,Ananya Iyer,Corporate,Lenovo IdeaPad 3,Technology,Laptops,South,Chennai,4,502.03,0.05,1907.73,86.17,UPI,2024,Aug,8,Q3,4.52,,
ORD00961,2024-08-27,Rahul Verma,Corporate,Samsung Galaxy A54,Technology,Phones,North,Delhi,3,305.89,0.05,871.77,96.96,UPI,2024,Aug,8,Q3,11.12,,
ORD01333,2024-08-27,Aarav Mehta,Consumer,USB-C Hub,Technology,Accessories,South,Hyderabad,1,35.0,0.1,31.5,4.83,Debit Card,2024,Aug,8,Q3,15.33,,
ORD03927,2024-08-27,Dev Agarwal,Corporate,HP Laser Printer,Technology,Printers,East,Guwahati,4,198.34,0.2,634.7,-5.17,UPI,2024,Aug,8,Q3,-0.81,,
ORD04169,2024-08-27,Kiara Desai,Consumer,Bookshelf,Furniture,Storage,South,Kochi,3,113.36,0.0,340.08,67.92,Debit Card,2024,Aug,8,Q3,19.97,,
ORD04477,2024-08-27,Aisha Khan,Consumer,Study Desk,Furniture,Tables,North,Jaipur,2,173.72,0.0,347.44,29.01,Net Banking,2024,Aug,8,Q3,8.35,,
ORD01448,2024-08-28,Sana Kapoor,Consumer,Logitech Wireless Mouse,Technology,Accessories,South,Bengaluru,2,26.05,0.0,52.09,9.8,Credit Card,2024,Aug,8,Q3,18.81,,
ORD02240,2024-08-28,Dev Agarwal,Consumer,Desk Organizer,Office Supplies,Storage,South,Coimbatore,6,14.5,0.1,78.27,14.97,UPI,2024,Aug,8,Q3,19.13,,
ORD02414,2024-08-28,Sana Kapoor,Consumer,Desk Organizer,Office Supplies,Storage,West,Ahmedabad,8,14.38,0.25,86.29,9.06,UPI,2024,Aug,8,Q3,10.5,,
ORD04239,2024-08-28,Kabir Shah,Consumer,Samsung Galaxy A54,Technology,Phones,West,Nagpur,4,334.36,0.05,1270.57,117.36,Debit Card,2024,Aug,8,Q3,9.24,,
ORD02456,2024-08-29,Kabir Shah,Corporate,Study Desk,Furniture,Tables,South,Hyderabad,4,176.2,0.2,563.83,6.05,UPI,2024,Aug,8,Q3,1.07,,
ORD04152,2024-08-29,Aisha Khan,Consumer,Filing Cabinet,Furniture,Storage,North,Jaipur,1,92.84,0.1,83.56,8.4,Net Banking,2024,Aug,8,Q3,10.05,,
ORD01168,2024-08-30,Meera Joshi,Consumer,A4 Copy Paper,Office Supplies,Paper,West,Mumbai,1,6.32,0.05,6.0,1.25,UPI,2024,Aug,8,Q3,20.83,,
ORD03823,2024-08-30,Meera Joshi,Consumer,Dell 24-inch Monitor,Technology,Monitors,North,Amritsar,8,179.17,0.3,1003.36,-63.14,UPI,2024,Aug,8,Q3,-6.29,,
ORD04005,2024-08-30,Aditya Rao,Consumer,Desk Organizer,Office Supplies,Storage,South,Chennai,3,13.82,0.2,33.16,3.46,Debit Card,2024,Aug,8,Q3,10.43,,
ORD00570,2024-08-31,Meera Joshi,Consumer,Notebook Pack,Office Supplies,Stationery,East,Patna,2,11.59,0.0,23.17,6.33,UPI,2024,Aug,8,Q3,27.32,,
ORD02444,2024-08-31,Sana Kapoor,Consumer,HP Laser Printer,Technology,Printers,South,Bengaluru,3,210.79,0.1,569.13,25.49,Debit Card,2024,Aug,8,Q3,4.48,,
ORD02788,2024-08-31,Rohan Patel,Consumer,Bookshelf,Furniture,Storage,North,Amritsar,1,112.4,0.0,112.4,15.62,Net Banking,2024,Aug,8,Q3,13.9,,
ORD04087,2024-08-31,Neel Malhotra,Corporate,USB-C Hub,Technology,Accessories,North,Delhi,2,33.27,0.1,59.89,7.14,UPI,2024,Aug,8,Q3,11.92,,
ORD01462,2024-09-01,Rohan Patel,Consumer,HP Laser Printer,Technology,Printers,South,Hyderabad,2,201.55,0.2,322.48,-0.52,Debit Card,2024,Sep,9,Q3,-0.16,,
ORD04085,2024-09-01,Sana Kapoor,Consumer,Logitech Wireless Mouse,Technology,Accessories,South,Bengaluru,4,29.68,0.15,100.9,7.13,Debit Card,2024,Sep,9,Q3,7.07,,
ORD04819,2024-09-01,Neel Malhotra,Small Business,Samsung Galaxy A54,Technology,Phones,South,Kochi,2,334.53,0.15,568.71,37.06,Credit Card,2024,Sep,9,Q3,6.52,,
ORD00690,2024-09-02,Rohan Patel,Consumer,Apple iPhone 13,Technology,Phones,South,Coimbatore,5,695.1,0.05,3301.73,250.46,Credit Card,2024,Sep,9,Q3,7.59,,
ORD00924,2024-09-03,Riya Kulkarni,Small Business,Desk Organizer,Office Supplies,Storage,West,Surat,2,13.32,0.15,22.64,3.58,UPI,2024,Sep,9,Q3,15.81,,
ORD01059,2024-09-03,Ishita Gupta,Corporate,Stapler,Office Supplies,Stationery,North,Lucknow,4,9.07,0.1,32.66,4.67,Debit Card,2024,Sep,9,Q3,14.3,,
ORD03127,2024-09-03,Kunal Bansal,Corporate,USB-C Hub,Technology,Accessories,East,Bhubaneswar,3,36.78,0.0,110.33,23.75,UPI,2024,Sep,9,Q3,21.53,,
ORD04362,2024-09-03,Meera Joshi,Consumer,Mechanical Keyboard,Technology,Accessories,North,Amritsar,6,74.62,0.2,358.17,26.94,UPI,2024,Sep,9,Q3,7.52,,
ORD02966,2024-09-04,Riya Kulkarni,Consumer,Filing Cabinet,Furniture,Storage,South,Chennai,1,90.86,0.0,90.86,6.83,UPI,2024,Sep,9,Q3,7.52,,
ORD03694,2024-09-04,Meera Joshi,Small Business,Ball Pen Set,Office Supplies,Stationery,North,Jaipur,3,7.53,0.1,20.33,4.78,Credit Card,2024,Sep,9,Q3,23.51,,
ORD04722,2024-09-04,Rohan Patel,Corporate,Lenovo IdeaPad 3,Technology,Laptops,East,Bhubaneswar,1,485.23,0.2,388.18,-1.8,Debit Card,2024,Sep,9,Q3,-0.46,,
ORD01418,2024-09-05,Dev Agarwal,Consumer,USB-C Hub,Technology,Accessories,North,Jaipur,4,36.81,0.0,147.23,37.14,Credit Card,2024,Sep,9,Q3,25.23,,
ORD02551,2024-09-05,Rohan Patel,Corporate,Conference Table,Furniture,Tables,West,Ahmedabad,1,437.02,0.1,393.32,27.99,Net Banking,2024,Sep,9,Q3,7.12,,
ORD03519,2024-09-05,Riya Kulkarni,Small Business,Dell 24-inch Monitor,Technology,Monitors,South,Chennai,1,170.23,0.0,170.23,22.97,Cash,2024,Sep,9,Q3,13.49,,
ORD01077,2024-09-06,Diya Sharma,Corporate,HP Laser Printer,Technology,Printers,South,Chennai,3,208.85,0.2,501.25,7.33,Credit Card,2024,Sep,9,Q3,1.46,,
ORD03542,2024-09-06,Rohan Patel,Corporate,USB-C Hub,Technology,Accessories,East,Bhubaneswar,4,36.22,0.3,101.43,5.06,Net Banking,2024,Sep,9,Q3,4.99,,
ORD03918,2024-09-06,Meera Joshi,Small Business,USB-C Hub,Technology,Accessories,North,Lucknow,4,34.06,0.2,108.98,8.79,Net Banking,2024,Sep,9,Q3,8.07,,
ORD04756,2024-09-06,Ananya Iyer,Corporate,Samsung Galaxy A54,Technology,Phones,East,Ranchi,10,324.16,0.15,2755.4,94.01,Credit Card,2024,Sep,9,Q3,3.41,,
ORD01417,2024-09-07,Rohan Patel,Consumer,Ergonomic Office Chair,Furniture,Chairs,South,Chennai,8,142.46,0.25,854.79,31.37,Debit Card,2024,Sep,9,Q3,3.67,,
ORD02575,2024-09-07,Ananya Iyer,Corporate,Samsung Galaxy A54,Technology,Phones,East,Patna,2,299.49,0.2,479.18,-1.73,Credit Card,2024,Sep,9,Q3,-0.36,,
ORD03826,2024-09-07,Dev Agarwal,Consumer,Mechanical Keyboard,Technology,Accessories,South,Coimbatore,4,71.36,0.15,242.63,14.72,Credit Card,2024,Sep,9,Q3,6.07,,
ORD01816,2024-09-08,Dev Agarwal,Consumer,Mechanical Keyboard,Technology,Accessories,East,Kolkata,10,72.72,0.05,690.84,102.61,Credit Card,2024,Sep,9,Q3,14.85,,
ORD03313,2024-09-08,Riya Kulkarni,Consumer,Study Desk,Furniture,Tables,South,Hyderabad,2,186.59,0.15,317.21,16.34,Cash,2024,Sep,9,Q3,5.15,,
ORD04034,2024-09-08,Dev Agarwal,Corporate,Study Desk,Furniture,Tables,East,Ranchi,1,191.55,0.25,143.67,-5.86,UPI,2024,Sep,9,Q3,-4.08,,
ORD01879,2024-09-09,Aarav Mehta,Corporate,Logitech Wireless Mouse,Technology,Accessories,West,Pune,10,28.79,0.0,287.88,54.34,Credit Card,2024,Sep,9,Q3,18.88,,
ORD02048,2024-09-09,Rahul Verma,Corporate,Apple iPhone 13,Technology,Phones,East,Guwahati,3,683.49,0.1,1845.43,59.1,Net Banking,2024,Sep,9,Q3,3.2,,
ORD03089,2024-09-09,Meera Joshi,Corporate,Logitech Wireless Mouse,Technology,Accessories,West,Nagpur,2,29.29,0.1,52.72,7.27,Credit Card,2024,Sep,9,Q3,13.79,,
ORD03909,2024-09-09,Rahul Verma,Corporate,Logitech Wireless Mouse,Technology,Accessories,West,Pune,1,28.34,0.0,28.34,5.0,Debit Card,2024,Sep,9,Q3,17.64,,
ORD04053,2024-09-09,Kunal Bansal,Consumer,Ergonomic Office Chair,Furniture,Chairs,North,Jaipur,2,136.67,0.05,259.67,18.63,Net Banking,2024,Sep,9,Q3,7.17,,
ORD02354,2024-09-11,Ananya Iyer,Consumer,HP Pavilion 15,Technology,Laptops,South,Kochi,8,657.65,0.0,5261.21,704.66,Credit Card,2024,Sep,9,Q3,13.39,,
ORD02519,2024-09-11,Kabir Shah,Corporate,Stapler,Office Supplies,Stationery,North,Amritsar,2,9.0,0.15,15.31,2.2,Net Banking,2024,Sep,9,Q3,14.37,,
ORD02885,2024-09-11,Arjun Nair,Small Business,Lenovo IdeaPad 3,Technology,Laptops,South,Coimbatore,4,505.42,0.25,1516.27,41.23,UPI,2024,Sep,9,Q3,2.72,,
ORD02988,2024-09-11,Rohan Patel,Corporate,Notebook Pack,Office Supplies,Stationery,South,Hyderabad,1,12.08,0.25,9.06,1.12,Credit Card,2024,Sep,9,Q3,12.36,,
ORD02994,2024-09-11,Ananya Iyer,Consumer,Stapler,Office Supplies,Stationery,South,Bengaluru,5,9.6,0.15,40.82,6.46,Debit Card,2024,Sep,9,Q3,15.83,,
ORD03387,2024-09-11,Vivaan Singh,Corporate,Bookshelf,Furniture,Storage,West,Pune,2,104.15,0.0,208.31,38.14,Credit Card,2024,Sep,9,Q3,18.31,,
ORD04016,2024-09-11,Aisha Khan,Corporate,HP Pavilion 15,Technology,Laptops,West,Pune,1,723.95,0.1,651.56,-3.62,Net Banking,2024,Sep,9,Q3,-0.56,,
ORD00496,2024-09-12,Tara Menon,Corporate,Samsung Galaxy A54,Technology,Phones,East,Kolkata,1,312.29,0.3,218.6,-5.71,UPI,2024,Sep,9,Q3,-2.61,,
ORD01914,2024-09-12,Rahul Verma,Consumer,Ring Binder,Office Supplies,Binders,South,Kochi,8,6.93,0.2,44.35,7.01,Credit Card,2024,Sep,9,Q3,15.81,,
ORD02883,2024-09-12,Kunal Bansal,Consumer,Apple iPhone 13,Technology,Phones,East,Patna,10,692.06,0.3,4844.41,-391.59,Debit Card,2024,Sep,9,Q3,-8.08,,
ORD04618,2024-09-12,Diya Sharma,Consumer,Ergonomic Office Chair,Furniture,Chairs,East,Kolkata,1,147.98,0.05,140.58,16.64,Net Banking,2024,Sep,9,Q3,11.84,,
ORD01533,2024-09-13,Ananya Iyer,Consumer,Conference Table,Furniture,Tables,West,Pune,8,413.39,0.1,2976.43,-8.43,Credit Card,2024,Sep,9,Q3,-0.28,,
ORD01957,2024-09-13,Aisha Khan,Consumer,USB-C Hub,Technology,Accessories,North,Amritsar,10,36.14,0.2,289.09,31.6,Credit Card,2024,Sep,9,Q3,10.93,,
ORD01202,2024-09-14,Kunal Bansal,Consumer,Apple iPhone 13,Technology,Phones,East,Kolkata,2,615.43,0.15,1046.24,-4.03,Net Banking,2024,Sep,9,Q3,-0.39,,
ORD04322,2024-09-14,Arjun Nair,Consumer,Ball Pen Set,Office Supplies,Stationery,East,Guwahati,1,8.44,0.1,7.6,1.84,UPI,2024,Sep,9,Q3,24.21,,
ORD04326,2024-09-14,Ishita Gupta,Corporate,HP Laser Printer,Technology,Printers,West,Ahmedabad,8,215.58,0.1,1552.2,110.93,UPI,2024,Sep,9,Q3,7.15,,
ORD04530,2024-09-14,Diya Sharma,Small Business,HP Pavilion 15,Technology,Laptops,South,Bengaluru,5,692.41,0.0,3462.07,438.96,UPI,2024,Sep,9,Q3,12.68,,
ORD01126,2024-09-15,Aditya Rao,Small Business,Lenovo IdeaPad 3,Technology,Laptops,South,Kochi,4,546.9,0.2,1750.07,-17.53,Net Banking,2024,Sep,9,Q3,-1.0,,
ORD01573,2024-09-15,Ishita Gupta,Corporate,A4 Copy Paper,Office Supplies,Paper,West,Nagpur,10,5.59,0.0,55.93,12.3,Net Banking,2024,Sep,9,Q3,21.99,,
ORD02497,2024-09-15,Sana Kapoor,Consumer,Desk Organizer,Office Supplies,Storage,North,Delhi,2,14.72,0.05,27.97,4.51,UPI,2024,Sep,9,Q3,16.12,,
ORD00381,2024-09-16,Aarav Mehta,Small Business,Samsung Galaxy A54,Technology,Phones,East,Kolkata,3,314.3,0.15,801.48,3.56,Credit Card,2024,Sep,9,Q3,0.44,,
ORD00611,2024-09-16,Vivaan Singh,Consumer,Ergonomic Office Chair,Furniture,Chairs,West,Mumbai,3,148.07,0.2,355.38,4.83,Debit Card,2024,Sep,9,Q3,1.36,,
ORD00920,2024-09-16,Aditya Rao,Small Business,HP Pavilion 15,Technology,Laptops,South,Kochi,1,658.21,0.0,658.21,71.87,UPI,2024,Sep,9,Q3,10.92,,
ORD03252,2024-09-16,Kiara Desai,Consumer,HP Laser Printer,Technology,Printers,West,Surat,2,202.15,0.1,363.87,8.93,Net Banking,2024,Sep,9,Q3,2.45,,
ORD03473,2024-09-16,Sana Kapoor,Consumer,Conference Table,Furniture,Tables,North,Chandigarh,1,437.03,0.0,437.03,41.06,UPI,2024,Sep,9,Q3,9.4,,
ORD03475,2024-09-16,Aisha Khan,Corporate,HP Pavilion 15,Technology,Laptops,South,Hyderabad,2,700.37,0.2,1120.59,-13.01,UPI,2024,Sep,9,Q3,-1.16,,
ORD04193,2024-09-16,Arjun Nair,Consumer,Apple iPhone 13,Technology,Phones,East,Patna,3,664.92,0.2,1595.81,-9.66,UPI,2024,Sep,9,Q3,-0.61,,
ORD04820,2024-09-16,Aarav Mehta,Consumer,Stapler,Office Supplies,Stationery,West,Nagpur,4,8.4,0.25,25.19,3.22,Net Banking,2024,Sep,9,Q3,12.78,,
ORD00066,2024-09-17,Riya Kulkarni,Small Business,Apple iPhone 13,Technology,Phones,West,Pune,2,665.5,0.1,1197.91,32.91,Credit Card,2024,Sep,9,Q3,2.75,,
ORD00832,2024-09-17,Dev Agarwal,Corporate,Study Desk,Furniture,Tables,South,Hyderabad,5,184.5,0.05,876.38,74.57,Debit Card,2024,Sep,9,Q3,8.51,,
ORD03193,2024-09-17,Kiara Desai,Consumer,Bookshelf,Furniture,Storage,West,Ahmedabad,2,105.38,0.15,179.15,18.22,Cash,2024,Sep,9,Q3,10.17,,
ORD03552,2024-09-17,Rohan Patel,Consumer,USB-C Hub,Technology,Accessories,South,Kochi,3,35.04,0.2,84.09,9.95,Cash,2024,Sep,9,Q3,11.83,,
ORD04307,2024-09-17,Dev Agarwal,Small Business,Filing Cabinet,Furniture,Storage,North,Lucknow,5,91.8,0.1,413.1,31.12,Credit Card,2024,Sep,9,Q3,7.53,,
ORD04569,2024-09-17,Aisha Khan,Consumer,HP Pavilion 15,Technology,Laptops,North,Delhi,3,646.1,0.05,1841.4,154.15,Credit Card,2024,Sep,9,Q3,8.37,,
ORD00017,2024-09-18,Kiara Desai,Small Business,Filing Cabinet,Furniture,Storage,North,Delhi,1,96.62,0.2,77.29,4.03,UPI,2024,Sep,9,Q3,5.21,,
ORD00154,2024-09-18,Diya Sharma,Consumer,Conference Table,Furniture,Tables,West,Nagpur,4,411.14,0.2,1315.66,-67.79,Net Banking,2024,Sep,9,Q3,-5.15,,
ORD00969,2024-09-18,Arjun Nair,Corporate,Logitech Wireless Mouse,Technology,Accessories,North,Lucknow,2,28.8,0.05,54.72,8.8,UPI,2024,Sep,9,Q3,16.08,,
ORD01293,2024-09-18,Vivaan Singh,Corporate,Dell 24-inch Monitor,Technology,Monitors,East,Ranchi,3,187.11,0.3,392.94,-18.29,Credit Card,2024,Sep,9,Q3,-4.65,,
ORD01799,2024-09-18,Neel Malhotra,Small Business,Dell 24-inch Monitor,Technology,Monitors,West,Mumbai,1,182.17,0.1,163.95,11.36,Net Banking,2024,Sep,9,Q3,6.93,,
ORD01893,2024-09-18,Tara Menon,Consumer,Notebook Pack,Office Supplies,Stationery,East,Kolkata,2,12.7,0.25,19.04,2.38,UPI,2024,Sep,9,Q3,12.5,,
ORD04449,2024-09-18,Riya Kulkarni,Consumer,Filing Cabinet,Furniture,Storage,South,Chennai,2,90.73,0.2,145.17,3.47,UPI,2024,Sep,9,Q3,2.39,,
ORD04876,2024-09-18,Riya Kulkarni,Corporate,Samsung Galaxy A54,Technology,Phones,East,Ranchi,4,307.4,0.2,983.69,-43.42,Debit Card,2024,Sep,9,Q3,-4.41,,
ORD00165,2024-09-19,Diya Sharma,Consumer,Conference Table,Furniture,Tables,West,Mumbai,5,402.81,0.0,2014.06,199.74,Debit Card,2024,Sep,9,Q3,9.92,,
ORD00228,2024-09-19,Rahul Verma,Consumer,Logitech Wireless Mouse,Technology,Accessories,West,Surat,4,28.25,0.25,84.75,7.57,Debit Card,2024,Sep,9,Q3,8.93,,
ORD00629,2024-09-19,Arjun Nair,Corporate,Ergonomic Office Chair,Furniture,Chairs,West,Ahmedabad,4,148.66,0.1,535.18,70.23,Debit Card,2024,Sep,9,Q3,13.12,,
ORD02400,2024-09-19,Kiara Desai,Small Business,Samsung Galaxy A54,Technology,Phones,North,Amritsar,10,330.34,0.05,3138.23,262.8,UPI,2024,Sep,9,Q3,8.37,,
ORD02733,2024-09-19,Kunal Bansal,Consumer,Dell 24-inch Monitor,Technology,Monitors,West,Mumbai,8,176.96,0.1,1274.1,69.37,Credit Card,2024,Sep,9,Q3,5.44,,
ORD03197,2024-09-19,Meera Joshi,Corporate,Stapler,Office Supplies,Stationery,West,Mumbai,1,9.29,0.15,7.89,1.53,Credit Card,2024,Sep,9,Q3,19.39,,
ORD04176,2024-09-19,Aisha Khan,Small Business,Samsung Galaxy A54,Technology,Phones,West,Pune,4,332.83,0.15,1131.62,-54.42,Net Banking,2024,Sep,9,Q3,-4.81,,
ORD00542,2024-09-20,Meera Joshi,Consumer,Dell 24-inch Monitor,Technology,Monitors,East,Bhubaneswar,8,178.26,0.15,1212.17,135.42,Credit Card,2024,Sep,9,Q3,11.17,,
ORD02277,2024-09-20,Kiara Desai,Small Business,Logitech Wireless Mouse,Technology,Accessories,West,Nagpur,2,28.52,0.2,45.63,2.75,UPI,2024,Sep,9,Q3,6.03,,
ORD02407,2024-09-20,Aisha Khan,Consumer,Ring Binder,Office Supplies,Binders,East,Guwahati,2,6.58,0.0,13.16,3.45,UPI,2024,Sep,9,Q3,26.22,,
ORD03246,2024-09-20,Diya Sharma,Consumer,Samsung Galaxy A54,Technology,Phones,South,Bengaluru,3,311.32,0.0,933.96,93.7,UPI,2024,Sep,9,Q3,10.03,,
ORD00079,2024-09-21,Sana Kapoor,Consumer,Dell 24-inch Monitor,Technology,Monitors,East,Bhubaneswar,3,177.82,0.2,426.77,-15.04,Credit Card,2024,Sep,9,Q3,-3.52,,
ORD01588,2024-09-21,Vivaan Singh,Corporate,Apple iPhone 13,Technology,Phones,West,Mumbai,4,672.1,0.15,2285.14,26.74,Debit Card,2024,Sep,9,Q3,1.17,,
ORD02720,2024-09-21,Vivaan Singh,Corporate,HP Laser Printer,Technology,Printers,South,Chennai,4,218.84,0.2,700.3,-16.78,UPI,2024,Sep,9,Q3,-2.4,,
ORD02868,2024-09-21,Kunal Bansal,Corporate,HP Pavilion 15,Technology,Laptops,South,Chennai,3,723.56,0.2,1736.54,-100.31,UPI,2024,Sep,9,Q3,-5.78,,
ORD03384,2024-09-21,Maya Thomas,Consumer,Mechanical Keyboard,Technology,Accessories,North,Amritsar,2,69.15,0.0,138.3,17.24,Credit Card,2024,Sep,9,Q3,12.47,,
ORD04229,2024-09-21,Vivaan Singh,Corporate,Dell 24-inch Monitor,Technology,Monitors,North,Chandigarh,6,171.29,0.0,1027.76,131.8,Debit Card,2024,Sep,9,Q3,12.82,,
ORD02572,2024-09-22,Kiara Desai,Consumer,Bookshelf,Furniture,Storage,North,Amritsar,3,116.78,0.0,350.35,29.44,Debit Card,2024,Sep,9,Q3,8.4,,
ORD03432,2024-09-22,Kiara Desai,Consumer,Filing Cabinet,Furniture,Storage,East,Bhubaneswar,6,96.24,0.3,404.22,-15.56,Debit Card,2024,Sep,9,Q3,-3.85,,
ORD04526,2024-09-22,Rahul Verma,Consumer,Apple iPhone 13,Technology,Phones,East,Kolkata,8,677.6,0.1,4878.69,-45.58,Credit Card,2024,Sep,9,Q3,-0.93,,
ORD02816,2024-09-23,Rohan Patel,Corporate,Ring Binder,Office Supplies,Binders,South,Chennai,6,7.38,0.25,33.19,2.53,Credit Card,2024,Sep,9,Q3,7.62,,
ORD00067,2024-09-24,Neel Malhotra,Small Business,Notebook Pack,Office Supplies,Stationery,North,Delhi,8,12.27,0.05,93.27,19.18,UPI,2024,Sep,9,Q3,20.56,,
ORD03452,2024-09-24,Vivaan Singh,Corporate,Notebook Pack,Office Supplies,Stationery,West,Pune,4,11.69,0.15,39.73,7.08,Credit Card,2024,Sep,9,Q3,17.82,,
ORD04103,2024-09-24,Sana Kapoor,Small Business,Filing Cabinet,Furniture,Storage,West,Ahmedabad,6,91.03,0.05,518.88,55.07,UPI,2024,Sep,9,Q3,10.61,,
ORD02627,2024-09-25,Tara Menon,Consumer,Apple iPhone 13,Technology,Phones,North,Chandigarh,10,611.83,0.05,5812.36,201.88,Cash,2024,Sep,9,Q3,3.47,,
ORD03926,2024-09-25,Aisha Khan,Consumer,Desk Organizer,Office Supplies,Storage,South,Kochi,2,13.95,0.1,25.11,5.21,UPI,2024,Sep,9,Q3,20.75,,
ORD01213,2024-09-26,Maya Thomas,Small Business,Apple iPhone 13,Technology,Phones,West,Nagpur,1,654.23,0.3,457.96,-43.57,Credit Card,2024,Sep,9,Q3,-9.51,,
ORD01880,2024-09-26,Neel Malhotra,Corporate,Study Desk,Furniture,Tables,West,Surat,10,169.08,0.2,1352.67,4.35,UPI,2024,Sep,9,Q3,0.32,,
ORD03357,2024-09-26,Ananya Iyer,Consumer,Notebook Pack,Office Supplies,Stationery,West,Mumbai,2,12.38,0.0,24.77,5.86,Credit Card,2024,Sep,9,Q3,23.66,,
ORD03626,2024-09-26,Kabir Shah,Consumer,Study Desk,Furniture,Tables,West,Nagpur,10,170.33,0.1,1532.97,147.89,UPI,2024,Sep,9,Q3,9.65,,
ORD00706,2024-09-27,Rahul Verma,Corporate,HP Laser Printer,Technology,Printers,East,Patna,2,211.93,0.25,317.89,7.63,UPI,2024,Sep,9,Q3,2.4,,
ORD00717,2024-09-27,Vivaan Singh,Corporate,Dell 24-inch Monitor,Technology,Monitors,East,Patna,1,177.76,0.15,151.1,1.58,Credit Card,2024,Sep,9,Q3,1.05,,
ORD01031,2024-09-27,Kiara Desai,Consumer,USB-C Hub,Technology,Accessories,West,Nagpur,1,36.0,0.2,28.8,3.38,Debit Card,2024,Sep,9,Q3,11.74,,
ORD02265,2024-09-27,Aditya Rao,Corporate,Ergonomic Office Chair,Furniture,Chairs,East,Bhubaneswar,6,149.77,0.15,763.83,82.78,Net Banking,2024,Sep,9,Q3,10.84,,
ORD03436,2024-09-27,Aarav Mehta,Consumer,Desk Organizer,Office Supplies,Storage,West,Pune,8,13.75,0.0,110.03,23.04,UPI,2024,Sep,9,Q3,20.94,,
ORD01302,2024-09-28,Maya Thomas,Corporate,Mechanical Keyboard,Technology,Accessories,South,Chennai,4,70.06,0.1,252.21,38.02,UPI,2024,Sep,9,Q3,15.07,,
ORD01317,2024-09-28,Maya Thomas,Consumer,Desk Organizer,Office Supplies,Storage,East,Patna,6,14.8,0.05,84.38,16.6,Credit Card,2024,Sep,9,Q3,19.67,,
ORD02995,2024-09-28,Aarav Mehta,Corporate,Ball Pen Set,Office Supplies,Stationery,East,Guwahati,1,8.54,0.3,5.98,0.49,UPI,2024,Sep,9,Q3,8.19,,
ORD03242,2024-09-28,Ishita Gupta,Consumer,Samsung Galaxy A54,Technology,Phones,West,Surat,6,337.16,0.0,2022.93,211.03,UPI,2024,Sep,9,Q3,10.43,,
ORD03431,2024-09-28,Kabir Shah,Consumer,Ball Pen Set,Office Supplies,Stationery,South,Chennai,1,7.73,0.0,7.73,1.74,UPI,2024,Sep,9,Q3,22.51,,
ORD03484,2024-09-28,Maya Thomas,Consumer,Stapler,Office Supplies,Stationery,East,Kolkata,1,9.33,0.05,8.87,1.56,Credit Card,2024,Sep,9,Q3,17.59,,
ORD03795,2024-09-28,Arjun Nair,Consumer,Apple iPhone 13,Technology,Phones,West,Nagpur,4,648.38,0.15,2204.48,-37.26,Credit Card,2024,Sep,9,Q3,-1.69,,
ORD01724,2024-09-29,Aarav Mehta,Corporate,Filing Cabinet,Furniture,Storage,West,Nagpur,1,90.91,0.15,77.27,1.51,UPI,2024,Sep,9,Q3,1.95,,
ORD02522,2024-09-29,Neel Malhotra,Consumer,HP Laser Printer,Technology,Printers,East,Ranchi,3,211.88,0.2,508.51,13.95,Debit Card,2024,Sep,9,Q3,2.74,,
ORD02933,2024-09-29,Dev Agarwal,Corporate,Apple iPhone 13,Technology,Phones,South,Chennai,10,614.66,0.0,6146.6,407.11,Credit Card,2024,Sep,9,Q3,6.62,,
ORD03867,2024-09-29,Tara Menon,Consumer,HP Laser Printer,Technology,Printers,North,Delhi,1,207.37,0.3,145.16,-9.55,Cash,2024,Sep,9,Q3,-6.58,,
ORD01218,2024-09-30,Riya Kulkarni,Consumer,Ergonomic Office Chair,Furniture,Chairs,South,Chennai,5,146.63,0.0,733.14,76.45,Debit Card,2024,Sep,9,Q3,10.43,,
ORD01344,2024-09-30,Riya Kulkarni,Consumer,Apple iPhone 13,Technology,Phones,East,Bhubaneswar,2,686.09,0.05,1303.57,59.8,UPI,2024,Sep,9,Q3,4.59,,
ORD02192,2024-09-30,Arjun Nair,Consumer,Ergonomic Office Chair,Furniture,Chairs,East,Kolkata,6,143.26,0.15,730.64,66.79,UPI,2024,Sep,9,Q3,9.14,,
ORD03480,2024-09-30,Aisha Khan,Consumer,Desk Organizer,Office Supplies,Storage,North,Lucknow,1,13.86,0.15,11.78,1.81,Debit Card,2024,Sep,9,Q3,15.37,,
ORD03813,2024-09-30,Rohan Patel,Consumer,Desk Organizer,Office Supplies,Storage,South,Chennai,1,14.66,0.1,13.2,1.91,Net Banking,2024,Sep,9,Q3,14.47,,
ORD00063,2024-10-01,Kabir Shah,Corporate,Lenovo IdeaPad 3,Technology,Laptops,East,Guwahati,2,521.37,0.2,834.19,23.6,UPI,2024,Oct,10,Q4,2.83,,
ORD00353,2024-10-01,Kabir Shah,Corporate,Conference Table,Furniture,Tables,North,Jaipur,8,443.39,0.15,3015.03,61.38,Debit Card,2024,Oct,10,Q4,2.04,,
ORD00490,2024-10-01,Rohan Patel,Consumer,Bookshelf,Furniture,Storage,West,Ahmedabad,1,104.94,0.05,99.69,9.01,UPI,2024,Oct,10,Q4,9.04,,
ORD01328,2024-10-01,Vivaan Singh,Corporate,Study Desk,Furniture,Tables,West,Pune,3,179.92,0.0,539.76,55.73,UPI,2024,Oct,10,Q4,10.32,,
ORD02658,2024-10-01,Ananya Iyer,Small Business,Bookshelf,Furniture,Storage,South,Chennai,5,114.99,0.15,488.72,24.11,Credit Card,2024,Oct,10,Q4,4.93,,
ORD03259,2024-10-01,Sana Kapoor,Corporate,Samsung Galaxy A54,Technology,Phones,West,Mumbai,6,328.98,0.15,1677.78,-18.35,Net Banking,2024,Oct,10,Q4,-1.09,,
ORD04015,2024-10-01,Rohan Patel,Corporate,Logitech Wireless Mouse,Technology,Accessories,South,Chennai,1,27.93,0.15,23.74,2.26,UPI,2024,Oct,10,Q4,9.52,,
ORD01201,2024-10-02,Aarav Mehta,Small Business,Notebook Pack,Office Supplies,Stationery,West,Surat,4,12.17,0.05,46.26,11.25,Net Banking,2024,Oct,10,Q4,24.32,,
ORD02176,2024-10-02,Arjun Nair,Corporate,Ball Pen Set,Office Supplies,Stationery,West,Nagpur,1,7.6,0.25,5.7,0.92,Cash,2024,Oct,10,Q4,16.14,,
ORD00836,2024-10-03,Rahul Verma,Consumer,Conference Table,Furniture,Tables,North,Amritsar,2,432.89,0.1,779.21,38.81,Credit Card,2024,Oct,10,Q4,4.98,,
ORD01290,2024-10-03,Arjun Nair,Consumer,Bookshelf,Furniture,Storage,East,Guwahati,4,112.48,0.1,404.91,59.87,UPI,2024,Oct,10,Q4,14.79,,
ORD01399,2024-10-03,Aarav Mehta,Corporate,Dell 24-inch Monitor,Technology,Monitors,North,Delhi,6,171.08,0.0,1026.5,125.86,Net Banking,2024,Oct,10,Q4,12.26,,
ORD02339,2024-10-03,Tara Menon,Consumer,Dell 24-inch Monitor,Technology,Monitors,West,Surat,4,183.15,0.1,659.34,54.62,Credit Card,2024,Oct,10,Q4,8.28,,
ORD02910,2024-10-03,Meera Joshi,Corporate,Study Desk,Furniture,Tables,West,Nagpur,2,176.54,0.05,335.43,42.57,Debit Card,2024,Oct,10,Q4,12.69,,
ORD03506,2024-10-03,Sana Kapoor,Consumer,Ring Binder,Office Supplies,Binders,East,Patna,1,6.86,0.15,5.83,1.11,Debit Card,2024,Oct,10,Q4,19.04,,
ORD03811,2024-10-03,Rohan Patel,Consumer,Desk Organizer,Office Supplies,Storage,West,Ahmedabad,3,14.47,0.1,39.06,5.47,UPI,2024,Oct,10,Q4,14.0,,
ORD04215,2024-10-03,Ishita Gupta,Consumer,Logitech Wireless Mouse,Technology,Accessories,North,Amritsar,2,28.21,0.3,39.49,0.2,Cash,2024,Oct,10,Q4,0.51,,
ORD04436,2024-10-03,Rohan Patel,Consumer,Bookshelf,Furniture,Storage,South,Kochi,2,112.66,0.0,225.32,34.83,Debit Card,2024,Oct,10,Q4,15.46,,
ORD04715,2024-10-03,Ananya Iyer,Consumer,Stapler,Office Supplies,Stationery,West,Mumbai,1,9.28,0.15,7.89,1.46,Net Banking,2024,Oct,10,Q4,18.5,,
ORD00058,2024-10-04,Rohan Patel,Consumer,Ergonomic Office Chair,Furniture,Chairs,East,Guwahati,2,141.2,0.2,225.91,6.17,UPI,2024,Oct,10,Q4,2.73,,
ORD01446,2024-10-04,Rohan Patel,Consumer,Filing Cabinet,Furniture,Storage,North,Chandigarh,2,91.27,0.05,173.42,12.87,Net Banking,2024,Oct,10,Q4,7.42,,
ORD01572,2024-10-04,Rohan Patel,Consumer,Dell 24-inch Monitor,Technology,Monitors,South,Bengaluru,1,180.45,0.05,171.42,30.41,Debit Card,2024,Oct,10,Q4,17.74,,
ORD01797,2024-10-04,Ananya Iyer,Corporate,Desk Organizer,Office Supplies,Storage,East,Bhubaneswar,4,14.8,0.1,53.29,8.94,Net Banking,2024,Oct,10,Q4,16.78,,
ORD04343,2024-10-04,Maya Thomas,Consumer,Samsung Galaxy A54,Technology,Phones,South,Bengaluru,5,313.94,0.0,1569.72,196.38,Credit Card,2024,Oct,10,Q4,12.51,,
ORD00772,2024-10-05,Kabir Shah,Small Business,HP Pavilion 15,Technology,Laptops,West,Mumbai,3,726.97,0.2,1744.72,-54.29,Net Banking,2024,Oct,10,Q4,-3.11,,
ORD00864,2024-10-05,Kabir Shah,Consumer,Filing Cabinet,Furniture,Storage,North,Lucknow,8,100.61,0.05,764.61,44.83,Credit Card,2024,Oct,10,Q4,5.86,,
ORD01842,2024-10-05,Sana Kapoor,Consumer,Filing Cabinet,Furniture,Storage,East,Bhubaneswar,1,97.14,0.25,72.86,2.37,Credit Card,2024,Oct,10,Q4,3.25,,
ORD04768,2024-10-05,Diya Sharma,Corporate,Ergonomic Office Chair,Furniture,Chairs,East,Guwahati,2,135.46,0.15,230.28,16.85,UPI,2024,Oct,10,Q4,7.32,,
ORD00285,2024-10-06,Sana Kapoor,Corporate,Lenovo IdeaPad 3,Technology,Laptops,South,Coimbatore,1,498.0,0.0,498.0,64.99,UPI,2024,Oct,10,Q4,13.05,,
ORD01618,2024-10-06,Ishita Gupta,Consumer,Conference Table,Furniture,Tables,East,Bhubaneswar,10,411.38,0.05,3908.12,159.19,UPI,2024,Oct,10,Q4,4.07,,
ORD02625,2024-10-06,Rahul Verma,Small Business,Ring Binder,Office Supplies,Binders,North,Amritsar,2,7.37,0.15,12.54,2.04,Debit Card,2024,Oct,10,Q4,16.27,,
ORD03024,2024-10-06,Kiara Desai,Consumer,Dell 24-inch Monitor,Technology,Monitors,South,Chennai,1,179.18,0.2,143.35,3.91,Credit Card,2024,Oct,10,Q4,2.73,,
ORD03502,2024-10-06,Riya Kulkarni,Consumer,Apple iPhone 13,Technology,Phones,South,Kochi,10,623.24,0.0,6232.36,668.94,UPI,2024,Oct,10,Q4,10.73,,
ORD00144,2024-10-07,Kabir Shah,Consumer,Filing Cabinet,Furniture,Storage,South,Hyderabad,1,90.29,0.15,76.75,4.57,Credit Card,2024,Oct,10,Q4,5.95,,
ORD00354,2024-10-07,Kunal Bansal,Corporate,Samsung Galaxy A54,Technology,Phones,South,Chennai,5,340.87,0.15,1448.71,-12.18,Credit Card,2024,Oct,10,Q4,-0.84,,
ORD00461,2024-10-07,Sana Kapoor,Consumer,HP Pavilion 15,Technology,Laptops,West,Nagpur,2,633.07,0.2,1012.91,-18.74,Debit Card,2024,Oct,10,Q4,-1.85,,
ORD01963,2024-10-07,Rohan Patel,Corporate,Bookshelf,Furniture,Storage,West,Nagpur,1,103.0,0.0,103.0,14.22,UPI,2024,Oct,10,Q4,13.81,,
ORD02093,2024-10-07,Kabir Shah,Consumer,Logitech Wireless Mouse,Technology,Accessories,West,Surat,3,28.97,0.15,73.87,6.59,Credit Card,2024,Oct,10,Q4,8.92,,
ORD02446,2024-10-07,Ishita Gupta,Consumer,Ring Binder,Office Supplies,Binders,North,Chandigarh,4,7.0,0.2,22.41,3.51,UPI,2024,Oct,10,Q4,15.66,,
ORD03678,2024-10-07,Vivaan Singh,Small Business,Bookshelf,Furniture,Storage,South,Bengaluru,2,107.9,0.2,172.63,3.82,Net Banking,2024,Oct,10,Q4,2.21,,
ORD04906,2024-10-07,Sana Kapoor,Consumer,Logitech Wireless Mouse,Technology,Accessories,West,Mumbai,4,29.28,0.15,99.55,11.61,Net Banking,2024,Oct,10,Q4,11.66,,
ORD00489,2024-10-08,Maya Thomas,Consumer,HP Pavilion 15,Technology,Laptops,North,Delhi,2,714.83,0.05,1358.17,144.45,Credit Card,2024,Oct,10,Q4,10.64,,
ORD03733,2024-10-08,Ananya Iyer,Consumer,Ring Binder,Office Supplies,Binders,East,Kolkata,3,7.48,0.0,22.44,5.96,Cash,2024,Oct,10,Q4,26.56,,
ORD02329,2024-10-09,Meera Joshi,Corporate,Ball Pen Set,Office Supplies,Stationery,North,Jaipur,2,8.37,0.25,12.56,2.48,UPI,2024,Oct,10,Q4,19.75,,
ORD02969,2024-10-09,Rohan Patel,Corporate,Study Desk,Furniture,Tables,West,Nagpur,1,175.16,0.0,175.16,20.06,UPI,2024,Oct,10,Q4,11.45,,
ORD03703,2024-10-09,Aarav Mehta,Consumer,Ball Pen Set,Office Supplies,Stationery,South,Hyderabad,3,7.85,0.2,18.84,2.91,Credit Card,2024,Oct,10,Q4,15.45,,
ORD04078,2024-10-09,Riya Kulkarni,Small Business,Notebook Pack,Office Supplies,Stationery,North,Delhi,2,11.18,0.3,15.65,1.31,UPI,2024,Oct,10,Q4,8.37,,
ORD04659,2024-10-09,Aarav Mehta,Consumer,Conference Table,Furniture,Tables,East,Kolkata,1,412.64,0.0,412.64,38.19,Net Banking,2024,Oct,10,Q4,9.26,,
ORD00672,2024-10-10,Aarav Mehta,Consumer,Notebook Pack,Office Supplies,Stationery,West,Mumbai,3,11.63,0.0,34.89,8.32,Cash,2024,Oct,10,Q4,23.85,,
ORD02643,2024-10-10,Aisha Khan,Consumer,Samsung Galaxy A54,Technology,Phones,East,Kolkata,4,329.21,0.0,1316.83,217.3,UPI,2024,Oct,10,Q4,16.5,,
ORD02669,2024-10-10,Ananya Iyer,Consumer,Ergonomic Office Chair,Furniture,Chairs,West,Nagpur,2,137.68,0.0,275.36,26.42,Cash,2024,Oct,10,Q4,9.59,,
ORD02740,2024-10-10,Aarav Mehta,Consumer,Stapler,Office Supplies,Stationery,North,Chandigarh,3,8.76,0.25,19.7,2.26,UPI,2024,Oct,10,Q4,11.47,,
ORD01265,2024-10-11,Meera Joshi,Corporate,Notebook Pack,Office Supplies,Stationery,South,Chennai,1,11.72,0.3,8.2,0.82,Net Banking,2024,Oct,10,Q4,10.0,,
ORD03670,2024-10-11,Neel Malhotra,Small Business,Apple iPhone 13,Technology,Phones,South,Hyderabad,3,609.04,0.2,1461.7,-81.05,Credit Card,2024,Oct,10,Q4,-5.54,,
ORD04435,2024-10-11,Kabir Shah,Consumer,HP Laser Printer,Technology,Printers,West,Nagpur,3,198.09,0.2,475.41,-3.3,UPI,2024,Oct,10,Q4,-0.69,,
ORD04570,2024-10-11,Neel Malhotra,Consumer,Conference Table,Furniture,Tables,East,Kolkata,2,441.32,0.2,706.11,-6.6,UPI,2024,Oct,10,Q4,-0.93,,
ORD00465,2024-10-13,Rahul Verma,Consumer,HP Pavilion 15,Technology,Laptops,South,Coimbatore,2,694.33,0.15,1180.36,31.58,Credit Card,2024,Oct,10,Q4,2.68,,
ORD01313,2024-10-13,Rohan Patel,Consumer,Notebook Pack,Office Supplies,Stationery,East,Kolkata,4,12.13,0.1,43.66,9.63,UPI,2024,Oct,10,Q4,22.06,,
ORD01756,2024-10-13,Kunal Bansal,Corporate,Samsung Galaxy A54,Technology,Phones,East,Guwahati,6,304.99,0.2,1463.94,15.39,UPI,2024,Oct,10,Q4,1.05,,
ORD03293,2024-10-13,Ananya Iyer,Small Business,Desk Organizer,Office Supplies,Storage,North,Delhi,3,14.92,0.3,31.34,3.64,Credit Card,2024,Oct,10,Q4,11.61,,
ORD04810,2024-10-13,Kunal Bansal,Corporate,Ergonomic Office Chair,Furniture,Chairs,North,Chandigarh,3,135.9,0.1,366.93,28.1,Credit Card,2024,Oct,10,Q4,7.66,,
ORD00114,2024-10-14,Vivaan Singh,Consumer,HP Pavilion 15,Technology,Laptops,West,Pune,4,691.51,0.05,2627.72,230.49,UPI,2024,Oct,10,Q4,8.77,,
ORD02796,2024-10-14,Rohan Patel,Consumer,Logitech Wireless Mouse,Technology,Accessories,North,Amritsar,6,28.77,0.05,163.99,35.27,Debit Card,2024,Oct,10,Q4,21.51,,
ORD03734,2024-10-14,Maya Thomas,Consumer,A4 Copy Paper,Office Supplies,Paper,North,Delhi,4,5.73,0.05,21.78,3.31,UPI,2024,Oct,10,Q4,15.2,,
ORD04665,2024-10-14,Rohan Patel,Consumer,Stapler,Office Supplies,Stationery,West,Surat,2,8.58,0.15,14.59,1.96,Net Banking,2024,Oct,10,Q4,13.43,,
ORD00133,2024-10-15,Arjun Nair,Corporate,Logitech Wireless Mouse,Technology,Accessories,North,Chandigarh,1,26.5,0.15,22.52,2.52,UPI,2024,Oct,10,Q4,11.19,,
ORD00212,2024-10-15,Kiara Desai,Consumer,Notebook Pack,Office Supplies,Stationery,North,Delhi,1,12.28,0.1,11.05,1.79,Net Banking,2024,Oct,10,Q4,16.2,,
ORD00880,2024-10-15,Ishita Gupta,Consumer,Study Desk,Furniture,Tables,North,Amritsar,2,183.61,0.2,293.78,12.4,Credit Card,2024,Oct,10,Q4,4.22,,
ORD01771,2024-10-15,Neel Malhotra,Corporate,Desk Organizer,Office Supplies,Storage,North,Chandigarh,2,14.94,0.0,29.88,7.48,Credit Card,2024,Oct,10,Q4,25.03,,
ORD02331,2024-10-15,Arjun Nair,Small Business,Bookshelf,Furniture,Storage,South,Chennai,1,113.69,0.15,96.64,8.59,UPI,2024,Oct,10,Q4,8.89,,
ORD03983,2024-10-15,Neel Malhotra,Corporate,Samsung Galaxy A54,Technology,Phones,West,Mumbai,4,320.12,0.0,1280.5,130.88,UPI,2024,Oct,10,Q4,10.22,,
ORD04155,2024-10-15,Maya Thomas,Consumer,Ergonomic Office Chair,Furniture,Chairs,East,Ranchi,6,150.63,0.15,768.21,44.95,UPI,2024,Oct,10,Q4,5.85,,
ORD01861,2024-10-16,Arjun Nair,Consumer,Dell 24-inch Monitor,Technology,Monitors,North,Chandigarh,2,170.99,0.3,239.39,-12.87,Credit Card,2024,Oct,10,Q4,-5.38,,
ORD01901,2024-10-16,Maya Thomas,Consumer,Apple iPhone 13,Technology,Phones,West,Pune,4,667.62,0.0,2670.49,276.63,Debit Card,2024,Oct,10,Q4,10.36,,
ORD02675,2024-10-16,Sana Kapoor,Consumer,Samsung Galaxy A54,Technology,Phones,West,Pune,2,322.3,0.1,580.14,18.77,Debit Card,2024,Oct,10,Q4,3.24,,
ORD04390,2024-10-16,Arjun Nair,Corporate,A4 Copy Paper,Office Supplies,Paper,North,Amritsar,3,6.05,0.0,18.16,4.03,Credit Card,2024,Oct,10,Q4,22.19,,
ORD04975,2024-10-16,Aisha Khan,Corporate,Ring Binder,Office Supplies,Binders,West,Mumbai,1,6.53,0.2,5.23,0.75,Credit Card,2024,Oct,10,Q4,14.34,,
ORD01689,2024-10-17,Ananya Iyer,Corporate,Apple iPhone 13,Technology,Phones,South,Coimbatore,3,674.33,0.25,1517.25,-71.61,Net Banking,2024,Oct,10,Q4,-4.72,,
ORD02449,2024-10-17,Rahul Verma,Consumer,Ergonomic Office Chair,Furniture,Chairs,East,Bhubaneswar,1,150.85,0.15,128.22,6.7,Net Banking,2024,Oct,10,Q4,5.23,,
ORD02684,2024-10-17,Kabir Shah,Consumer,Study Desk,Furniture,Tables,East,Bhubaneswar,2,176.43,0.25,264.64,-6.87,Debit Card,2024,Oct,10,Q4,-2.6,,
ORD00121,2024-10-18,Vivaan Singh,Consumer,Notebook Pack,Office Supplies,Stationery,East,Guwahati,5,11.36,0.0,56.78,15.47,Credit Card,2024,Oct,10,Q4,27.25,,
ORD00814,2024-10-18,Neel Malhotra,Consumer,Stapler,Office Supplies,Stationery,South,Hyderabad,4,9.36,0.2,29.96,3.33,Debit Card,2024,Oct,10,Q4,11.11,,
ORD00929,2024-10-18,Vivaan Singh,Consumer,USB-C Hub,Technology,Accessories,North,Chandigarh,3,33.97,0.05,96.81,16.48,Net Banking,2024,Oct,10,Q4,17.02,,
ORD02188,2024-10-18,Riya Kulkarni,Consumer,HP Pavilion 15,Technology,Laptops,West,Surat,3,638.71,0.15,1628.72,68.0,Credit Card,2024,Oct,10,Q4,4.18,,
ORD04458,2024-10-18,Arjun Nair,Consumer,Apple iPhone 13,Technology,Phones,West,Pune,3,685.75,0.2,1645.81,5.94,UPI,2024,Oct,10,Q4,0.36,,
ORD04874,2024-10-18,Meera Joshi,Small Business,A4 Copy Paper,Office Supplies,Paper,West,Pune,2,5.82,0.15,9.89,1.01,Credit Card,2024,Oct,10,Q4,10.21,,
ORD01232,2024-10-19,Maya Thomas,Small Business,Mechanical Keyboard,Technology,Accessories,West,Pune,2,68.74,0.3,96.23,0.51,Debit Card,2024,Oct,10,Q4,0.53,,
ORD01274,2024-10-19,Riya Kulkarni,Consumer,Apple iPhone 13,Technology,Phones,South,Chennai,2,663.98,0.3,929.57,-44.88,UPI,2024,Oct,10,Q4,-4.83,,
ORD02450,2024-10-19,Vivaan Singh,Small Business,Study Desk,Furniture,Tables,East,Kolkata,2,170.28,0.1,306.5,24.12,UPI,2024,Oct,10,Q4,7.87,,
ORD02536,2024-10-19,Maya Thomas,Small Business,HP Pavilion 15,Technology,Laptops,West,Nagpur,4,669.97,0.15,2277.9,-62.27,Net Banking,2024,Oct,10,Q4,-2.73,,
ORD03363,2024-10-19,Riya Kulkarni,Consumer,USB-C Hub,Technology,Accessories,East,Patna,1,32.87,0.25,24.65,0.61,Net Banking,2024,Oct,10,Q4,2.47,,
ORD04784,2024-10-19,Kiara Desai,Corporate,Desk Organizer,Office Supplies,Storage,North,Delhi,4,13.38,0.05,50.84,8.24,Credit Card,2024,Oct,10,Q4,16.21,,
ORD00559,2024-10-20,Riya Kulkarni,Consumer,Ergonomic Office Chair,Furniture,Chairs,North,Chandigarh,3,150.07,0.1,405.18,28.16,Net Banking,2024,Oct,10,Q4,6.95,,
ORD01095,2024-10-20,Maya Thomas,Consumer,Desk Organizer,Office Supplies,Storage,North,Delhi,1,13.86,0.0,13.86,3.41,Debit Card,2024,Oct,10,Q4,24.6,,
ORD02433,2024-10-20,Rohan Patel,Corporate,Ring Binder,Office Supplies,Binders,West,Ahmedabad,1,6.61,0.0,6.61,1.66,Net Banking,2024,Oct,10,Q4,25.11,,
ORD03932,2024-10-20,Arjun Nair,Consumer,Ball Pen Set,Office Supplies,Stationery,South,Coimbatore,6,7.46,0.3,31.34,2.63,UPI,2024,Oct,10,Q4,8.39,,
ORD04064,2024-10-20,Vivaan Singh,Small Business,HP Laser Printer,Technology,Printers,East,Bhubaneswar,3,218.79,0.1,590.74,37.5,UPI,2024,Oct,10,Q4,6.35,,
ORD00130,2024-10-21,Ananya Iyer,Small Business,Filing Cabinet,Furniture,Storage,West,Surat,5,94.06,0.2,376.26,-1.91,UPI,2024,Oct,10,Q4,-0.51,,
ORD00578,2024-10-21,Kabir Shah,Corporate,USB-C Hub,Technology,Accessories,West,Pune,1,33.55,0.25,25.16,1.94,UPI,2024,Oct,10,Q4,7.71,,
ORD02206,2024-10-21,Tara Menon,Corporate,Bookshelf,Furniture,Storage,South,Kochi,2,117.12,0.0,234.23,35.33,UPI,2024,Oct,10,Q4,15.08,,
ORD02254,2024-10-21,Kiara Desai,Corporate,Bookshelf,Furniture,Storage,South,Hyderabad,1,110.87,0.1,99.78,9.58,UPI,2024,Oct,10,Q4,9.6,,
ORD02437,2024-10-21,Kunal Bansal,Corporate,Logitech Wireless Mouse,Technology,Accessories,West,Mumbai,3,27.11,0.2,65.06,6.88,UPI,2024,Oct,10,Q4,10.57,,
ORD02846,2024-10-21,Diya Sharma,Corporate,HP Pavilion 15,Technology,Laptops,North,Jaipur,4,694.11,0.25,2082.33,18.98,UPI,2024,Oct,10,Q4,0.91,,
ORD00393,2024-10-22,Vivaan Singh,Corporate,Study Desk,Furniture,Tables,North,Lucknow,3,176.34,0.15,449.67,2.39,UPI,2024,Oct,10,Q4,0.53,,
ORD00483,2024-10-22,Neel Malhotra,Consumer,Mechanical Keyboard,Technology,Accessories,South,Chennai,5,76.88,0.1,345.97,54.58,Credit Card,2024,Oct,10,Q4,15.78,,
ORD02928,2024-10-22,Riya Kulkarni,Consumer,Filing Cabinet,Furniture,Storage,North,Chandigarh,2,92.48,0.05,175.72,23.58,Debit Card,2024,Oct,10,Q4,13.42,,
ORD03491,2024-10-22,Aditya Rao,Consumer,Bookshelf,Furniture,Storage,West,Ahmedabad,3,110.36,0.0,331.08,57.75,Cash,2024,Oct,10,Q4,17.44,,
ORD03635,2024-10-22,Dev Agarwal,Consumer,Desk Organizer,Office Supplies,Storage,South,Chennai,1,13.37,0.1,12.04,1.97,UPI,2024,Oct,10,Q4,16.36,,
ORD04368,2024-10-22,Dev Agarwal,Consumer,Dell 24-inch Monitor,Technology,Monitors,West,Mumbai,3,172.86,0.05,492.64,38.95,UPI,2024,Oct,10,Q4,7.91,,
ORD04511,2024-10-22,Aarav Mehta,Corporate,Mechanical Keyboard,Technology,Accessories,West,Pune,2,74.92,0.0,149.84,26.07,Credit Card,2024,Oct,10,Q4,17.4,,
ORD00349,2024-10-23,Meera Joshi,Corporate,Desk Organizer,Office Supplies,Storage,North,Lucknow,5,14.68,0.1,66.07,15.78,UPI,2024,Oct,10,Q4,23.88,,
ORD00773,2024-10-23,Maya Thomas,Consumer,Ring Binder,Office Supplies,Binders,South,Bengaluru,1,7.05,0.15,6.0,0.97,Credit Card,2024,Oct,10,Q4,16.17,,
ORD01280,2024-10-23,Ishita Gupta,Consumer,Ergonomic Office Chair,Furniture,Chairs,West,Nagpur,3,136.05,0.3,285.71,-0.53,UPI,2024,Oct,10,Q4,-0.19,,
ORD02926,2024-10-23,Dev Agarwal,Consumer,Desk Organizer,Office Supplies,Storage,North,Delhi,1,14.57,0.15,12.38,2.07,UPI,2024,Oct,10,Q4,16.72,,
ORD03007,2024-10-23,Maya Thomas,Consumer,Study Desk,Furniture,Tables,West,Surat,10,176.64,0.15,1501.46,84.04,UPI,2024,Oct,10,Q4,5.6,,
ORD03214,2024-10-23,Arjun Nair,Small Business,A4 Copy Paper,Office Supplies,Paper,North,Lucknow,3,5.87,0.3,12.33,0.2,Net Banking,2024,Oct,10,Q4,1.62,,
ORD03348,2024-10-23,Rohan Patel,Consumer,Dell 24-inch Monitor,Technology,Monitors,North,Delhi,4,184.69,0.1,664.9,55.78,UPI,2024,Oct,10,Q4,8.39,,
ORD04117,2024-10-23,Aarav Mehta,Corporate,Filing Cabinet,Furniture,Storage,North,Delhi,1,95.11,0.0,95.11,10.59,Debit Card,2024,Oct,10,Q4,11.13,,
ORD04294,2024-10-23,Kunal Bansal,Consumer,Filing Cabinet,Furniture,Storage,North,Delhi,2,101.35,0.0,202.7,30.88,Credit Card,2024,Oct,10,Q4,15.23,,
ORD04298,2024-10-23,Kunal Bansal,Corporate,Samsung Galaxy A54,Technology,Phones,West,Nagpur,2,307.66,0.1,553.8,28.18,Debit Card,2024,Oct,10,Q4,5.09,,
ORD00135,2024-10-24,Neel Malhotra,Corporate,Stapler,Office Supplies,Stationery,West,Mumbai,3,9.34,0.15,23.83,4.27,Net Banking,2024,Oct,10,Q4,17.92,,
ORD00274,2024-10-24,Arjun Nair,Consumer,Samsung Galaxy A54,Technology,Phones,West,Ahmedabad,8,310.0,0.1,2232.0,134.55,Net Banking,2024,Oct,10,Q4,6.03,,
ORD00659,2024-10-24,Ananya Iyer,Consumer,Conference Table,Furniture,Tables,East,Bhubaneswar,8,402.62,0.2,2576.77,82.6,Credit Card,2024,Oct,10,Q4,3.21,,
ORD00698,2024-10-24,Dev Agarwal,Small Business,Lenovo IdeaPad 3,Technology,Laptops,South,Bengaluru,3,518.14,0.25,1165.81,-33.87,Cash,2024,Oct,10,Q4,-2.91,,
ORD04097,2024-10-24,Rahul Verma,Consumer,Conference Table,Furniture,Tables,North,Delhi,3,429.76,0.05,1224.8,114.7,UPI,2024,Oct,10,Q4,9.36,,
ORD04375,2024-10-24,Aisha Khan,Consumer,Dell 24-inch Monitor,Technology,Monitors,North,Lucknow,8,180.27,0.25,1081.64,9.69,Net Banking,2024,Oct,10,Q4,0.9,,
ORD04718,2024-10-24,Arjun Nair,Consumer,Study Desk,Furniture,Tables,North,Jaipur,5,182.82,0.15,776.98,3.7,Net Banking,2024,Oct,10,Q4,0.48,,
ORD02391,2024-10-25,Vivaan Singh,Corporate,Logitech Wireless Mouse,Technology,Accessories,South,Coimbatore,1,28.69,0.0,28.69,3.54,Debit Card,2024,Oct,10,Q4,12.34,,
ORD02464,2024-10-25,Rahul Verma,Corporate,Logitech Wireless Mouse,Technology,Accessories,West,Mumbai,1,26.83,0.25,20.12,1.04,Debit Card,2024,Oct,10,Q4,5.17,,
ORD02469,2024-10-25,Tara Menon,Corporate,Filing Cabinet,Furniture,Storage,North,Jaipur,5,94.72,0.15,402.56,14.33,UPI,2024,Oct,10,Q4,3.56,,
ORD02964,2024-10-25,Rohan Patel,Consumer,Conference Table,Furniture,Tables,South,Hyderabad,2,432.73,0.25,649.09,3.21,Net Banking,2024,Oct,10,Q4,0.49,,
ORD03538,2024-10-25,Riya Kulkarni,Corporate,Samsung Galaxy A54,Technology,Phones,North,Amritsar,3,330.3,0.0,990.91,131.28,Debit Card,2024,Oct,10,Q4,13.25,,
ORD04425,2024-10-25,Neel Malhotra,Corporate,Dell 24-inch Monitor,Technology,Monitors,North,Amritsar,2,182.69,0.15,310.57,13.05,Credit Card,2024,Oct,10,Q4,4.2,,
ORD01483,2024-10-26,Diya Sharma,Corporate,A4 Copy Paper,Office Supplies,Paper,North,Delhi,3,5.94,0.1,16.05,2.77,UPI,2024,Oct,10,Q4,17.26,,
ORD02030,2024-10-26,Diya Sharma,Small Business,Lenovo IdeaPad 3,Technology,Laptops,South,Hyderabad,8,531.06,0.25,3186.35,-24.45,Debit Card,2024,Oct,10,Q4,-0.77,,
ORD02468,2024-10-26,Arjun Nair,Small Business,Ergonomic Office Chair,Furniture,Chairs,South,Kochi,8,140.33,0.0,1122.66,185.05,Credit Card,2024,Oct,10,Q4,16.48,,
ORD03956,2024-10-26,Diya Sharma,Consumer,HP Pavilion 15,Technology,Laptops,South,Kochi,2,636.93,0.2,1019.1,-2.25,Debit Card,2024,Oct,10,Q4,-0.22,,
ORD00260,2024-10-27,Aditya Rao,Corporate,Samsung Galaxy A54,Technology,Phones,South,Kochi,1,325.53,0.0,325.53,33.19,Debit Card,2024,Oct,10,Q4,10.2,,
ORD00344,2024-10-27,Sana Kapoor,Consumer,Desk Organizer,Office Supplies,Storage,South,Hyderabad,2,14.15,0.2,22.64,3.57,UPI,2024,Oct,10,Q4,15.77,,
ORD00804,2024-10-27,Dev Agarwal,Consumer,Filing Cabinet,Furniture,Storage,North,Lucknow,5,95.46,0.15,405.72,13.32,Debit Card,2024,Oct,10,Q4,3.28,,
ORD00822,2024-10-27,Kunal Bansal,Consumer,USB-C Hub,Technology,Accessories,North,Chandigarh,1,36.56,0.1,32.91,3.19,Credit Card,2024,Oct,10,Q4,9.69,,
ORD01338,2024-10-27,Meera Joshi,Corporate,Bookshelf,Furniture,Storage,South,Bengaluru,4,104.67,0.1,376.81,36.33,Cash,2024,Oct,10,Q4,9.64,,
ORD02931,2024-10-27,Arjun Nair,Consumer,Study Desk,Furniture,Tables,West,Surat,1,176.6,0.05,167.77,19.84,Cash,2024,Oct,10,Q4,11.83,,
ORD03002,2024-10-27,Vivaan Singh,Consumer,HP Laser Printer,Technology,Printers,South,Chennai,5,205.6,0.3,719.59,-58.68,Debit Card,2024,Oct,10,Q4,-8.15,,
ORD04831,2024-10-27,Sana Kapoor,Corporate,Notebook Pack,Office Supplies,Stationery,West,Ahmedabad,2,11.61,0.0,23.22,5.7,Debit Card,2024,Oct,10,Q4,24.55,,
ORD00675,2024-10-28,Tara Menon,Consumer,Bookshelf,Furniture,Storage,East,Kolkata,4,109.95,0.1,395.82,19.45,UPI,2024,Oct,10,Q4,4.91,,
ORD00827,2024-10-28,Kiara Desai,Consumer,Conference Table,Furniture,Tables,South,Hyderabad,4,394.69,0.15,1341.95,56.03,UPI,2024,Oct,10,Q4,4.18,,
ORD02395,2024-10-28,Ananya Iyer,Corporate,USB-C Hub,Technology,Accessories,West,Nagpur,3,34.6,0.15,88.22,9.57,Credit Card,2024,Oct,10,Q4,10.85,,
ORD03272,2024-10-28,Riya Kulkarni,Corporate,HP Laser Printer,Technology,Printers,North,Jaipur,3,202.1,0.05,575.99,40.02,UPI,2024,Oct,10,Q4,6.95,,
ORD04406,2024-10-28,Kabir Shah,Consumer,Ring Binder,Office Supplies,Binders,West,Mumbai,3,7.04,0.3,14.79,1.53,UPI,2024,Oct,10,Q4,10.34,,
ORD04808,2024-10-28,Vivaan Singh,Corporate,Ergonomic Office Chair,Furniture,Chairs,South,Hyderabad,10,152.59,0.25,1144.42,-2.93,UPI,2024,Oct,10,Q4,-0.26,,
ORD04943,2024-10-28,Aditya Rao,Consumer,Ergonomic Office Chair,Furniture,Chairs,North,Jaipur,8,144.01,0.15,979.28,100.12,Credit Card,2024,Oct,10,Q4,10.22,,
ORD04947,2024-10-28,Rahul Verma,Small Business,Study Desk,Furniture,Tables,South,Hyderabad,4,186.55,0.1,671.59,27.04,Credit Card,2024,Oct,10,Q4,4.03,,
ORD04995,2024-10-28,Sana Kapoor,Consumer,Lenovo IdeaPad 3,Technology,Laptops,East,Kolkata,5,511.66,0.15,2174.54,3.83,Debit Card,2024,Oct,10,Q4,0.18,,
ORD00234,2024-10-29,Rahul Verma,Consumer,HP Laser Printer,Technology,Printers,South,Coimbatore,3,195.45,0.0,586.36,62.45,UPI,2024,Oct,10,Q4,10.65,,
ORD02401,2024-10-29,Rahul Verma,Consumer,Logitech Wireless Mouse,Technology,Accessories,East,Bhubaneswar,3,29.14,0.05,83.06,13.57,UPI,2024,Oct,10,Q4,16.34,,
ORD02804,2024-10-29,Kiara Desai,Consumer,Samsung Galaxy A54,Technology,Phones,East,Kolkata,3,328.0,0.1,885.59,47.69,Debit Card,2024,Oct,10,Q4,5.39,,
ORD02818,2024-10-29,Sana Kapoor,Consumer,Ball Pen Set,Office Supplies,Stationery,South,Bengaluru,5,8.1,0.15,34.43,8.13,Net Banking,2024,Oct,10,Q4,23.61,,
ORD03364,2024-10-29,Riya Kulkarni,Corporate,Dell 24-inch Monitor,Technology,Monitors,West,Ahmedabad,1,167.37,0.15,142.27,6.07,Debit Card,2024,Oct,10,Q4,4.27,,
ORD03440,2024-10-29,Vivaan Singh,Corporate,Notebook Pack,Office Supplies,Stationery,East,Guwahati,4,12.7,0.2,40.65,4.57,Credit Card,2024,Oct,10,Q4,11.24,,
ORD04882,2024-10-29,Diya Sharma,Small Business,Bookshelf,Furniture,Storage,West,Surat,3,107.99,0.1,291.58,22.75,UPI,2024,Oct,10,Q4,7.8,,
ORD01307,2024-10-30,Maya Thomas,Consumer,Dell 24-inch Monitor,Technology,Monitors,South,Hyderabad,1,180.37,0.3,126.26,-8.36,UPI,2024,Oct,10,Q4,-6.62,,
ORD02195,2024-10-30,Dev Agarwal,Consumer,Ergonomic Office Chair,Furniture,Chairs,West,Pune,8,136.25,0.05,1035.5,92.19,Credit Card,2024,Oct,10,Q4,8.9,,
ORD03061,2024-10-30,Aisha Khan,Corporate,Ergonomic Office Chair,Furniture,Chairs,South,Hyderabad,3,148.56,0.15,378.82,19.25,UPI,2024,Oct,10,Q4,5.08,,
ORD00594,2024-10-31,Kabir Shah,Corporate,A4 Copy Paper,Office Supplies,Paper,West,Nagpur,5,5.59,0.0,27.96,6.07,Cash,2024,Oct,10,Q4,21.71,,
ORD02309,2024-10-31,Aisha Khan,Small Business,USB-C Hub,Technology,Accessories,South,Coimbatore,4,35.19,0.1,126.68,18.98,Debit Card,2024,Oct,10,Q4,14.98,,
ORD03152,2024-10-31,Ishita Gupta,Consumer,Filing Cabinet,Furniture,Storage,North,Delhi,2,96.89,0.2,155.02,3.65,UPI,2024,Oct,10,Q4,2.35,,
ORD03633,2024-10-31,Sana Kapoor,Consumer,Mechanical Keyboard,Technology,Accessories,East,Bhubaneswar,6,74.52,0.25,335.34,5.4,Net Banking,2024,Oct,10,Q4,1.61,,
ORD00197,2024-11-01,Aarav Mehta,Consumer,Desk Organizer,Office Supplies,Storage,South,Coimbatore,2,13.87,0.1,24.97,4.02,Net Banking,2024,Nov,11,Q4,16.1,,
ORD00360,2024-11-01,Neel Malhotra,Corporate,Dell 24-inch Monitor,Technology,Monitors,South,Coimbatore,6,168.46,0.15,859.14,59.58,Cash,2024,Nov,11,Q4,6.93,,
ORD01012,2024-11-01,Kiara Desai,Corporate,HP Laser Printer,Technology,Printers,West,Surat,4,196.68,0.3,550.7,4.2,UPI,2024,Nov,11,Q4,0.76,,
ORD01919,2024-11-01,Kunal Bansal,Consumer,HP Pavilion 15,Technology,Laptops,East,Kolkata,4,693.4,0.15,2357.57,5.19,Credit Card,2024,Nov,11,Q4,0.22,,
ORD03309,2024-11-01,Aarav Mehta,Consumer,Conference Table,Furniture,Tables,East,Kolkata,2,426.34,0.0,852.69,95.73,Debit Card,2024,Nov,11,Q4,11.23,,
ORD00524,2024-11-02,Vivaan Singh,Consumer,Ring Binder,Office Supplies,Binders,North,Jaipur,1,7.46,0.15,6.34,1.12,UPI,2024,Nov,11,Q4,17.67,,
ORD00790,2024-11-02,Aditya Rao,Consumer,A4 Copy Paper,Office Supplies,Paper,North,Delhi,3,5.62,0.05,16.02,2.83,Debit Card,2024,Nov,11,Q4,17.67,,
ORD03165,2024-11-02,Sana Kapoor,Corporate,Ring Binder,Office Supplies,Binders,West,Mumbai,3,6.96,0.3,14.61,1.06,Credit Card,2024,Nov,11,Q4,7.26,,
ORD03692,2024-11-02,Aarav Mehta,Corporate,HP Pavilion 15,Technology,Laptops,East,Patna,4,639.57,0.0,2558.28,213.76,Credit Card,2024,Nov,11,Q4,8.36,,
ORD00882,2024-11-03,Riya Kulkarni,Corporate,Bookshelf,Furniture,Storage,South,Chennai,4,105.47,0.0,421.87,64.64,Credit Card,2024,Nov,11,Q4,15.32,,
ORD01207,2024-11-03,Aarav Mehta,Small Business,HP Pavilion 15,Technology,Laptops,West,Mumbai,2,641.14,0.2,1025.83,43.6,UPI,2024,Nov,11,Q4,4.25,,
ORD01824,2024-11-03,Kiara Desai,Corporate,HP Laser Printer,Technology,Printers,South,Chennai,1,196.6,0.15,167.11,14.76,UPI,2024,Nov,11,Q4,8.83,,
ORD02039,2024-11-03,Dev Agarwal,Corporate,Stapler,Office Supplies,Stationery,West,Ahmedabad,8,9.04,0.0,72.32,17.19,UPI,2024,Nov,11,Q4,23.77,,
ORD02155,2024-11-03,Ishita Gupta,Small Business,Apple iPhone 13,Technology,Phones,North,Delhi,2,644.38,0.1,1159.88,36.69,UPI,2024,Nov,11,Q4,3.16,,
ORD02378,2024-11-03,Ishita Gupta,Corporate,A4 Copy Paper,Office Supplies,Paper,East,Ranchi,4,5.71,0.1,20.56,4.6,Net Banking,2024,Nov,11,Q4,22.37,,
ORD03029,2024-11-03,Riya Kulkarni,Corporate,Mechanical Keyboard,Technology,Accessories,South,Kochi,2,76.4,0.25,114.6,4.95,UPI,2024,Nov,11,Q4,4.32,,
ORD00247,2024-11-04,Kunal Bansal,Consumer,Dell 24-inch Monitor,Technology,Monitors,South,Kochi,2,168.51,0.1,303.31,21.23,Credit Card,2024,Nov,11,Q4,7.0,,
ORD00784,2024-11-04,Kabir Shah,Consumer,A4 Copy Paper,Office Supplies,Paper,West,Ahmedabad,3,6.23,0.1,16.83,2.74,UPI,2024,Nov,11,Q4,16.28,,
ORD01938,2024-11-04,Maya Thomas,Corporate,Desk Organizer,Office Supplies,Storage,South,Coimbatore,4,13.87,0.15,47.15,8.0,Credit Card,2024,Nov,11,Q4,16.97,,
ORD03615,2024-11-04,Kunal Bansal,Corporate,HP Pavilion 15,Technology,Laptops,South,Chennai,10,685.14,0.2,5481.11,-90.41,UPI,2024,Nov,11,Q4,-1.65,,
ORD04227,2024-11-04,Tara Menon,Consumer,Filing Cabinet,Furniture,Storage,North,Amritsar,1,92.58,0.0,92.58,15.01,UPI,2024,Nov,11,Q4,16.21,,
ORD04883,2024-11-04,Aarav Mehta,Small Business,Ring Binder,Office Supplies,Binders,North,Lucknow,3,7.4,0.2,17.75,3.0,UPI,2024,Nov,11,Q4,16.9,,
ORD02565,2024-11-05,Aditya Rao,Corporate,Mechanical Keyboard,Technology,Accessories,West,Surat,3,74.03,0.15,188.79,24.79,UPI,2024,Nov,11,Q4,13.13,,
ORD03170,2024-11-05,Maya Thomas,Corporate,HP Pavilion 15,Technology,Laptops,South,Chennai,10,708.46,0.2,5667.65,-46.29,Credit Card,2024,Nov,11,Q4,-0.82,,
ORD03325,2024-11-05,Riya Kulkarni,Consumer,Lenovo IdeaPad 3,Technology,Laptops,South,Chennai,3,488.63,0.1,1319.31,54.55,Debit Card,2024,Nov,11,Q4,4.13,,
ORD03855,2024-11-05,Arjun Nair,Corporate,Logitech Wireless Mouse,Technology,Accessories,South,Hyderabad,4,26.42,0.05,100.4,17.45,UPI,2024,Nov,11,Q4,17.38,,
ORD04290,2024-11-06,Ishita Gupta,Corporate,Conference Table,Furniture,Tables,West,Nagpur,2,399.18,0.05,758.45,53.02,Net Banking,2024,Nov,11,Q4,6.99,,
ORD04729,2024-11-06,Dev Agarwal,Consumer,Stapler,Office Supplies,Stationery,East,Ranchi,5,9.41,0.25,35.28,2.31,UPI,2024,Nov,11,Q4,6.55,,
ORD00245,2024-11-07,Riya Kulkarni,Corporate,Conference Table,Furniture,Tables,North,Amritsar,8,439.93,0.2,2815.53,25.31,Debit Card,2024,Nov,11,Q4,0.9,,
ORD00425,2024-11-07,Meera Joshi,Consumer,HP Pavilion 15,Technology,Laptops,West,Surat,1,692.74,0.0,692.74,89.87,Debit Card,2024,Nov,11,Q4,12.97,,
ORD01585,2024-11-07,Aditya Rao,Consumer,Apple iPhone 13,Technology,Phones,North,Amritsar,2,669.39,0.2,1071.03,-78.06,Credit Card,2024,Nov,11,Q4,-7.29,,
ORD01718,2024-11-07,Riya Kulkarni,Consumer,Logitech Wireless Mouse,Technology,Accessories,West,Pune,2,26.05,0.1,46.9,6.26,Credit Card,2024,Nov,11,Q4,13.35,,
ORD01905,2024-11-07,Kabir Shah,Consumer,Apple iPhone 13,Technology,Phones,West,Mumbai,1,654.23,0.1,588.81,12.87,UPI,2024,Nov,11,Q4,2.19,,
ORD02105,2024-11-07,Tara Menon,Corporate,Ergonomic Office Chair,Furniture,Chairs,South,Kochi,2,146.97,0.15,249.84,3.07,Net Banking,2024,Nov,11,Q4,1.23,,
ORD02457,2024-11-07,Diya Sharma,Consumer,Ball Pen Set,Office Supplies,Stationery,West,Mumbai,2,8.08,0.05,15.35,4.03,Net Banking,2024,Nov,11,Q4,26.25,,
ORD02984,2024-11-07,Kabir Shah,Consumer,Bookshelf,Furniture,Storage,North,Lucknow,10,113.46,0.05,1077.89,169.8,Credit Card,2024,Nov,11,Q4,15.75,,
ORD01346,2024-11-08,Tara Menon,Corporate,Stapler,Office Supplies,Stationery,South,Coimbatore,5,9.3,0.1,41.87,8.6,Net Banking,2024,Nov,11,Q4,20.54,,
ORD00879,2024-11-09,Sana Kapoor,Small Business,HP Laser Printer,Technology,Printers,North,Lucknow,5,214.51,0.15,911.68,46.73,UPI,2024,Nov,11,Q4,5.13,,
ORD00976,2024-11-09,Tara Menon,Corporate,Mechanical Keyboard,Technology,Accessories,North,Jaipur,1,70.21,0.05,66.7,9.97,UPI,2024,Nov,11,Q4,14.95,,
ORD02490,2024-11-09,Maya Thomas,Consumer,Study Desk,Furniture,Tables,North,Lucknow,1,188.66,0.0,188.66,25.52,Credit Card,2024,Nov,11,Q4,13.53,,
ORD03079,2024-11-09,Rahul Verma,Corporate,Logitech Wireless Mouse,Technology,Accessories,North,Delhi,2,29.93,0.05,56.86,6.95,Credit Card,2024,Nov,11,Q4,12.22,,
ORD03844,2024-11-09,Ishita Gupta,Small Business,A4 Copy Paper,Office Supplies,Paper,West,Surat,10,5.84,0.05,55.45,9.18,Credit Card,2024,Nov,11,Q4,16.56,,
ORD03944,2024-11-09,Aditya Rao,Consumer,Stapler,Office Supplies,Stationery,North,Amritsar,1,8.6,0.25,6.45,0.55,UPI,2024,Nov,11,Q4,8.53,,
ORD01062,2024-11-10,Dev Agarwal,Small Business,Desk Organizer,Office Supplies,Storage,East,Ranchi,2,13.61,0.0,27.23,6.73,Net Banking,2024,Nov,11,Q4,24.72,,
ORD01072,2024-11-10,Kunal Bansal,Small Business,Dell 24-inch Monitor,Technology,Monitors,East,Bhubaneswar,3,174.54,0.2,418.89,-10.03,UPI,2024,Nov,11,Q4,-2.39,,
ORD03494,2024-11-10,Rahul Verma,Corporate,Desk Organizer,Office Supplies,Storage,West,Mumbai,3,14.15,0.0,42.44,9.13,Cash,2024,Nov,11,Q4,21.51,,
ORD03517,2024-11-10,Ishita Gupta,Consumer,Study Desk,Furniture,Tables,East,Guwahati,1,185.44,0.25,139.08,1.33,Cash,2024,Nov,11,Q4,0.96,,
ORD00478,2024-11-11,Rahul Verma,Consumer,Dell 24-inch Monitor,Technology,Monitors,North,Chandigarh,2,179.3,0.15,304.81,5.47,UPI,2024,Nov,11,Q4,1.79,,
ORD00831,2024-11-11,Kiara Desai,Small Business,Dell 24-inch Monitor,Technology,Monitors,North,Lucknow,2,176.39,0.0,352.77,34.17,UPI,2024,Nov,11,Q4,9.69,,
ORD01247,2024-11-11,Neel Malhotra,Small Business,Stapler,Office Supplies,Stationery,South,Kochi,3,8.54,0.1,23.05,4.33,Debit Card,2024,Nov,11,Q4,18.79,,
ORD01801,2024-11-11,Dev Agarwal,Consumer,Apple iPhone 13,Technology,Phones,North,Delhi,1,630.11,0.3,441.08,-47.87,Net Banking,2024,Nov,11,Q4,-10.85,,
ORD01932,2024-11-11,Dev Agarwal,Consumer,Desk Organizer,Office Supplies,Storage,West,Pune,1,13.3,0.15,11.31,1.24,Cash,2024,Nov,11,Q4,10.96,,
ORD02293,2024-11-11,Neel Malhotra,Small Business,HP Pavilion 15,Technology,Laptops,North,Lucknow,2,718.82,0.2,1150.11,8.57,UPI,2024,Nov,11,Q4,0.75,,
ORD02894,2024-11-11,Sana Kapoor,Corporate,A4 Copy Paper,Office Supplies,Paper,West,Ahmedabad,8,6.13,0.15,41.68,3.83,Debit Card,2024,Nov,11,Q4,9.19,,
ORD02990,2024-11-11,Meera Joshi,Corporate,USB-C Hub,Technology,Accessories,South,Coimbatore,10,34.4,0.1,309.59,36.65,Net Banking,2024,Nov,11,Q4,11.84,,
ORD03078,2024-11-11,Aisha Khan,Consumer,Desk Organizer,Office Supplies,Storage,East,Ranchi,2,13.52,0.1,24.33,4.88,Cash,2024,Nov,11,Q4,20.06,,
ORD03672,2024-11-11,Diya Sharma,Corporate,Logitech Wireless Mouse,Technology,Accessories,West,Pune,1,29.59,0.2,23.67,1.65,Net Banking,2024,Nov,11,Q4,6.97,,
ORD00448,2024-11-12,Dev Agarwal,Small Business,Stapler,Office Supplies,Stationery,West,Pune,6,9.62,0.2,46.18,8.09,Cash,2024,Nov,11,Q4,17.52,,
ORD01432,2024-11-12,Tara Menon,Consumer,Desk Organizer,Office Supplies,Storage,West,Pune,4,14.88,0.1,53.55,7.8,UPI,2024,Nov,11,Q4,14.57,,
ORD02272,2024-11-12,Maya Thomas,Consumer,Conference Table,Furniture,Tables,West,Pune,3,404.95,0.0,1214.84,120.25,Net Banking,2024,Nov,11,Q4,9.9,,
ORD04010,2024-11-12,Neel Malhotra,Corporate,Conference Table,Furniture,Tables,East,Kolkata,1,401.75,0.1,361.57,19.11,Cash,2024,Nov,11,Q4,5.29,,
ORD04177,2024-11-12,Rohan Patel,Consumer,Lenovo IdeaPad 3,Technology,Laptops,South,Kochi,10,545.6,0.2,4364.8,29.79,Credit Card,2024,Nov,11,Q4,0.68,,
ORD04713,2024-11-12,Kunal Bansal,Small Business,Conference Table,Furniture,Tables,North,Lucknow,2,437.78,0.15,744.23,24.53,UPI,2024,Nov,11,Q4,3.3,,
ORD04724,2024-11-12,Maya Thomas,Consumer,Study Desk,Furniture,Tables,East,Kolkata,1,176.57,0.05,167.75,12.28,Debit Card,2024,Nov,11,Q4,7.32,,
ORD01562,2024-11-13,Maya Thomas,Corporate,Logitech Wireless Mouse,Technology,Accessories,North,Delhi,2,29.51,0.0,59.02,9.8,Credit Card,2024,Nov,11,Q4,16.6,,
ORD02114,2024-11-13,Neel Malhotra,Corporate,Notebook Pack,Office Supplies,Stationery,South,Chennai,3,11.65,0.1,31.46,5.7,Debit Card,2024,Nov,11,Q4,18.12,,
ORD00336,2024-11-14,Kiara Desai,Consumer,Logitech Wireless Mouse,Technology,Accessories,East,Kolkata,2,29.14,0.05,55.38,9.73,Net Banking,2024,Nov,11,Q4,17.57,,
ORD01960,2024-11-14,Tara Menon,Consumer,Ball Pen Set,Office Supplies,Stationery,East,Guwahati,5,7.83,0.15,33.29,6.95,UPI,2024,Nov,11,Q4,20.88,,
ORD02019,2024-11-14,Ananya Iyer,Consumer,A4 Copy Paper,Office Supplies,Paper,North,Amritsar,4,6.14,0.0,24.55,5.81,UPI,2024,Nov,11,Q4,23.67,,
ORD02607,2024-11-14,Neel Malhotra,Consumer,Filing Cabinet,Furniture,Storage,West,Surat,3,89.65,0.05,255.51,26.07,UPI,2024,Nov,11,Q4,10.2,,
ORD02671,2024-11-14,Rahul Verma,Consumer,Stapler,Office Supplies,Stationery,West,Pune,1,9.02,0.05,8.57,1.82,UPI,2024,Nov,11,Q4,21.24,,
ORD02981,2024-11-14,Riya Kulkarni,Consumer,Logitech Wireless Mouse,Technology,Accessories,North,Lucknow,3,26.26,0.05,74.85,9.13,Credit Card,2024,Nov,11,Q4,12.2,,
ORD03055,2024-11-14,Vivaan Singh,Small Business,Lenovo IdeaPad 3,Technology,Laptops,North,Delhi,1,540.67,0.1,486.6,30.83,UPI,2024,Nov,11,Q4,6.34,,
ORD04204,2024-11-14,Neel Malhotra,Consumer,Notebook Pack,Office Supplies,Stationery,North,Lucknow,1,11.68,0.0,11.68,2.62,Debit Card,2024,Nov,11,Q4,22.43,,
ORD04423,2024-11-14,Arjun Nair,Corporate,Samsung Galaxy A54,Technology,Phones,South,Hyderabad,3,324.12,0.1,875.13,29.28,UPI,2024,Nov,11,Q4,3.35,,
ORD01961,2024-11-15,Sana Kapoor,Consumer,Logitech Wireless Mouse,Technology,Accessories,South,Hyderabad,3,27.65,0.25,62.22,3.58,UPI,2024,Nov,11,Q4,5.75,,
ORD03613,2024-11-15,Dev Agarwal,Small Business,HP Laser Printer,Technology,Printers,East,Kolkata,1,222.62,0.1,200.36,16.73,UPI,2024,Nov,11,Q4,8.35,,
ORD03689,2024-11-15,Dev Agarwal,Corporate,Desk Organizer,Office Supplies,Storage,East,Patna,3,13.72,0.15,34.99,4.34,Credit Card,2024,Nov,11,Q4,12.4,,
ORD04283,2024-11-15,Aditya Rao,Small Business,Samsung Galaxy A54,Technology,Phones,West,Ahmedabad,2,301.1,0.1,541.97,-4.61,Credit Card,2024,Nov,11,Q4,-0.85,,
ORD05000,2024-11-15,Aisha Khan,Consumer,Notebook Pack,Office Supplies,Stationery,West,Pune,2,11.61,0.0,23.22,4.94,Debit Card,2024,Nov,11,Q4,21.27,,
ORD00351,2024-11-16,Kunal Bansal,Small Business,Ball Pen Set,Office Supplies,Stationery,East,Bhubaneswar,6,8.3,0.3,34.86,3.65,Debit Card,2024,Nov,11,Q4,10.47,,
ORD00450,2024-11-16,Riya Kulkarni,Consumer,Study Desk,Furniture,Tables,East,Patna,4,171.9,0.3,481.32,-11.84,Credit Card,2024,Nov,11,Q4,-2.46,,
ORD00923,2024-11-16,Riya Kulkarni,Consumer,USB-C Hub,Technology,Accessories,North,Lucknow,1,35.33,0.2,28.26,3.31,UPI,2024,Nov,11,Q4,11.71,,
ORD03314,2024-11-16,Meera Joshi,Consumer,Dell 24-inch Monitor,Technology,Monitors,West,Surat,1,173.48,0.05,164.81,19.89,Credit Card,2024,Nov,11,Q4,12.07,,
ORD01452,2024-11-17,Dev Agarwal,Consumer,Dell 24-inch Monitor,Technology,Monitors,South,Coimbatore,2,182.42,0.25,273.63,-4.02,Debit Card,2024,Nov,11,Q4,-1.47,,
ORD02561,2024-11-17,Vivaan Singh,Consumer,Mechanical Keyboard,Technology,Accessories,West,Mumbai,3,67.27,0.15,171.55,15.04,Credit Card,2024,Nov,11,Q4,8.77,,
ORD02893,2024-11-17,Dev Agarwal,Corporate,A4 Copy Paper,Office Supplies,Paper,East,Bhubaneswar,1,5.64,0.15,4.8,0.66,Net Banking,2024,Nov,11,Q4,13.75,,
ORD03037,2024-11-17,Neel Malhotra,Consumer,HP Laser Printer,Technology,Printers,West,Surat,6,221.13,0.0,1326.77,175.66,UPI,2024,Nov,11,Q4,13.24,,
ORD03057,2024-11-17,Ishita Gupta,Consumer,Stapler,Office Supplies,Stationery,South,Kochi,1,8.65,0.25,6.49,0.75,Debit Card,2024,Nov,11,Q4,11.56,,
ORD04088,2024-11-17,Rahul Verma,Consumer,Samsung Galaxy A54,Technology,Phones,East,Patna,2,314.92,0.3,440.89,-34.65,UPI,2024,Nov,11,Q4,-7.86,,
ORD04748,2024-11-17,Riya Kulkarni,Consumer,Conference Table,Furniture,Tables,South,Kochi,1,421.5,0.15,358.27,1.89,UPI,2024,Nov,11,Q4,0.53,,
ORD00777,2024-11-18,Aisha Khan,Consumer,Ergonomic Office Chair,Furniture,Chairs,North,Delhi,3,150.63,0.05,429.31,34.31,UPI,2024,Nov,11,Q4,7.99,,
ORD01363,2024-11-18,Arjun Nair,Corporate,Mechanical Keyboard,Technology,Accessories,West,Surat,4,73.9,0.1,266.05,25.14,UPI,2024,Nov,11,Q4,9.45,,
ORD01672,2024-11-18,Aarav Mehta,Consumer,USB-C Hub,Technology,Accessories,North,Amritsar,2,37.1,0.1,66.79,11.41,Credit Card,2024,Nov,11,Q4,17.08,,
ORD01985,2024-11-18,Maya Thomas,Corporate,HP Laser Printer,Technology,Printers,East,Guwahati,3,205.75,0.0,617.25,60.77,Credit Card,2024,Nov,11,Q4,9.85,,
ORD04323,2024-11-18,Ananya Iyer,Consumer,Ergonomic Office Chair,Furniture,Chairs,West,Ahmedabad,3,139.78,0.2,335.47,7.4,UPI,2024,Nov,11,Q4,2.21,,
ORD04503,2024-11-18,Diya Sharma,Small Business,Notebook Pack,Office Supplies,Stationery,West,Mumbai,3,12.02,0.0,36.06,9.4,Cash,2024,Nov,11,Q4,26.07,,
ORD00770,2024-11-19,Riya Kulkarni,Consumer,Mechanical Keyboard,Technology,Accessories,North,Delhi,3,74.05,0.0,222.15,38.56,Cash,2024,Nov,11,Q4,17.36,,
ORD01113,2024-11-19,Aarav Mehta,Small Business,Mechanical Keyboard,Technology,Accessories,North,Lucknow,5,67.9,0.05,322.53,45.86,Net Banking,2024,Nov,11,Q4,14.22,,
ORD01254,2024-11-19,Maya Thomas,Small Business,USB-C Hub,Technology,Accessories,South,Chennai,1,34.7,0.0,34.7,6.7,Debit Card,2024,Nov,11,Q4,19.31,,
ORD01820,2024-11-19,Sana Kapoor,Consumer,USB-C Hub,Technology,Accessories,East,Ranchi,6,34.81,0.0,208.83,48.82,Net Banking,2024,Nov,11,Q4,23.38,,
ORD02531,2024-11-19,Tara Menon,Small Business,Conference Table,Furniture,Tables,South,Chennai,5,433.92,0.1,1952.64,20.6,Credit Card,2024,Nov,11,Q4,1.05,,
ORD02576,2024-11-19,Kunal Bansal,Corporate,Ball Pen Set,Office Supplies,Stationery,East,Kolkata,3,7.85,0.1,21.19,5.26,Credit Card,2024,Nov,11,Q4,24.82,,
ORD03417,2024-11-19,Rohan Patel,Consumer,Mechanical Keyboard,Technology,Accessories,West,Mumbai,2,72.24,0.1,130.02,11.04,Credit Card,2024,Nov,11,Q4,8.49,,
ORD03467,2024-11-19,Rohan Patel,Corporate,Stapler,Office Supplies,Stationery,East,Kolkata,1,9.62,0.05,9.14,1.8,UPI,2024,Nov,11,Q4,19.69,,
ORD03869,2024-11-19,Rahul Verma,Consumer,Ball Pen Set,Office Supplies,Stationery,West,Mumbai,4,8.32,0.1,29.97,6.0,Net Banking,2024,Nov,11,Q4,20.02,,
ORD03896,2024-11-19,Ananya Iyer,Small Business,Notebook Pack,Office Supplies,Stationery,South,Coimbatore,2,11.8,0.05,22.41,4.94,Debit Card,2024,Nov,11,Q4,22.04,,
ORD04316,2024-11-19,Aditya Rao,Consumer,Ergonomic Office Chair,Furniture,Chairs,South,Chennai,1,135.76,0.2,108.6,-2.02,Debit Card,2024,Nov,11,Q4,-1.86,,
ORD00600,2024-11-20,Sana Kapoor,Consumer,HP Laser Printer,Technology,Printers,East,Guwahati,2,223.15,0.05,423.98,20.22,Credit Card,2024,Nov,11,Q4,4.77,,
ORD03832,2024-11-20,Kiara Desai,Corporate,Study Desk,Furniture,Tables,North,Amritsar,2,173.87,0.2,278.19,5.65,Debit Card,2024,Nov,11,Q4,2.03,,
ORD04970,2024-11-20,Tara Menon,Consumer,Mechanical Keyboard,Technology,Accessories,South,Hyderabad,2,74.87,0.2,119.79,11.57,UPI,2024,Nov,11,Q4,9.66,,
ORD00645,2024-11-21,Sana Kapoor,Small Business,USB-C Hub,Technology,Accessories,East,Kolkata,3,34.76,0.05,99.05,18.75,Net Banking,2024,Nov,11,Q4,18.93,,
ORD00819,2024-11-21,Diya Sharma,Consumer,Desk Organizer,Office Supplies,Storage,South,Hyderabad,4,14.86,0.05,56.48,13.03,UPI,2024,Nov,11,Q4,23.07,,
ORD01800,2024-11-21,Maya Thomas,Consumer,Logitech Wireless Mouse,Technology,Accessories,West,Mumbai,1,29.35,0.0,29.35,6.75,UPI,2024,Nov,11,Q4,23.0,,
ORD02871,2024-11-21,Meera Joshi,Consumer,A4 Copy Paper,Office Supplies,Paper,North,Chandigarh,5,5.99,0.1,26.96,4.76,Debit Card,2024,Nov,11,Q4,17.66,,
ORD03621,2024-11-21,Maya Thomas,Consumer,HP Pavilion 15,Technology,Laptops,East,Patna,2,721.41,0.1,1298.55,55.76,Debit Card,2024,Nov,11,Q4,4.29,,
ORD04098,2024-11-21,Ishita Gupta,Corporate,Samsung Galaxy A54,Technology,Phones,East,Ranchi,1,304.32,0.0,304.32,18.63,UPI,2024,Nov,11,Q4,6.12,,
ORD00991,2024-11-22,Vivaan Singh,Small Business,Ball Pen Set,Office Supplies,Stationery,West,Mumbai,1,8.38,0.1,7.54,1.77,UPI,2024,Nov,11,Q4,23.47,,
ORD01802,2024-11-22,Ishita Gupta,Consumer,Samsung Galaxy A54,Technology,Phones,North,Jaipur,5,299.98,0.0,1499.91,179.5,Debit Card,2024,Nov,11,Q4,11.97,,
ORD02899,2024-11-22,Maya Thomas,Consumer,Ball Pen Set,Office Supplies,Stationery,West,Nagpur,8,8.01,0.2,51.29,8.61,Credit Card,2024,Nov,11,Q4,16.79,,
ORD03559,2024-11-22,Aisha Khan,Small Business,Study Desk,Furniture,Tables,West,Mumbai,1,189.06,0.2,151.25,-0.07,Debit Card,2024,Nov,11,Q4,-0.05,,
ORD04601,2024-11-22,Riya Kulkarni,Corporate,Notebook Pack,Office Supplies,Stationery,West,Pune,3,11.42,0.05,32.55,6.37,Credit Card,2024,Nov,11,Q4,19.57,,
ORD04626,2024-11-22,Kunal Bansal,Corporate,Apple iPhone 13,Technology,Phones,South,Chennai,3,664.97,0.05,1895.15,12.98,UPI,2024,Nov,11,Q4,0.68,,
ORD03830,2024-11-23,Aarav Mehta,Consumer,Conference Table,Furniture,Tables,East,Kolkata,2,396.4,0.1,713.53,31.92,UPI,2024,Nov,11,Q4,4.47,,
ORD01064,2024-11-24,Kabir Shah,Corporate,HP Pavilion 15,Technology,Laptops,South,Hyderabad,3,704.42,0.3,1479.27,-73.73,Debit Card,2024,Nov,11,Q4,-4.98,,
ORD02455,2024-11-24,Aarav Mehta,Consumer,Conference Table,Furniture,Tables,North,Lucknow,1,396.65,0.15,337.15,5.45,Net Banking,2024,Nov,11,Q4,1.62,,
ORD00498,2024-11-25,Arjun Nair,Consumer,Stapler,Office Supplies,Stationery,North,Chandigarh,2,9.36,0.15,15.92,2.22,Credit Card,2024,Nov,11,Q4,13.94,,
ORD01449,2024-11-25,Dev Agarwal,Small Business,Logitech Wireless Mouse,Technology,Accessories,West,Mumbai,10,28.11,0.15,238.92,38.86,UPI,2024,Nov,11,Q4,16.26,,
ORD01513,2024-11-25,Kunal Bansal,Corporate,HP Pavilion 15,Technology,Laptops,South,Hyderabad,2,649.98,0.3,909.97,-43.75,Debit Card,2024,Nov,11,Q4,-4.81,,
ORD01846,2024-11-25,Aisha Khan,Small Business,Ball Pen Set,Office Supplies,Stationery,South,Chennai,10,7.61,0.0,76.06,20.39,UPI,2024,Nov,11,Q4,26.81,,
ORD02524,2024-11-25,Ananya Iyer,Corporate,Conference Table,Furniture,Tables,East,Patna,5,448.28,0.05,2129.31,110.82,Debit Card,2024,Nov,11,Q4,5.2,,
ORD02797,2024-11-25,Kabir Shah,Small Business,HP Laser Printer,Technology,Printers,South,Coimbatore,1,201.55,0.05,191.48,19.77,Net Banking,2024,Nov,11,Q4,10.32,,
ORD04132,2024-11-25,Kunal Bansal,Corporate,HP Laser Printer,Technology,Printers,South,Kochi,6,216.55,0.1,1169.35,30.24,Cash,2024,Nov,11,Q4,2.59,,
ORD04971,2024-11-25,Ananya Iyer,Consumer,Filing Cabinet,Furniture,Storage,South,Coimbatore,2,97.02,0.15,164.93,5.99,UPI,2024,Nov,11,Q4,3.63,,
ORD00120,2024-11-26,Ananya Iyer,Small Business,Samsung Galaxy A54,Technology,Phones,North,Amritsar,5,340.11,0.2,1360.42,24.9,UPI,2024,Nov,11,Q4,1.83,,
ORD02248,2024-11-26,Arjun Nair,Consumer,Stapler,Office Supplies,Stationery,North,Chandigarh,3,9.57,0.0,28.71,7.63,Credit Card,2024,Nov,11,Q4,26.58,,
ORD03822,2024-11-26,Arjun Nair,Consumer,Dell 24-inch Monitor,Technology,Monitors,West,Ahmedabad,6,164.15,0.25,738.66,-38.12,Credit Card,2024,Nov,11,Q4,-5.16,,
ORD04310,2024-11-26,Kunal Bansal,Corporate,A4 Copy Paper,Office Supplies,Paper,South,Kochi,10,5.63,0.1,50.64,8.68,Debit Card,2024,Nov,11,Q4,17.14,,
ORD02271,2024-11-27,Aisha Khan,Consumer,HP Laser Printer,Technology,Printers,North,Amritsar,3,218.43,0.2,524.24,4.03,UPI,2024,Nov,11,Q4,0.77,,
ORD03287,2024-11-27,Ishita Gupta,Corporate,Lenovo IdeaPad 3,Technology,Laptops,West,Surat,1,531.42,0.1,478.28,48.06,Debit Card,2024,Nov,11,Q4,10.05,,
ORD00440,2024-11-28,Aarav Mehta,Consumer,Filing Cabinet,Furniture,Storage,West,Ahmedabad,3,97.99,0.0,293.96,50.05,Debit Card,2024,Nov,11,Q4,17.03,,
ORD02634,2024-11-28,Ananya Iyer,Corporate,Ball Pen Set,Office Supplies,Stationery,South,Hyderabad,4,7.88,0.25,23.64,4.38,Credit Card,2024,Nov,11,Q4,18.53,,
ORD03808,2024-11-28,Aarav Mehta,Consumer,USB-C Hub,Technology,Accessories,North,Jaipur,3,32.82,0.1,88.61,13.79,UPI,2024,Nov,11,Q4,15.56,,
ORD04858,2024-11-28,Aditya Rao,Corporate,Study Desk,Furniture,Tables,West,Ahmedabad,1,192.26,0.15,163.42,4.28,Credit Card,2024,Nov,11,Q4,2.62,,
ORD04932,2024-11-28,Meera Joshi,Consumer,Conference Table,Furniture,Tables,North,Amritsar,4,410.69,0.15,1396.35,45.6,Credit Card,2024,Nov,11,Q4,3.27,,
ORD00096,2024-11-29,Sana Kapoor,Consumer,Apple iPhone 13,Technology,Phones,North,Lucknow,4,676.74,0.1,2436.25,112.66,Credit Card,2024,Nov,11,Q4,4.62,,
ORD00586,2024-11-29,Maya Thomas,Consumer,Samsung Galaxy A54,Technology,Phones,West,Surat,5,312.81,0.2,1251.24,50.74,UPI,2024,Nov,11,Q4,4.06,,
ORD01498,2024-11-29,Vivaan Singh,Consumer,Bookshelf,Furniture,Storage,West,Nagpur,5,111.23,0.05,528.34,55.8,UPI,2024,Nov,11,Q4,10.56,,
ORD01773,2024-11-29,Maya Thomas,Consumer,Mechanical Keyboard,Technology,Accessories,South,Kochi,2,71.16,0.0,142.32,24.35,Cash,2024,Nov,11,Q4,17.11,,
ORD02530,2024-11-29,Diya Sharma,Consumer,Logitech Wireless Mouse,Technology,Accessories,North,Amritsar,10,26.91,0.05,255.66,29.32,UPI,2024,Nov,11,Q4,11.47,,
ORD03770,2024-11-29,Diya Sharma,Consumer,Ball Pen Set,Office Supplies,Stationery,North,Amritsar,1,7.97,0.25,5.98,0.72,Cash,2024,Nov,11,Q4,12.04,,
ORD04935,2024-11-29,Kabir Shah,Consumer,Mechanical Keyboard,Technology,Accessories,South,Bengaluru,6,70.66,0.2,339.17,20.48,UPI,2024,Nov,11,Q4,6.04,,
ORD00020,2024-11-30,Kabir Shah,Consumer,Mechanical Keyboard,Technology,Accessories,North,Amritsar,3,70.65,0.2,169.57,14.3,UPI,2024,Nov,11,Q4,8.43,,
ORD01005,2024-11-30,Meera Joshi,Consumer,Lenovo IdeaPad 3,Technology,Laptops,North,Delhi,4,532.26,0.1,1916.14,179.36,Credit Card,2024,Nov,11,Q4,9.36,,
ORD01079,2024-11-30,Vivaan Singh,Consumer,Conference Table,Furniture,Tables,East,Guwahati,4,409.06,0.05,1554.41,136.57,Net Banking,2024,Nov,11,Q4,8.79,,
ORD02043,2024-11-30,Rohan Patel,Consumer,A4 Copy Paper,Office Supplies,Paper,North,Amritsar,1,6.09,0.0,6.09,1.22,Net Banking,2024,Nov,11,Q4,20.03,,
ORD02429,2024-11-30,Tara Menon,Small Business,Mechanical Keyboard,Technology,Accessories,North,Chandigarh,10,67.28,0.0,672.79,93.69,UPI,2024,Nov,11,Q4,13.93,,
ORD03116,2024-11-30,Kiara Desai,Consumer,Filing Cabinet,Furniture,Storage,South,Bengaluru,1,99.39,0.1,89.45,3.13,Debit Card,2024,Nov,11,Q4,3.5,,
ORD04939,2024-11-30,Sana Kapoor,Consumer,Ball Pen Set,Office Supplies,Stationery,West,Surat,1,7.72,0.0,7.72,2.14,Credit Card,2024,Nov,11,Q4,27.72,,
ORD00329,2024-12-01,Riya Kulkarni,Consumer,Samsung Galaxy A54,Technology,Phones,North,Jaipur,2,330.54,0.15,561.92,35.79,UPI,2024,Dec,12,Q4,6.37,,
ORD01284,2024-12-01,Aarav Mehta,Consumer,USB-C Hub,Technology,Accessories,North,Lucknow,2,36.3,0.05,68.96,10.39,Credit Card,2024,Dec,12,Q4,15.07,,
ORD04987,2024-12-01,Ananya Iyer,Small Business,HP Laser Printer,Technology,Printers,South,Bengaluru,2,205.47,0.15,349.29,16.08,UPI,2024,Dec,12,Q4,4.6,,
ORD00229,2024-12-02,Dev Agarwal,Corporate,Dell 24-inch Monitor,Technology,Monitors,South,Hyderabad,3,181.71,0.1,490.62,22.47,Net Banking,2024,Dec,12,Q4,4.58,,
ORD00479,2024-12-02,Neel Malhotra,Consumer,Ball Pen Set,Office Supplies,Stationery,West,Surat,4,8.36,0.0,33.43,10.11,Credit Card,2024,Dec,12,Q4,30.24,,
ORD00598,2024-12-02,Kunal Bansal,Consumer,HP Laser Printer,Technology,Printers,West,Nagpur,1,214.91,0.1,193.42,8.86,Debit Card,2024,Dec,12,Q4,4.58,,
ORD00685,2024-12-02,Ananya Iyer,Consumer,Mechanical Keyboard,Technology,Accessories,West,Ahmedabad,2,67.38,0.2,107.81,6.96,UPI,2024,Dec,12,Q4,6.46,,
ORD01379,2024-12-02,Rohan Patel,Consumer,Bookshelf,Furniture,Storage,South,Chennai,2,116.07,0.25,174.11,1.94,Net Banking,2024,Dec,12,Q4,1.11,,
ORD00065,2024-12-03,Maya Thomas,Consumer,Bookshelf,Furniture,Storage,East,Bhubaneswar,3,109.3,0.15,278.72,17.01,UPI,2024,Dec,12,Q4,6.1,,
ORD01746,2024-12-03,Arjun Nair,Corporate,Samsung Galaxy A54,Technology,Phones,North,Amritsar,3,304.01,0.05,866.43,75.21,Net Banking,2024,Dec,12,Q4,8.68,,
ORD03040,2024-12-03,Kabir Shah,Consumer,USB-C Hub,Technology,Accessories,South,Chennai,4,37.42,0.0,149.7,37.16,Credit Card,2024,Dec,12,Q4,24.82,,
ORD04870,2024-12-03,Maya Thomas,Consumer,USB-C Hub,Technology,Accessories,North,Amritsar,2,36.17,0.2,57.87,4.67,Credit Card,2024,Dec,12,Q4,8.07,,
ORD00460,2024-12-04,Aditya Rao,Consumer,Ring Binder,Office Supplies,Binders,South,Chennai,3,6.93,0.1,18.72,3.74,UPI,2024,Dec,12,Q4,19.98,,
ORD01882,2024-12-04,Kabir Shah,Consumer,Desk Organizer,Office Supplies,Storage,West,Surat,3,13.4,0.0,40.21,9.83,Net Banking,2024,Dec,12,Q4,24.45,,
ORD04482,2024-12-04,Tara Menon,Corporate,Conference Table,Furniture,Tables,East,Patna,3,424.71,0.15,1083.0,20.56,UPI,2024,Dec,12,Q4,1.9,,
ORD00391,2024-12-05,Sana Kapoor,Consumer,Dell 24-inch Monitor,Technology,Monitors,East,Kolkata,5,179.88,0.05,854.45,115.79,UPI,2024,Dec,12,Q4,13.55,,
ORD00564,2024-12-05,Aarav Mehta,Corporate,Samsung Galaxy A54,Technology,Phones,West,Nagpur,2,315.68,0.0,631.37,73.27,Debit Card,2024,Dec,12,Q4,11.6,,
ORD01485,2024-12-05,Maya Thomas,Consumer,Filing Cabinet,Furniture,Storage,North,Chandigarh,4,91.32,0.05,347.01,50.68,Debit Card,2024,Dec,12,Q4,14.6,,
ORD01496,2024-12-05,Meera Joshi,Consumer,Dell 24-inch Monitor,Technology,Monitors,West,Ahmedabad,6,163.52,0.05,932.05,96.89,Cash,2024,Dec,12,Q4,10.4,,
ORD02783,2024-12-05,Kiara Desai,Corporate,Bookshelf,Furniture,Storage,South,Bengaluru,8,111.05,0.0,888.37,136.81,Credit Card,2024,Dec,12,Q4,15.4,,
ORD00997,2024-12-06,Aisha Khan,Corporate,Filing Cabinet,Furniture,Storage,South,Coimbatore,3,91.84,0.1,247.97,23.32,Net Banking,2024,Dec,12,Q4,9.4,,
ORD01704,2024-12-06,Neel Malhotra,Consumer,Conference Table,Furniture,Tables,North,Lucknow,3,406.25,0.15,1035.93,-10.0,Debit Card,2024,Dec,12,Q4,-0.97,,
ORD01775,2024-12-06,Sana Kapoor,Corporate,Desk Organizer,Office Supplies,Storage,East,Ranchi,2,13.46,0.2,21.54,2.66,Credit Card,2024,Dec,12,Q4,12.35,,
ORD01865,2024-12-06,Ananya Iyer,Small Business,Apple iPhone 13,Technology,Phones,South,Hyderabad,1,625.96,0.2,500.77,-11.06,UPI,2024,Dec,12,Q4,-2.21,,
ORD03286,2024-12-06,Ishita Gupta,Corporate,Logitech Wireless Mouse,Technology,Accessories,South,Hyderabad,2,29.33,0.0,58.65,10.08,Credit Card,2024,Dec,12,Q4,17.19,,
ORD03721,2024-12-06,Kabir Shah,Small Business,USB-C Hub,Technology,Accessories,East,Ranchi,4,36.94,0.25,110.82,6.14,UPI,2024,Dec,12,Q4,5.54,,
ORD04165,2024-12-06,Vivaan Singh,Corporate,Filing Cabinet,Furniture,Storage,South,Kochi,1,97.44,0.0,97.44,14.47,Net Banking,2024,Dec,12,Q4,14.85,,
ORD04623,2024-12-06,Maya Thomas,Consumer,Ball Pen Set,Office Supplies,Stationery,East,Kolkata,2,8.16,0.15,13.87,2.64,UPI,2024,Dec,12,Q4,19.03,,
ORD04740,2024-12-06,Kunal Bansal,Corporate,Ergonomic Office Chair,Furniture,Chairs,South,Chennai,4,144.89,0.0,579.56,94.44,Credit Card,2024,Dec,12,Q4,16.3,,
ORD00308,2024-12-07,Kabir Shah,Corporate,Stapler,Office Supplies,Stationery,South,Chennai,5,9.23,0.05,43.86,10.9,UPI,2024,Dec,12,Q4,24.85,,
ORD01662,2024-12-07,Tara Menon,Consumer,Ring Binder,Office Supplies,Binders,South,Chennai,4,6.81,0.05,25.89,5.9,Debit Card,2024,Dec,12,Q4,22.79,,
ORD02532,2024-12-07,Aarav Mehta,Consumer,Stapler,Office Supplies,Stationery,North,Amritsar,1,9.09,0.2,7.27,0.91,Net Banking,2024,Dec,12,Q4,12.52,,
ORD03146,2024-12-07,Sana Kapoor,Consumer,Logitech Wireless Mouse,Technology,Accessories,East,Patna,1,26.75,0.0,26.75,6.09,Credit Card,2024,Dec,12,Q4,22.77,,
ORD00534,2024-12-08,Maya Thomas,Corporate,Logitech Wireless Mouse,Technology,Accessories,East,Guwahati,2,28.38,0.1,51.09,6.59,Debit Card,2024,Dec,12,Q4,12.9,,
ORD01751,2024-12-08,Rohan Patel,Corporate,Study Desk,Furniture,Tables,West,Ahmedabad,8,180.52,0.3,1010.89,-26.87,Cash,2024,Dec,12,Q4,-2.66,,
ORD03105,2024-12-08,Vivaan Singh,Consumer,HP Pavilion 15,Technology,Laptops,West,Pune,5,722.82,0.1,3252.71,204.9,Cash,2024,Dec,12,Q4,6.3,,
ORD04033,2024-12-08,Dev Agarwal,Small Business,Lenovo IdeaPad 3,Technology,Laptops,South,Chennai,3,489.32,0.0,1467.95,249.72,Debit Card,2024,Dec,12,Q4,17.01,,
ORD00300,2024-12-09,Aditya Rao,Corporate,Notebook Pack,Office Supplies,Stationery,South,Hyderabad,1,11.17,0.0,11.17,2.81,UPI,2024,Dec,12,Q4,25.16,,
ORD01633,2024-12-09,Sana Kapoor,Corporate,Lenovo IdeaPad 3,Technology,Laptops,North,Amritsar,6,497.37,0.05,2834.99,313.36,Debit Card,2024,Dec,12,Q4,11.05,,
ORD01848,2024-12-09,Kiara Desai,Consumer,Notebook Pack,Office Supplies,Stationery,East,Bhubaneswar,1,11.34,0.0,11.34,2.74,Net Banking,2024,Dec,12,Q4,24.16,,
ORD02453,2024-12-09,Rohan Patel,Consumer,Apple iPhone 13,Technology,Phones,West,Nagpur,3,663.65,0.15,1692.3,2.73,UPI,2024,Dec,12,Q4,0.16,,
ORD02510,2024-12-09,Tara Menon,Small Business,Dell 24-inch Monitor,Technology,Monitors,West,Ahmedabad,4,173.25,0.2,554.39,3.69,Debit Card,2024,Dec,12,Q4,0.67,,
ORD03273,2024-12-09,Ishita Gupta,Corporate,USB-C Hub,Technology,Accessories,West,Pune,3,32.85,0.1,88.69,13.16,UPI,2024,Dec,12,Q4,14.84,,
ORD01559,2024-12-10,Arjun Nair,Consumer,Ergonomic Office Chair,Furniture,Chairs,South,Hyderabad,6,154.7,0.1,835.37,54.0,Net Banking,2024,Dec,12,Q4,6.46,,
ORD02710,2024-12-10,Aditya Rao,Consumer,Filing Cabinet,Furniture,Storage,East,Patna,4,90.9,0.25,272.71,-0.64,Credit Card,2024,Dec,12,Q4,-0.23,,
ORD02836,2024-12-10,Ishita Gupta,Consumer,Apple iPhone 13,Technology,Phones,East,Kolkata,1,677.94,0.1,610.15,14.01,Debit Card,2024,Dec,12,Q4,2.3,,
ORD03048,2024-12-10,Kabir Shah,Corporate,Filing Cabinet,Furniture,Storage,South,Chennai,1,96.92,0.2,77.54,4.04,UPI,2024,Dec,12,Q4,5.21,,
ORD03629,2024-12-10,Tara Menon,Corporate,Apple iPhone 13,Technology,Phones,West,Surat,3,615.82,0.15,1570.34,17.67,Net Banking,2024,Dec,12,Q4,1.13,,
ORD03842,2024-12-10,Rohan Patel,Consumer,USB-C Hub,Technology,Accessories,West,Mumbai,3,36.0,0.05,102.61,14.2,UPI,2024,Dec,12,Q4,13.84,,
ORD00013,2024-12-11,Kiara Desai,Corporate,Ball Pen Set,Office Supplies,Stationery,West,Mumbai,5,7.62,0.1,34.31,8.05,UPI,2024,Dec,12,Q4,23.46,,
ORD01931,2024-12-11,Dev Agarwal,Consumer,Lenovo IdeaPad 3,Technology,Laptops,East,Bhubaneswar,1,539.89,0.05,512.89,15.2,Credit Card,2024,Dec,12,Q4,2.96,,
ORD02553,2024-12-11,Kabir Shah,Corporate,Ball Pen Set,Office Supplies,Stationery,East,Ranchi,5,7.63,0.15,32.44,5.67,UPI,2024,Dec,12,Q4,17.48,,
ORD04589,2024-12-11,Dev Agarwal,Corporate,Mechanical Keyboard,Technology,Accessories,North,Chandigarh,2,76.13,0.0,152.26,21.11,UPI,2024,Dec,12,Q4,13.86,,
ORD04771,2024-12-11,Ananya Iyer,Corporate,Ergonomic Office Chair,Furniture,Chairs,West,Pune,2,143.7,0.1,258.66,16.37,Credit Card,2024,Dec,12,Q4,6.33,,
ORD01092,2024-12-12,Kabir Shah,Consumer,Dell 24-inch Monitor,Technology,Monitors,East,Guwahati,2,167.12,0.0,334.24,40.89,Cash,2024,Dec,12,Q4,12.23,,
ORD03504,2024-12-12,Sana Kapoor,Corporate,Ring Binder,Office Supplies,Binders,East,Ranchi,3,7.04,0.1,19.0,2.98,Credit Card,2024,Dec,12,Q4,15.68,,
ORD01224,2024-12-13,Kunal Bansal,Small Business,Stapler,Office Supplies,Stationery,East,Ranchi,1,8.81,0.1,7.93,1.49,Debit Card,2024,Dec,12,Q4,18.79,,
ORD03108,2024-12-13,Sana Kapoor,Corporate,Ergonomic Office Chair,Furniture,Chairs,East,Ranchi,5,141.55,0.3,495.42,-8.14,UPI,2024,Dec,12,Q4,-1.64,,
ORD00492,2024-12-14,Tara Menon,Corporate,Study Desk,Furniture,Tables,East,Bhubaneswar,10,182.72,0.2,1461.79,16.78,Credit Card,2024,Dec,12,Q4,1.15,,
ORD01036,2024-12-14,Sana Kapoor,Consumer,Dell 24-inch Monitor,Technology,Monitors,North,Lucknow,2,172.85,0.15,293.85,12.94,UPI,2024,Dec,12,Q4,4.4,,
ORD03195,2024-12-14,Vivaan Singh,Consumer,Desk Organizer,Office Supplies,Storage,North,Jaipur,3,14.45,0.15,36.84,6.18,UPI,2024,Dec,12,Q4,16.78,,
ORD03368,2024-12-14,Rahul Verma,Consumer,Lenovo IdeaPad 3,Technology,Laptops,North,Jaipur,5,548.7,0.25,2057.64,-44.2,Credit Card,2024,Dec,12,Q4,-2.15,,
ORD03400,2024-12-14,Tara Menon,Consumer,Desk Organizer,Office Supplies,Storage,South,Kochi,1,14.07,0.05,13.37,2.99,Debit Card,2024,Dec,12,Q4,22.36,,
ORD04072,2024-12-14,Kunal Bansal,Corporate,Filing Cabinet,Furniture,Storage,West,Pune,1,97.28,0.15,82.69,4.09,Credit Card,2024,Dec,12,Q4,4.95,,
ORD04473,2024-12-14,Kunal Bansal,Consumer,Apple iPhone 13,Technology,Phones,South,Coimbatore,4,674.75,0.1,2429.11,47.73,UPI,2024,Dec,12,Q4,1.96,,
ORD00565,2024-12-15,Arjun Nair,Consumer,Apple iPhone 13,Technology,Phones,North,Lucknow,5,609.66,0.15,2591.03,30.62,Credit Card,2024,Dec,12,Q4,1.18,,
ORD01493,2024-12-15,Aisha Khan,Consumer,Samsung Galaxy A54,Technology,Phones,South,Hyderabad,1,304.89,0.2,243.91,1.22,Debit Card,2024,Dec,12,Q4,0.5,,
ORD02280,2024-12-15,Aisha Khan,Consumer,Ergonomic Office Chair,Furniture,Chairs,East,Ranchi,1,136.36,0.2,109.08,2.93,UPI,2024,Dec,12,Q4,2.69,,
ORD02777,2024-12-15,Tara Menon,Consumer,Ring Binder,Office Supplies,Binders,South,Bengaluru,2,7.03,0.25,10.54,1.22,Credit Card,2024,Dec,12,Q4,11.57,,
ORD02906,2024-12-15,Kunal Bansal,Consumer,Study Desk,Furniture,Tables,South,Bengaluru,1,183.05,0.05,173.9,21.74,Net Banking,2024,Dec,12,Q4,12.5,,
ORD03053,2024-12-15,Arjun Nair,Consumer,HP Laser Printer,Technology,Printers,West,Ahmedabad,4,202.65,0.15,689.02,41.33,UPI,2024,Dec,12,Q4,6.0,,
ORD03229,2024-12-15,Aditya Rao,Consumer,Filing Cabinet,Furniture,Storage,North,Delhi,1,96.18,0.05,91.37,9.68,UPI,2024,Dec,12,Q4,10.59,,
ORD03797,2024-12-15,Neel Malhotra,Consumer,Logitech Wireless Mouse,Technology,Accessories,West,Ahmedabad,2,27.0,0.15,45.89,3.42,Net Banking,2024,Dec,12,Q4,7.45,,
ORD03938,2024-12-15,Dev Agarwal,Corporate,Logitech Wireless Mouse,Technology,Accessories,West,Pune,4,26.37,0.0,105.49,18.01,Cash,2024,Dec,12,Q4,17.07,,
ORD04635,2024-12-15,Vivaan Singh,Small Business,HP Laser Printer,Technology,Printers,East,Bhubaneswar,1,207.91,0.0,207.91,19.25,Debit Card,2024,Dec,12,Q4,9.26,,
ORD00122,2024-12-16,Aarav Mehta,Consumer,HP Pavilion 15,Technology,Laptops,North,Chandigarh,10,719.25,0.25,5394.41,-70.66,Credit Card,2024,Dec,12,Q4,-1.31,,
ORD00412,2024-12-16,Ananya Iyer,Consumer,Bookshelf,Furniture,Storage,West,Surat,3,106.6,0.15,271.84,20.49,Cash,2024,Dec,12,Q4,7.54,,
ORD00467,2024-12-16,Diya Sharma,Small Business,Conference Table,Furniture,Tables,South,Coimbatore,5,408.13,0.0,2040.65,218.02,Debit Card,2024,Dec,12,Q4,10.68,,
ORD02837,2024-12-16,Kabir Shah,Corporate,Ball Pen Set,Office Supplies,Stationery,West,Mumbai,3,7.94,0.05,22.63,5.82,UPI,2024,Dec,12,Q4,25.72,,
ORD03204,2024-12-16,Aditya Rao,Small Business,A4 Copy Paper,Office Supplies,Paper,North,Jaipur,2,5.78,0.15,9.83,1.34,Credit Card,2024,Dec,12,Q4,13.63,,
ORD04077,2024-12-16,Neel Malhotra,Consumer,Dell 24-inch Monitor,Technology,Monitors,East,Patna,1,181.62,0.1,163.46,3.58,UPI,2024,Dec,12,Q4,2.19,,
ORD02004,2024-12-17,Aisha Khan,Corporate,Lenovo IdeaPad 3,Technology,Laptops,South,Chennai,2,498.11,0.0,996.23,101.33,Cash,2024,Dec,12,Q4,10.17,,
ORD02021,2024-12-17,Ishita Gupta,Consumer,Study Desk,Furniture,Tables,East,Kolkata,4,189.05,0.1,680.56,27.72,Debit Card,2024,Dec,12,Q4,4.07,,
ORD02972,2024-12-17,Tara Menon,Corporate,Stapler,Office Supplies,Stationery,South,Chennai,2,9.45,0.3,13.23,1.21,Credit Card,2024,Dec,12,Q4,9.15,,
ORD00251,2024-12-18,Aarav Mehta,Corporate,Ring Binder,Office Supplies,Binders,South,Coimbatore,2,6.64,0.15,11.28,1.91,UPI,2024,Dec,12,Q4,16.93,,
ORD00493,2024-12-18,Ishita Gupta,Consumer,Lenovo IdeaPad 3,Technology,Laptops,South,Chennai,2,494.24,0.1,889.63,65.98,Credit Card,2024,Dec,12,Q4,7.42,,
ORD01162,2024-12-18,Arjun Nair,Corporate,Ring Binder,Office Supplies,Binders,South,Coimbatore,3,6.61,0.15,16.86,2.83,UPI,2024,Dec,12,Q4,16.79,,
ORD01377,2024-12-18,Dev Agarwal,Consumer,Desk Organizer,Office Supplies,Storage,West,Nagpur,3,14.22,0.25,32.0,2.39,Cash,2024,Dec,12,Q4,7.47,,
ORD03980,2024-12-18,Kiara Desai,Consumer,Notebook Pack,Office Supplies,Stationery,East,Ranchi,2,12.7,0.0,25.4,5.93,Credit Card,2024,Dec,12,Q4,23.35,,
ORD04027,2024-12-18,Riya Kulkarni,Consumer,Notebook Pack,Office Supplies,Stationery,South,Kochi,8,12.51,0.0,100.05,24.98,UPI,2024,Dec,12,Q4,24.97,,
ORD04604,2024-12-18,Kiara Desai,Small Business,Logitech Wireless Mouse,Technology,Accessories,West,Mumbai,1,27.65,0.15,23.5,1.9,UPI,2024,Dec,12,Q4,8.09,,
ORD00326,2024-12-19,Meera Joshi,Consumer,USB-C Hub,Technology,Accessories,West,Mumbai,10,32.81,0.15,278.85,20.31,Cash,2024,Dec,12,Q4,7.28,,
ORD00699,2024-12-19,Sana Kapoor,Corporate,Ball Pen Set,Office Supplies,Stationery,East,Guwahati,2,7.87,0.05,14.95,4.15,Net Banking,2024,Dec,12,Q4,27.76,,
ORD00719,2024-12-19,Arjun Nair,Consumer,Study Desk,Furniture,Tables,South,Bengaluru,2,190.1,0.15,323.17,6.6,Cash,2024,Dec,12,Q4,2.04,,
ORD00906,2024-12-19,Sana Kapoor,Corporate,Mechanical Keyboard,Technology,Accessories,North,Amritsar,3,69.56,0.0,208.69,34.28,Credit Card,2024,Dec,12,Q4,16.43,,
ORD01129,2024-12-19,Ananya Iyer,Consumer,Apple iPhone 13,Technology,Phones,West,Nagpur,10,673.81,0.05,6401.15,380.65,UPI,2024,Dec,12,Q4,5.95,,
ORD01190,2024-12-19,Meera Joshi,Small Business,Bookshelf,Furniture,Storage,South,Hyderabad,1,117.11,0.3,81.97,-2.76,UPI,2024,Dec,12,Q4,-3.37,,
ORD01465,2024-12-19,Ishita Gupta,Corporate,Study Desk,Furniture,Tables,West,Surat,4,180.24,0.0,720.97,79.87,UPI,2024,Dec,12,Q4,11.08,,
ORD02593,2024-12-19,Aditya Rao,Consumer,Apple iPhone 13,Technology,Phones,East,Guwahati,1,657.72,0.1,591.95,15.8,Net Banking,2024,Dec,12,Q4,2.67,,
ORD02761,2024-12-19,Neel Malhotra,Consumer,Filing Cabinet,Furniture,Storage,South,Coimbatore,1,93.12,0.3,65.19,-2.02,Cash,2024,Dec,12,Q4,-3.1,,
ORD03796,2024-12-19,Dev Agarwal,Corporate,Bookshelf,Furniture,Storage,North,Jaipur,4,114.38,0.05,434.66,72.05,UPI,2024,Dec,12,Q4,16.58,,
ORD03843,2024-12-19,Kabir Shah,Small Business,Stapler,Office Supplies,Stationery,North,Amritsar,4,9.3,0.2,29.77,4.15,Credit Card,2024,Dec,12,Q4,13.94,,
ORD04394,2024-12-19,Diya Sharma,Corporate,Bookshelf,Furniture,Storage,East,Bhubaneswar,5,116.21,0.3,406.75,0.31,UPI,2024,Dec,12,Q4,0.08,,
ORD04453,2024-12-19,Arjun Nair,Consumer,Ball Pen Set,Office Supplies,Stationery,South,Chennai,4,7.5,0.0,29.99,9.01,Credit Card,2024,Dec,12,Q4,30.04,,
ORD00612,2024-12-20,Aditya Rao,Consumer,Study Desk,Furniture,Tables,West,Mumbai,1,176.43,0.05,167.61,14.96,UPI,2024,Dec,12,Q4,8.93,,
ORD02230,2024-12-20,Maya Thomas,Small Business,Lenovo IdeaPad 3,Technology,Laptops,East,Patna,2,497.52,0.3,696.53,-24.6,Net Banking,2024,Dec,12,Q4,-3.53,,
ORD02977,2024-12-20,Sana Kapoor,Small Business,Apple iPhone 13,Technology,Phones,South,Bengaluru,3,609.87,0.25,1372.21,-112.34,Net Banking,2024,Dec,12,Q4,-8.19,,
ORD04179,2024-12-20,Kunal Bansal,Consumer,Lenovo IdeaPad 3,Technology,Laptops,East,Patna,2,555.61,0.1,1000.11,58.64,UPI,2024,Dec,12,Q4,5.86,,
ORD04476,2024-12-20,Aditya Rao,Consumer,Lenovo IdeaPad 3,Technology,Laptops,South,Bengaluru,1,494.69,0.1,445.22,49.68,Credit Card,2024,Dec,12,Q4,11.16,,
ORD04533,2024-12-20,Rahul Verma,Corporate,Logitech Wireless Mouse,Technology,Accessories,East,Patna,1,29.43,0.0,29.43,5.66,Debit Card,2024,Dec,12,Q4,19.23,,
ORD01043,2024-12-21,Kiara Desai,Small Business,Filing Cabinet,Furniture,Storage,West,Ahmedabad,10,97.61,0.25,732.04,5.58,Net Banking,2024,Dec,12,Q4,0.76,,
ORD02232,2024-12-21,Kiara Desai,Corporate,Mechanical Keyboard,Technology,Accessories,South,Hyderabad,2,72.06,0.1,129.71,16.0,Credit Card,2024,Dec,12,Q4,12.34,,
ORD02569,2024-12-21,Rohan Patel,Corporate,Desk Organizer,Office Supplies,Storage,East,Ranchi,2,13.12,0.1,23.62,4.42,Net Banking,2024,Dec,12,Q4,18.71,,
ORD02997,2024-12-21,Meera Joshi,Consumer,Notebook Pack,Office Supplies,Stationery,West,Ahmedabad,3,12.51,0.15,31.9,3.65,Net Banking,2024,Dec,12,Q4,11.44,,
ORD04240,2024-12-21,Ananya Iyer,Consumer,Ball Pen Set,Office Supplies,Stationery,West,Surat,4,7.5,0.2,24.0,3.74,UPI,2024,Dec,12,Q4,15.58,,
ORD04780,2024-12-21,Meera Joshi,Consumer,Ball Pen Set,Office Supplies,Stationery,North,Chandigarh,1,7.6,0.0,7.6,1.9,Net Banking,2024,Dec,12,Q4,25.0,,
ORD04949,2024-12-21,Vivaan Singh,Consumer,Ball Pen Set,Office Supplies,Stationery,West,Mumbai,2,8.16,0.1,14.69,3.49,Net Banking,2024,Dec,12,Q4,23.76,,
ORD00421,2024-12-22,Arjun Nair,Corporate,Notebook Pack,Office Supplies,Stationery,West,Pune,1,11.77,0.15,10.0,1.56,Credit Card,2024,Dec,12,Q4,15.6,,
ORD01198,2024-12-22,Rahul Verma,Corporate,Mechanical Keyboard,Technology,Accessories,North,Amritsar,3,71.51,0.05,203.82,25.65,UPI,2024,Dec,12,Q4,12.58,,
ORD01897,2024-12-22,Kiara Desai,Corporate,Dell 24-inch Monitor,Technology,Monitors,East,Kolkata,1,166.15,0.25,124.61,-3.78,Credit Card,2024,Dec,12,Q4,-3.03,,
ORD02151,2024-12-22,Aditya Rao,Corporate,USB-C Hub,Technology,Accessories,East,Bhubaneswar,1,36.61,0.2,29.29,3.5,Debit Card,2024,Dec,12,Q4,11.95,,
ORD03114,2024-12-22,Kiara Desai,Consumer,Ergonomic Office Chair,Furniture,Chairs,West,Ahmedabad,3,136.07,0.3,285.75,0.93,Credit Card,2024,Dec,12,Q4,0.33,,
ORD03611,2024-12-22,Neel Malhotra,Consumer,Bookshelf,Furniture,Storage,West,Surat,2,116.62,0.25,174.92,11.27,UPI,2024,Dec,12,Q4,6.44,,
ORD04353,2024-12-22,Aisha Khan,Corporate,Logitech Wireless Mouse,Technology,Accessories,North,Lucknow,4,28.94,0.0,115.76,24.51,Credit Card,2024,Dec,12,Q4,21.17,,
ORD04848,2024-12-22,Meera Joshi,Consumer,Lenovo IdeaPad 3,Technology,Laptops,South,Chennai,6,518.23,0.25,2332.03,66.92,Debit Card,2024,Dec,12,Q4,2.87,,
ORD00365,2024-12-23,Aisha Khan,Consumer,Logitech Wireless Mouse,Technology,Accessories,North,Amritsar,1,28.88,0.2,23.11,1.96,Net Banking,2024,Dec,12,Q4,8.48,,
ORD02451,2024-12-23,Aditya Rao,Consumer,HP Pavilion 15,Technology,Laptops,East,Guwahati,4,663.31,0.3,1857.26,-117.54,Credit Card,2024,Dec,12,Q4,-6.33,,
ORD01292,2024-12-24,Aditya Rao,Small Business,Ergonomic Office Chair,Furniture,Chairs,North,Delhi,1,148.86,0.0,148.86,22.6,UPI,2024,Dec,12,Q4,15.18,,
ORD01719,2024-12-24,Meera Joshi,Consumer,HP Pavilion 15,Technology,Laptops,South,Coimbatore,3,646.91,0.15,1649.62,91.28,Net Banking,2024,Dec,12,Q4,5.53,,
ORD03411,2024-12-24,Riya Kulkarni,Consumer,Conference Table,Furniture,Tables,West,Pune,1,398.7,0.2,318.96,-5.7,Debit Card,2024,Dec,12,Q4,-1.79,,
ORD03423,2024-12-24,Neel Malhotra,Corporate,Ring Binder,Office Supplies,Binders,East,Bhubaneswar,6,7.12,0.1,38.47,7.05,Debit Card,2024,Dec,12,Q4,18.33,,
ORD04102,2024-12-24,Aisha Khan,Consumer,Study Desk,Furniture,Tables,North,Jaipur,2,188.49,0.2,301.58,-6.3,Credit Card,2024,Dec,12,Q4,-2.09,,
ORD04468,2024-12-24,Rohan Patel,Consumer,Ring Binder,Office Supplies,Binders,South,Bengaluru,1,7.41,0.1,6.67,1.53,UPI,2024,Dec,12,Q4,22.94,,
ORD04767,2024-12-24,Kunal Bansal,Consumer,Apple iPhone 13,Technology,Phones,West,Surat,5,652.86,0.15,2774.67,5.02,Debit Card,2024,Dec,12,Q4,0.18,,
ORD00158,2024-12-25,Neel Malhotra,Consumer,Ergonomic Office Chair,Furniture,Chairs,North,Jaipur,5,152.73,0.25,572.74,20.25,Debit Card,2024,Dec,12,Q4,3.54,,
ORD01011,2024-12-25,Kabir Shah,Consumer,Logitech Wireless Mouse,Technology,Accessories,West,Ahmedabad,4,26.55,0.25,79.65,5.53,Debit Card,2024,Dec,12,Q4,6.94,,
ORD01025,2024-12-25,Sana Kapoor,Consumer,Stapler,Office Supplies,Stationery,South,Kochi,2,9.42,0.2,15.07,2.32,Cash,2024,Dec,12,Q4,15.39,,
ORD01917,2024-12-25,Meera Joshi,Consumer,Mechanical Keyboard,Technology,Accessories,East,Patna,2,76.3,0.15,129.71,12.45,Credit Card,2024,Dec,12,Q4,9.6,,
ORD03083,2024-12-25,Rohan Patel,Corporate,HP Laser Printer,Technology,Printers,West,Ahmedabad,4,195.62,0.2,625.98,3.64,UPI,2024,Dec,12,Q4,0.58,,
ORD04363,2024-12-25,Aisha Khan,Corporate,Bookshelf,Furniture,Storage,North,Delhi,5,109.46,0.0,547.32,94.62,Debit Card,2024,Dec,12,Q4,17.29,,
ORD04675,2024-12-25,Aditya Rao,Small Business,Logitech Wireless Mouse,Technology,Accessories,West,Surat,1,26.44,0.05,25.11,2.8,Credit Card,2024,Dec,12,Q4,11.15,,
ORD02857,2024-12-26,Aisha Khan,Small Business,Dell 24-inch Monitor,Technology,Monitors,East,Ranchi,2,184.75,0.05,351.03,45.98,Debit Card,2024,Dec,12,Q4,13.1,,
ORD03919,2024-12-26,Aisha Khan,Corporate,Ergonomic Office Chair,Furniture,Chairs,South,Kochi,2,136.74,0.2,218.79,1.36,Credit Card,2024,Dec,12,Q4,0.62,,
ORD04454,2024-12-26,Aarav Mehta,Corporate,Stapler,Office Supplies,Stationery,East,Bhubaneswar,2,9.28,0.05,17.63,4.08,Credit Card,2024,Dec,12,Q4,23.14,,
ORD04566,2024-12-26,Tara Menon,Consumer,Dell 24-inch Monitor,Technology,Monitors,South,Kochi,4,176.21,0.1,634.34,35.46,UPI,2024,Dec,12,Q4,5.59,,
ORD00078,2024-12-27,Neel Malhotra,Consumer,Logitech Wireless Mouse,Technology,Accessories,North,Lucknow,2,28.11,0.0,56.22,10.07,Debit Card,2024,Dec,12,Q4,17.91,,
ORD00186,2024-12-27,Tara Menon,Corporate,Notebook Pack,Office Supplies,Stationery,South,Coimbatore,8,12.54,0.3,70.22,4.19,UPI,2024,Dec,12,Q4,5.97,,
ORD03769,2024-12-27,Meera Joshi,Small Business,Conference Table,Furniture,Tables,South,Kochi,1,393.54,0.15,334.51,14.51,UPI,2024,Dec,12,Q4,4.34,,
ORD04865,2024-12-27,Neel Malhotra,Small Business,HP Laser Printer,Technology,Printers,West,Nagpur,2,214.08,0.25,321.13,5.8,Net Banking,2024,Dec,12,Q4,1.81,,
ORD00223,2024-12-28,Kunal Bansal,Consumer,USB-C Hub,Technology,Accessories,South,Kochi,1,33.31,0.05,31.64,3.62,Debit Card,2024,Dec,12,Q4,11.44,,
ORD01044,2024-12-28,Ananya Iyer,Consumer,Dell 24-inch Monitor,Technology,Monitors,South,Chennai,4,171.19,0.1,616.29,48.88,UPI,2024,Dec,12,Q4,7.93,,
ORD01121,2024-12-28,Aditya Rao,Small Business,Filing Cabinet,Furniture,Storage,West,Surat,1,90.29,0.2,72.24,1.83,Cash,2024,Dec,12,Q4,2.53,,
ORD01500,2024-12-28,Riya Kulkarni,Consumer,Ergonomic Office Chair,Furniture,Chairs,North,Amritsar,1,137.69,0.05,130.81,11.41,Cash,2024,Dec,12,Q4,8.72,,
ORD02200,2024-12-28,Riya Kulkarni,Consumer,HP Pavilion 15,Technology,Laptops,West,Nagpur,3,657.7,0.0,1973.11,229.92,UPI,2024,Dec,12,Q4,11.65,,
ORD03892,2024-12-28,Dev Agarwal,Corporate,Logitech Wireless Mouse,Technology,Accessories,North,Jaipur,2,26.88,0.0,53.76,8.76,UPI,2024,Dec,12,Q4,16.29,,
ORD04028,2024-12-28,Aditya Rao,Consumer,HP Pavilion 15,Technology,Laptops,West,Surat,4,666.09,0.1,2397.92,118.8,Credit Card,2024,Dec,12,Q4,4.95,,
ORD00081,2024-12-29,Rohan Patel,Consumer,A4 Copy Paper,Office Supplies,Paper,South,Hyderabad,1,5.74,0.0,5.74,1.24,UPI,2024,Dec,12,Q4,21.6,,
ORD00824,2024-12-29,Riya Kulkarni,Small Business,Stapler,Office Supplies,Stationery,North,Lucknow,1,8.44,0.1,7.59,1.87,Credit Card,2024,Dec,12,Q4,24.64,,
ORD02438,2024-12-29,Maya Thomas,Corporate,Dell 24-inch Monitor,Technology,Monitors,North,Lucknow,4,184.83,0.15,628.43,35.53,Debit Card,2024,Dec,12,Q4,5.65,,
ORD02649,2024-12-29,Diya Sharma,Consumer,Bookshelf,Furniture,Storage,East,Ranchi,3,104.35,0.1,281.74,16.95,Credit Card,2024,Dec,12,Q4,6.02,,
ORD03281,2024-12-29,Aisha Khan,Consumer,Study Desk,Furniture,Tables,East,Kolkata,5,168.17,0.1,756.75,45.87,Debit Card,2024,Dec,12,Q4,6.06,,
ORD00054,2024-12-30,Ananya Iyer,Consumer,Study Desk,Furniture,Tables,West,Nagpur,8,171.89,0.15,1168.86,55.49,UPI,2024,Dec,12,Q4,4.75,,
ORD00411,2024-12-30,Aarav Mehta,Consumer,Desk Organizer,Office Supplies,Storage,East,Patna,3,13.33,0.1,36.0,6.85,UPI,2024,Dec,12,Q4,19.03,,
ORD02365,2024-12-30,Ishita Gupta,Corporate,Notebook Pack,Office Supplies,Stationery,East,Guwahati,4,11.31,0.25,33.92,4.05,Debit Card,2024,Dec,12,Q4,11.94,,
ORD04823,2024-12-30,Vivaan Singh,Small Business,Mechanical Keyboard,Technology,Accessories,East,Kolkata,4,69.95,0.2,223.85,19.95,UPI,2024,Dec,12,Q4,8.91,,
ORD02609,2024-12-31,Rahul Verma,Corporate,Bookshelf,Furniture,Storage,South,Hyderabad,3,109.73,0.0,329.19,55.59,UPI,2024,Dec,12,Q4,16.89,,
ORD02935,2024-12-31,Aarav Mehta,Consumer,Conference Table,Furniture,Tables,South,Bengaluru,3,403.12,0.15,1027.96,46.41,Cash,2024,Dec,12,Q4,4.51,,
ORD03807,2024-12-31,Kiara Desai,Consumer,Stapler,Office Supplies,Stationery,East,Patna,1,8.45,0.1,7.61,1.67,Net Banking,2024,Dec,12,Q4,21.94,,
ORD04537,2024-12-31,Aditya Rao,Consumer,Stapler,Office Supplies,Stationery,South,Chennai,2,9.23,0.25,13.84,1.27,UPI,2024,Dec,12,Q4,9.18,,
ORD01042,2025-01-01,Ishita Gupta,Consumer,Desk Organizer,Office Supplies,Storage,North,Amritsar,4,14.38,0.05,54.65,9.74,Credit Card,2025,Jan,1,Q1,17.82,,
ORD02602,2025-01-01,Aarav Mehta,Small Business,Apple iPhone 13,Technology,Phones,South,Kochi,3,686.58,0.15,1750.78,-26.5,Debit Card,2025,Jan,1,Q1,-1.51,,
ORD03360,2025-01-01,Kabir Shah,Small Business,Stapler,Office Supplies,Stationery,East,Guwahati,3,9.27,0.2,22.24,2.96,UPI,2025,Jan,1,Q1,13.31,,
ORD00061,2025-01-02,Aisha Khan,Consumer,Ball Pen Set,Office Supplies,Stationery,South,Hyderabad,2,8.54,0.0,17.08,4.67,Credit Card,2025,Jan,1,Q1,27.34,,
ORD01051,2025-01-02,Meera Joshi,Consumer,HP Laser Printer,Technology,Printers,East,Guwahati,10,201.98,0.15,1716.84,54.43,Net Banking,2025,Jan,1,Q1,3.17,,
ORD01361,2025-01-02,Kiara Desai,Consumer,A4 Copy Paper,Office Supplies,Paper,North,Chandigarh,1,5.67,0.15,4.82,0.77,Net Banking,2025,Jan,1,Q1,15.98,,
ORD03625,2025-01-02,Sana Kapoor,Corporate,Ring Binder,Office Supplies,Binders,West,Mumbai,1,7.2,0.15,6.12,1.51,Net Banking,2025,Jan,1,Q1,24.67,,
ORD03906,2025-01-02,Ishita Gupta,Corporate,Ring Binder,Office Supplies,Binders,South,Coimbatore,1,7.32,0.0,7.32,1.89,Credit Card,2025,Jan,1,Q1,25.82,,
ORD04696,2025-01-02,Tara Menon,Consumer,A4 Copy Paper,Office Supplies,Paper,North,Amritsar,1,6.27,0.15,5.33,0.76,Net Banking,2025,Jan,1,Q1,14.26,,
ORD04918,2025-01-02,Arjun Nair,Consumer,Ergonomic Office Chair,Furniture,Chairs,South,Kochi,2,144.96,0.05,275.43,18.35,Cash,2025,Jan,1,Q1,6.66,,
ORD01308,2025-01-03,Vivaan Singh,Corporate,Apple iPhone 13,Technology,Phones,North,Lucknow,1,648.74,0.1,583.87,25.49,UPI,2025,Jan,1,Q1,4.37,,
ORD04052,2025-01-03,Tara Menon,Consumer,Apple iPhone 13,Technology,Phones,East,Kolkata,4,666.87,0.2,2134.0,-57.05,Credit Card,2025,Jan,1,Q1,-2.67,,
ORD00040,2025-01-04,Meera Joshi,Consumer,Stapler,Office Supplies,Stationery,North,Jaipur,4,9.21,0.15,31.31,4.59,UPI,2025,Jan,1,Q1,14.66,,
ORD00566,2025-01-04,Diya Sharma,Consumer,Stapler,Office Supplies,Stationery,West,Surat,8,8.4,0.0,67.23,16.09,Net Banking,2025,Jan,1,Q1,23.93,,
ORD03708,2025-01-04,Aditya Rao,Corporate,USB-C Hub,Technology,Accessories,South,Kochi,1,37.37,0.1,33.64,5.27,UPI,2025,Jan,1,Q1,15.67,,
ORD00368,2025-01-06,Kabir Shah,Small Business,A4 Copy Paper,Office Supplies,Paper,South,Hyderabad,4,5.95,0.15,20.23,2.51,Net Banking,2025,Jan,1,Q1,12.41,,
ORD00653,2025-01-06,Dev Agarwal,Corporate,Bookshelf,Furniture,Storage,South,Coimbatore,1,115.28,0.2,92.22,6.58,UPI,2025,Jan,1,Q1,7.14,,
ORD01501,2025-01-06,Aditya Rao,Consumer,USB-C Hub,Technology,Accessories,North,Chandigarh,4,36.6,0.15,124.46,16.33,Cash,2025,Jan,1,Q1,13.12,,
ORD02688,2025-01-06,Kunal Bansal,Consumer,Study Desk,Furniture,Tables,South,Bengaluru,4,186.65,0.1,671.94,34.64,Credit Card,2025,Jan,1,Q1,5.16,,
ORD00156,2025-01-07,Riya Kulkarni,Consumer,Conference Table,Furniture,Tables,South,Kochi,1,401.44,0.15,341.22,-4.28,Credit Card,2025,Jan,1,Q1,-1.25,,
ORD01140,2025-01-07,Neel Malhotra,Corporate,HP Pavilion 15,Technology,Laptops,South,Coimbatore,1,715.98,0.1,644.38,17.73,Debit Card,2025,Jan,1,Q1,2.75,,
ORD03172,2025-01-07,Ishita Gupta,Consumer,Bookshelf,Furniture,Storage,West,Surat,2,112.78,0.05,214.28,21.36,Net Banking,2025,Jan,1,Q1,9.97,,
ORD03346,2025-01-07,Arjun Nair,Consumer,Logitech Wireless Mouse,Technology,Accessories,North,Delhi,2,29.66,0.15,50.43,5.0,Credit Card,2025,Jan,1,Q1,9.91,,
ORD03628,2025-01-07,Sana Kapoor,Small Business,Dell 24-inch Monitor,Technology,Monitors,North,Delhi,2,179.69,0.25,269.53,-9.65,UPI,2025,Jan,1,Q1,-3.58,,
ORD04585,2025-01-07,Rahul Verma,Consumer,A4 Copy Paper,Office Supplies,Paper,North,Delhi,3,5.94,0.15,15.16,1.98,Debit Card,2025,Jan,1,Q1,13.06,,
ORD01466,2025-01-08,Aisha Khan,Corporate,Dell 24-inch Monitor,Technology,Monitors,North,Amritsar,8,176.67,0.0,1413.32,215.7,Debit Card,2025,Jan,1,Q1,15.26,,
ORD02914,2025-01-08,Riya Kulkarni,Small Business,Ring Binder,Office Supplies,Binders,West,Mumbai,1,7.13,0.0,7.13,1.59,Credit Card,2025,Jan,1,Q1,22.3,,
ORD03118,2025-01-08,Riya Kulkarni,Consumer,Lenovo IdeaPad 3,Technology,Laptops,North,Chandigarh,4,553.46,0.0,2213.86,312.45,Credit Card,2025,Jan,1,Q1,14.11,,
ORD01992,2025-01-09,Tara Menon,Consumer,Logitech Wireless Mouse,Technology,Accessories,East,Patna,1,26.14,0.0,26.14,4.66,UPI,2025,Jan,1,Q1,17.83,,
ORD02759,2025-01-09,Maya Thomas,Consumer,Notebook Pack,Office Supplies,Stationery,East,Guwahati,1,11.67,0.3,8.17,0.77,Debit Card,2025,Jan,1,Q1,9.42,,
ORD02924,2025-01-09,Kiara Desai,Consumer,A4 Copy Paper,Office Supplies,Paper,East,Ranchi,1,6.04,0.2,4.83,0.32,UPI,2025,Jan,1,Q1,6.63,,
ORD00712,2025-01-10,Dev Agarwal,Consumer,Mechanical Keyboard,Technology,Accessories,South,Kochi,1,72.77,0.1,65.5,4.81,UPI,2025,Jan,1,Q1,7.34,,
ORD01056,2025-01-10,Ishita Gupta,Corporate,Bookshelf,Furniture,Storage,North,Lucknow,2,109.48,0.05,208.02,20.03,Debit Card,2025,Jan,1,Q1,9.63,,
ORD01805,2025-01-10,Rohan Patel,Small Business,Desk Organizer,Office Supplies,Storage,South,Chennai,3,13.3,0.2,31.91,5.97,UPI,2025,Jan,1,Q1,18.71,,
ORD02085,2025-01-10,Ananya Iyer,Consumer,Desk Organizer,Office Supplies,Storage,South,Hyderabad,3,13.35,0.15,34.04,4.46,Cash,2025,Jan,1,Q1,13.1,,
ORD04613,2025-01-10,Rohan Patel,Corporate,Mechanical Keyboard,Technology,Accessories,East,Kolkata,3,68.71,0.3,144.29,-1.04,UPI,2025,Jan,1,Q1,-0.72,,
ORD00637,2025-01-11,Kabir Shah,Consumer,Mechanical Keyboard,Technology,Accessories,North,Lucknow,1,69.62,0.1,62.66,8.26,Net Banking,2025,Jan,1,Q1,13.18,,
ORD02768,2025-01-11,Rahul Verma,Consumer,Notebook Pack,Office Supplies,Stationery,South,Hyderabad,2,11.96,0.1,21.53,4.26,Debit Card,2025,Jan,1,Q1,19.79,,
ORD03863,2025-01-11,Rahul Verma,Consumer,Study Desk,Furniture,Tables,South,Bengaluru,3,169.75,0.15,432.86,22.84,Credit Card,2025,Jan,1,Q1,5.28,,
ORD04554,2025-01-11,Kiara Desai,Consumer,Filing Cabinet,Furniture,Storage,South,Hyderabad,5,89.56,0.0,447.79,53.44,UPI,2025,Jan,1,Q1,11.93,,
ORD01219,2025-01-12,Arjun Nair,Corporate,HP Pavilion 15,Technology,Laptops,South,Bengaluru,2,685.19,0.25,1027.78,8.75,UPI,2025,Jan,1,Q1,0.85,,
ORD03106,2025-01-12,Kunal Bansal,Small Business,Ring Binder,Office Supplies,Binders,North,Amritsar,1,6.82,0.0,6.82,2.08,Debit Card,2025,Jan,1,Q1,30.5,,
ORD03487,2025-01-12,Neel Malhotra,Consumer,Filing Cabinet,Furniture,Storage,South,Bengaluru,1,91.23,0.0,91.23,13.35,Credit Card,2025,Jan,1,Q1,14.63,,
ORD00649,2025-01-13,Riya Kulkarni,Consumer,Notebook Pack,Office Supplies,Stationery,North,Lucknow,2,11.89,0.25,17.83,1.74,Credit Card,2025,Jan,1,Q1,9.76,,
ORD00834,2025-01-13,Rohan Patel,Consumer,Ergonomic Office Chair,Furniture,Chairs,South,Kochi,5,137.82,0.15,585.72,20.89,Debit Card,2025,Jan,1,Q1,3.57,,
ORD03227,2025-01-13,Maya Thomas,Small Business,A4 Copy Paper,Office Supplies,Paper,West,Pune,10,6.39,0.05,60.75,12.05,Cash,2025,Jan,1,Q1,19.84,,
ORD00208,2025-01-14,Arjun Nair,Consumer,Samsung Galaxy A54,Technology,Phones,West,Surat,3,318.92,0.2,765.4,9.25,UPI,2025,Jan,1,Q1,1.21,,
ORD01017,2025-01-14,Meera Joshi,Corporate,HP Laser Printer,Technology,Printers,South,Coimbatore,4,212.32,0.05,806.82,49.24,Net Banking,2025,Jan,1,Q1,6.1,,
ORD01603,2025-01-14,Ananya Iyer,Consumer,Samsung Galaxy A54,Technology,Phones,South,Hyderabad,5,322.3,0.15,1369.76,53.14,Debit Card,2025,Jan,1,Q1,3.88,,
ORD01695,2025-01-14,Kabir Shah,Consumer,HP Pavilion 15,Technology,Laptops,East,Guwahati,1,649.39,0.2,519.51,-7.67,Net Banking,2025,Jan,1,Q1,-1.48,,
ORD02562,2025-01-14,Meera Joshi,Corporate,USB-C Hub,Technology,Accessories,East,Bhubaneswar,2,34.62,0.05,65.77,10.58,Credit Card,2025,Jan,1,Q1,16.09,,
ORD03175,2025-01-14,Maya Thomas,Corporate,HP Laser Printer,Technology,Printers,West,Ahmedabad,1,201.61,0.15,171.37,11.43,Debit Card,2025,Jan,1,Q1,6.67,,
ORD03359,2025-01-14,Aditya Rao,Consumer,Ergonomic Office Chair,Furniture,Chairs,South,Bengaluru,1,142.95,0.05,135.8,12.87,Credit Card,2025,Jan,1,Q1,9.48,,
ORD04581,2025-01-14,Kunal Bansal,Corporate,Logitech Wireless Mouse,Technology,Accessories,East,Bhubaneswar,3,28.16,0.2,67.58,5.42,Credit Card,2025,Jan,1,Q1,8.02,,
ORD02462,2025-01-15,Dev Agarwal,Consumer,Bookshelf,Furniture,Storage,South,Kochi,2,114.1,0.1,205.37,18.96,Net Banking,2025,Jan,1,Q1,9.23,,
ORD02822,2025-01-15,Kunal Bansal,Consumer,Logitech Wireless Mouse,Technology,Accessories,East,Guwahati,2,26.64,0.25,39.96,2.42,Net Banking,2025,Jan,1,Q1,6.06,,
ORD03447,2025-01-15,Riya Kulkarni,Small Business,Stapler,Office Supplies,Stationery,North,Amritsar,1,9.02,0.2,7.22,1.06,Credit Card,2025,Jan,1,Q1,14.68,,
ORD04217,2025-01-15,Tara Menon,Consumer,Ergonomic Office Chair,Furniture,Chairs,East,Bhubaneswar,3,140.85,0.0,422.55,56.21,UPI,2025,Jan,1,Q1,13.3,,
ORD01234,2025-01-16,Tara Menon,Corporate,USB-C Hub,Technology,Accessories,North,Jaipur,1,34.64,0.15,29.44,3.43,Debit Card,2025,Jan,1,Q1,11.65,,
ORD02083,2025-01-16,Diya Sharma,Consumer,A4 Copy Paper,Office Supplies,Paper,South,Coimbatore,2,6.34,0.2,10.14,1.34,Debit Card,2025,Jan,1,Q1,13.21,,
ORD02799,2025-01-16,Meera Joshi,Small Business,Dell 24-inch Monitor,Technology,Monitors,West,Pune,3,175.67,0.05,500.67,55.7,Debit Card,2025,Jan,1,Q1,11.13,,
ORD03664,2025-01-16,Meera Joshi,Corporate,Desk Organizer,Office Supplies,Storage,North,Delhi,3,13.93,0.05,39.7,6.73,UPI,2025,Jan,1,Q1,16.95,,
ORD00275,2025-01-17,Aarav Mehta,Small Business,Study Desk,Furniture,Tables,West,Pune,2,183.59,0.25,275.38,-13.43,Credit Card,2025,Jan,1,Q1,-4.88,,
ORD01316,2025-01-17,Rahul Verma,Corporate,A4 Copy Paper,Office Supplies,Paper,South,Kochi,3,6.02,0.05,17.14,3.39,Credit Card,2025,Jan,1,Q1,19.78,,
ORD03773,2025-01-17,Diya Sharma,Consumer,Apple iPhone 13,Technology,Phones,South,Bengaluru,3,632.77,0.2,1518.64,-24.73,Net Banking,2025,Jan,1,Q1,-1.63,,
ORD04878,2025-01-17,Meera Joshi,Consumer,HP Laser Printer,Technology,Printers,North,Lucknow,1,201.89,0.0,201.89,34.4,UPI,2025,Jan,1,Q1,17.04,,
ORD01596,2025-01-18,Neel Malhotra,Consumer,Ball Pen Set,Office Supplies,Stationery,West,Ahmedabad,10,8.09,0.25,60.71,9.8,Net Banking,2025,Jan,1,Q1,16.14,,
ORD03509,2025-01-18,Diya Sharma,Consumer,Logitech Wireless Mouse,Technology,Accessories,North,Lucknow,2,27.57,0.0,55.15,9.46,Debit Card,2025,Jan,1,Q1,17.15,,
ORD04528,2025-01-18,Diya Sharma,Small Business,Samsung Galaxy A54,Technology,Phones,South,Hyderabad,6,314.33,0.3,1320.19,-105.48,Credit Card,2025,Jan,1,Q1,-7.99,,
ORD04812,2025-01-18,Riya Kulkarni,Consumer,Stapler,Office Supplies,Stationery,South,Coimbatore,4,9.36,0.05,35.58,7.16,Credit Card,2025,Jan,1,Q1,20.12,,
ORD00049,2025-01-19,Ishita Gupta,Consumer,Filing Cabinet,Furniture,Storage,South,Coimbatore,4,90.86,0.1,327.1,35.39,Cash,2025,Jan,1,Q1,10.82,,
ORD00848,2025-01-19,Kabir Shah,Consumer,Ball Pen Set,Office Supplies,Stationery,North,Lucknow,2,8.21,0.3,11.5,1.57,Debit Card,2025,Jan,1,Q1,13.65,,
ORD02411,2025-01-19,Vivaan Singh,Corporate,Ergonomic Office Chair,Furniture,Chairs,North,Delhi,3,142.51,0.0,427.52,64.11,UPI,2025,Jan,1,Q1,15.0,,
ORD03841,2025-01-19,Kiara Desai,Small Business,HP Pavilion 15,Technology,Laptops,East,Guwahati,5,707.93,0.2,2831.7,72.2,UPI,2025,Jan,1,Q1,2.55,,
ORD04737,2025-01-19,Aisha Khan,Consumer,A4 Copy Paper,Office Supplies,Paper,North,Lucknow,2,6.07,0.05,11.53,1.83,Debit Card,2025,Jan,1,Q1,15.87,,
ORD04833,2025-01-19,Aisha Khan,Consumer,Ball Pen Set,Office Supplies,Stationery,West,Nagpur,8,7.6,0.0,60.83,20.38,Debit Card,2025,Jan,1,Q1,33.5,,
ORD04909,2025-01-19,Dev Agarwal,Consumer,Notebook Pack,Office Supplies,Stationery,North,Delhi,6,11.94,0.2,57.3,9.94,Net Banking,2025,Jan,1,Q1,17.35,,
ORD00030,2025-01-20,Rohan Patel,Corporate,Conference Table,Furniture,Tables,North,Jaipur,5,394.25,0.1,1774.14,83.45,Debit Card,2025,Jan,1,Q1,4.7,,
ORD00755,2025-01-20,Ishita Gupta,Small Business,Filing Cabinet,Furniture,Storage,North,Lucknow,1,99.45,0.15,84.53,4.35,UPI,2025,Jan,1,Q1,5.15,,
ORD01806,2025-01-20,Rohan Patel,Consumer,Dell 24-inch Monitor,Technology,Monitors,East,Patna,3,177.61,0.05,506.18,49.57,UPI,2025,Jan,1,Q1,9.79,,
ORD02502,2025-01-20,Neel Malhotra,Small Business,Stapler,Office Supplies,Stationery,South,Hyderabad,2,9.47,0.3,13.26,0.89,Net Banking,2025,Jan,1,Q1,6.71,,
ORD04552,2025-01-20,Kiara Desai,Consumer,Ring Binder,Office Supplies,Binders,North,Jaipur,1,6.93,0.15,5.89,0.95,Credit Card,2025,Jan,1,Q1,16.13,,
ORD02835,2025-01-21,Kunal Bansal,Consumer,Stapler,Office Supplies,Stationery,North,Jaipur,1,9.5,0.05,9.02,1.77,UPI,2025,Jan,1,Q1,19.62,,
ORD02927,2025-01-21,Kiara Desai,Consumer,Ring Binder,Office Supplies,Binders,South,Coimbatore,1,7.3,0.0,7.3,1.95,Debit Card,2025,Jan,1,Q1,26.71,,
ORD00890,2025-01-22,Kabir Shah,Consumer,Notebook Pack,Office Supplies,Stationery,South,Kochi,10,11.95,0.05,113.5,23.39,Debit Card,2025,Jan,1,Q1,20.61,,
ORD03704,2025-01-22,Diya Sharma,Consumer,Apple iPhone 13,Technology,Phones,South,Hyderabad,1,629.39,0.05,597.92,33.52,UPI,2025,Jan,1,Q1,5.61,,
ORD04220,2025-01-22,Maya Thomas,Consumer,Ring Binder,Office Supplies,Binders,East,Guwahati,1,7.43,0.1,6.69,1.35,Net Banking,2025,Jan,1,Q1,20.18,,
ORD04790,2025-01-22,Maya Thomas,Small Business,Stapler,Office Supplies,Stationery,South,Coimbatore,2,8.7,0.0,17.39,4.55,Net Banking,2025,Jan,1,Q1,26.16,,
ORD00318,2025-01-23,Kiara Desai,Consumer,Bookshelf,Furniture,Storage,North,Chandigarh,1,110.81,0.1,99.73,9.14,Credit Card,2025,Jan,1,Q1,9.16,,
ORD01068,2025-01-23,Dev Agarwal,Small Business,Samsung Galaxy A54,Technology,Phones,South,Kochi,3,308.43,0.0,925.28,105.08,Net Banking,2025,Jan,1,Q1,11.36,,
ORD02366,2025-01-23,Ishita Gupta,Consumer,Conference Table,Furniture,Tables,South,Hyderabad,1,419.65,0.1,377.69,7.16,Credit Card,2025,Jan,1,Q1,1.9,,
ORD03386,2025-01-23,Neel Malhotra,Consumer,HP Laser Printer,Technology,Printers,North,Delhi,4,199.66,0.1,718.79,32.75,UPI,2025,Jan,1,Q1,4.56,,
ORD03819,2025-01-23,Aarav Mehta,Corporate,Dell 24-inch Monitor,Technology,Monitors,North,Delhi,5,185.79,0.1,836.05,83.77,Net Banking,2025,Jan,1,Q1,10.02,,
ORD03837,2025-01-23,Neel Malhotra,Corporate,Dell 24-inch Monitor,Technology,Monitors,West,Mumbai,1,169.13,0.0,169.13,16.33,UPI,2025,Jan,1,Q1,9.66,,
ORD04265,2025-01-23,Aditya Rao,Small Business,Study Desk,Furniture,Tables,West,Ahmedabad,2,176.59,0.1,317.87,31.8,Net Banking,2025,Jan,1,Q1,10.0,,
ORD00394,2025-01-24,Diya Sharma,Consumer,Filing Cabinet,Furniture,Storage,North,Delhi,6,99.09,0.25,445.91,13.35,Net Banking,2025,Jan,1,Q1,2.99,,
ORD01128,2025-01-24,Aarav Mehta,Corporate,Mechanical Keyboard,Technology,Accessories,East,Bhubaneswar,2,71.06,0.2,113.7,6.79,Credit Card,2025,Jan,1,Q1,5.97,,
ORD01788,2025-01-24,Rahul Verma,Consumer,Filing Cabinet,Furniture,Storage,North,Amritsar,4,91.02,0.0,364.09,53.13,Credit Card,2025,Jan,1,Q1,14.59,,
ORD04661,2025-01-24,Ananya Iyer,Corporate,USB-C Hub,Technology,Accessories,East,Guwahati,1,36.44,0.25,27.33,2.76,Credit Card,2025,Jan,1,Q1,10.1,,
ORD02787,2025-01-25,Meera Joshi,Corporate,Ball Pen Set,Office Supplies,Stationery,East,Ranchi,1,8.11,0.15,6.9,1.08,Net Banking,2025,Jan,1,Q1,15.65,,
ORD04099,2025-01-25,Arjun Nair,Consumer,Notebook Pack,Office Supplies,Stationery,West,Ahmedabad,10,12.51,0.2,100.07,10.08,Debit Card,2025,Jan,1,Q1,10.07,,
ORD00531,2025-01-26,Riya Kulkarni,Corporate,Conference Table,Furniture,Tables,East,Kolkata,6,408.54,0.1,2206.13,95.64,UPI,2025,Jan,1,Q1,4.34,,
ORD02010,2025-01-26,Maya Thomas,Small Business,Study Desk,Furniture,Tables,North,Lucknow,1,175.41,0.2,140.33,2.94,Cash,2025,Jan,1,Q1,2.1,,
ORD04300,2025-01-26,Kabir Shah,Small Business,Apple iPhone 13,Technology,Phones,East,Patna,2,657.08,0.25,985.62,-57.49,Credit Card,2025,Jan,1,Q1,-5.83,,
ORD01794,2025-01-27,Diya Sharma,Corporate,Ring Binder,Office Supplies,Binders,North,Lucknow,2,7.42,0.05,14.1,3.06,Credit Card,2025,Jan,1,Q1,21.7,,
ORD02701,2025-01-27,Tara Menon,Small Business,Mechanical Keyboard,Technology,Accessories,North,Delhi,1,71.86,0.15,61.08,6.18,Credit Card,2025,Jan,1,Q1,10.12,,
ORD03129,2025-01-27,Meera Joshi,Consumer,Mechanical Keyboard,Technology,Accessories,West,Nagpur,6,70.29,0.2,337.39,12.75,Debit Card,2025,Jan,1,Q1,3.78,,
ORD02336,2025-01-28,Kabir Shah,Consumer,USB-C Hub,Technology,Accessories,South,Chennai,3,35.31,0.05,100.64,17.04,Credit Card,2025,Jan,1,Q1,16.93,,
ORD04638,2025-01-28,Riya Kulkarni,Corporate,Notebook Pack,Office Supplies,Stationery,West,Pune,4,11.41,0.0,45.63,10.13,Debit Card,2025,Jan,1,Q1,22.2,,
ORD01359,2025-01-29,Kunal Bansal,Corporate,Study Desk,Furniture,Tables,North,Amritsar,4,187.49,0.3,524.96,-22.66,UPI,2025,Jan,1,Q1,-4.32,,
ORD01634,2025-01-29,Riya Kulkarni,Corporate,Dell 24-inch Monitor,Technology,Monitors,South,Chennai,3,181.18,0.15,462.01,24.82,UPI,2025,Jan,1,Q1,5.37,,
ORD02533,2025-01-29,Diya Sharma,Consumer,Dell 24-inch Monitor,Technology,Monitors,North,Jaipur,6,174.46,0.2,837.39,34.81,Cash,2025,Jan,1,Q1,4.16,,
ORD03166,2025-01-29,Arjun Nair,Consumer,Stapler,Office Supplies,Stationery,West,Surat,1,8.74,0.0,8.74,2.24,Net Banking,2025,Jan,1,Q1,25.63,,
ORD04148,2025-01-29,Kiara Desai,Small Business,Dell 24-inch Monitor,Technology,Monitors,North,Amritsar,3,183.23,0.2,439.75,22.26,Net Banking,2025,Jan,1,Q1,5.06,,
ORD04356,2025-01-30,Ishita Gupta,Small Business,Ergonomic Office Chair,Furniture,Chairs,East,Guwahati,3,135.25,0.25,304.32,-6.01,Net Banking,2025,Jan,1,Q1,-1.97,,
ORD04950,2025-01-30,Aarav Mehta,Corporate,Ball Pen Set,Office Supplies,Stationery,South,Coimbatore,3,8.13,0.2,19.51,3.59,UPI,2025,Jan,1,Q1,18.4,,
ORD02428,2025-01-31,Maya Thomas,Consumer,Ergonomic Office Chair,Furniture,Chairs,North,Jaipur,4,149.88,0.2,479.61,19.38,Debit Card,2025,Jan,1,Q1,4.04,,
ORD02786,2025-01-31,Kunal Bansal,Consumer,A4 Copy Paper,Office Supplies,Paper,South,Kochi,1,6.19,0.1,5.57,0.91,Net Banking,2025,Jan,1,Q1,16.34,,
ORD03399,2025-01-31,Aditya Rao,Small Business,Conference Table,Furniture,Tables,West,Surat,4,391.01,0.2,1251.23,36.67,Debit Card,2025,Jan,1,Q1,2.93,,
ORD03451,2025-01-31,Tara Menon,Consumer,USB-C Hub,Technology,Accessories,South,Kochi,1,36.55,0.1,32.9,3.96,Credit Card,2025,Jan,1,Q1,12.04,,
ORD04895,2025-01-31,Sana Kapoor,Corporate,HP Laser Printer,Technology,Printers,North,Delhi,2,222.56,0.25,333.84,-15.69,Debit Card,2025,Jan,1,Q1,-4.7,,
ORD00807,2025-02-01,Aditya Rao,Consumer,Ring Binder,Office Supplies,Binders,West,Pune,1,6.55,0.05,6.22,1.25,Credit Card,2025,Feb,2,Q1,20.1,,
ORD01988,2025-02-01,Tara Menon,Consumer,Ring Binder,Office Supplies,Binders,South,Bengaluru,1,7.43,0.05,7.06,1.48,Credit Card,2025,Feb,2,Q1,20.96,,
ORD02556,2025-02-01,Kabir Shah,Consumer,A4 Copy Paper,Office Supplies,Paper,North,Chandigarh,1,6.1,0.1,5.49,0.81,Credit Card,2025,Feb,2,Q1,14.75,,
ORD01804,2025-02-02,Neel Malhotra,Small Business,Stapler,Office Supplies,Stationery,West,Ahmedabad,1,8.99,0.25,6.74,0.52,UPI,2025,Feb,2,Q1,7.72,,
ORD02380,2025-02-02,Aarav Mehta,Corporate,Study Desk,Furniture,Tables,East,Kolkata,5,191.41,0.15,813.51,40.33,Debit Card,2025,Feb,2,Q1,4.96,,
ORD02813,2025-02-02,Riya Kulkarni,Consumer,Logitech Wireless Mouse,Technology,Accessories,North,Amritsar,2,27.69,0.05,52.62,7.86,Debit Card,2025,Feb,2,Q1,14.94,,
ORD03367,2025-02-02,Ishita Gupta,Corporate,Lenovo IdeaPad 3,Technology,Laptops,North,Lucknow,2,492.31,0.1,886.16,70.23,Credit Card,2025,Feb,2,Q1,7.93,,
ORD00211,2025-02-03,Rohan Patel,Consumer,A4 Copy Paper,Office Supplies,Paper,East,Ranchi,2,6.18,0.05,11.74,2.05,Debit Card,2025,Feb,2,Q1,17.46,,
ORD00333,2025-02-03,Kabir Shah,Consumer,Notebook Pack,Office Supplies,Stationery,West,Pune,1,11.47,0.2,9.18,0.98,Debit Card,2025,Feb,2,Q1,10.68,,
ORD03616,2025-02-03,Ananya Iyer,Small Business,Ring Binder,Office Supplies,Binders,South,Chennai,8,6.9,0.15,46.92,6.89,Credit Card,2025,Feb,2,Q1,14.68,,
ORD03963,2025-02-03,Aisha Khan,Small Business,Mechanical Keyboard,Technology,Accessories,West,Ahmedabad,3,72.6,0.0,217.79,35.86,UPI,2025,Feb,2,Q1,16.47,,
ORD03224,2025-02-04,Sana Kapoor,Small Business,Stapler,Office Supplies,Stationery,South,Chennai,4,8.62,0.3,24.14,2.45,UPI,2025,Feb,2,Q1,10.15,,
ORD04068,2025-02-04,Arjun Nair,Consumer,Ball Pen Set,Office Supplies,Stationery,West,Nagpur,3,8.52,0.2,20.46,3.47,Cash,2025,Feb,2,Q1,16.96,,
ORD04888,2025-02-04,Rahul Verma,Consumer,USB-C Hub,Technology,Accessories,West,Ahmedabad,3,36.79,0.2,88.3,6.55,Debit Card,2025,Feb,2,Q1,7.42,,
ORD00092,2025-02-05,Neel Malhotra,Small Business,Logitech Wireless Mouse,Technology,Accessories,South,Chennai,1,29.94,0.3,20.96,-0.73,UPI,2025,Feb,2,Q1,-3.48,,
ORD03262,2025-02-05,Ananya Iyer,Consumer,Study Desk,Furniture,Tables,West,Ahmedabad,4,178.27,0.05,677.42,85.98,Credit Card,2025,Feb,2,Q1,12.69,,
ORD04873,2025-02-05,Aditya Rao,Consumer,Dell 24-inch Monitor,Technology,Monitors,West,Ahmedabad,2,185.08,0.3,259.11,-12.09,Debit Card,2025,Feb,2,Q1,-4.67,,
ORD00004,2025-02-06,Arjun Nair,Consumer,Notebook Pack,Office Supplies,Stationery,South,Hyderabad,3,11.17,0.0,33.52,7.73,Credit Card,2025,Feb,2,Q1,23.06,,
ORD02435,2025-02-06,Kunal Bansal,Consumer,Notebook Pack,Office Supplies,Stationery,East,Kolkata,1,12.23,0.3,8.56,0.58,Net Banking,2025,Feb,2,Q1,6.78,,
ORD02577,2025-02-06,Ishita Gupta,Corporate,Mechanical Keyboard,Technology,Accessories,North,Chandigarh,1,75.33,0.1,67.8,7.43,UPI,2025,Feb,2,Q1,10.96,,
ORD02930,2025-02-06,Vivaan Singh,Consumer,HP Pavilion 15,Technology,Laptops,North,Delhi,3,633.14,0.0,1899.41,307.0,UPI,2025,Feb,2,Q1,16.16,,
ORD00433,2025-02-07,Neel Malhotra,Corporate,Ball Pen Set,Office Supplies,Stationery,North,Lucknow,3,8.41,0.2,20.18,2.78,UPI,2025,Feb,2,Q1,13.78,,
ORD00736,2025-02-07,Aditya Rao,Corporate,Conference Table,Furniture,Tables,East,Patna,2,398.64,0.0,797.27,62.16,UPI,2025,Feb,2,Q1,7.8,,
ORD03014,2025-02-07,Aisha Khan,Consumer,Lenovo IdeaPad 3,Technology,Laptops,East,Kolkata,5,494.59,0.0,2472.93,280.36,Cash,2025,Feb,2,Q1,11.34,,
ORD03790,2025-02-07,Arjun Nair,Consumer,Ball Pen Set,Office Supplies,Stationery,West,Surat,3,8.25,0.25,18.56,2.52,Debit Card,2025,Feb,2,Q1,13.58,,
ORD02261,2025-02-08,Tara Menon,Consumer,Ball Pen Set,Office Supplies,Stationery,South,Bengaluru,3,8.51,0.2,20.42,2.57,UPI,2025,Feb,2,Q1,12.59,,
ORD02758,2025-02-08,Kiara Desai,Corporate,Logitech Wireless Mouse,Technology,Accessories,North,Chandigarh,1,28.08,0.1,25.27,3.76,Cash,2025,Feb,2,Q1,14.88,,
ORD03392,2025-02-08,Tara Menon,Corporate,Study Desk,Furniture,Tables,West,Mumbai,3,189.46,0.0,568.38,100.61,Credit Card,2025,Feb,2,Q1,17.7,,
ORD00102,2025-02-09,Neel Malhotra,Consumer,USB-C Hub,Technology,Accessories,West,Surat,3,36.6,0.1,98.82,9.0,UPI,2025,Feb,2,Q1,9.11,,
ORD00466,2025-02-09,Kiara Desai,Small Business,Notebook Pack,Office Supplies,Stationery,West,Ahmedabad,2,12.01,0.0,24.02,6.73,Credit Card,2025,Feb,2,Q1,28.02,,
ORD04183,2025-02-09,Kabir Shah,Consumer,Mechanical Keyboard,Technology,Accessories,East,Bhubaneswar,1,74.03,0.25,55.52,0.11,Debit Card,2025,Feb,2,Q1,0.2,,
ORD04211,2025-02-09,Diya Sharma,Consumer,Notebook Pack,Office Supplies,Stationery,South,Bengaluru,2,12.69,0.25,19.04,1.83,Net Banking,2025,Feb,2,Q1,9.61,,
ORD00043,2025-02-10,Aisha Khan,Small Business,Ball Pen Set,Office Supplies,Stationery,East,Bhubaneswar,3,7.6,0.0,22.8,5.96,Credit Card,2025,Feb,2,Q1,26.14,,
ORD03194,2025-02-10,Aarav Mehta,Consumer,Stapler,Office Supplies,Stationery,North,Jaipur,4,8.51,0.15,28.93,4.17,UPI,2025,Feb,2,Q1,14.41,,
ORD03485,2025-02-10,Ishita Gupta,Consumer,Desk Organizer,Office Supplies,Storage,East,Patna,5,13.94,0.25,52.26,5.86,Net Banking,2025,Feb,2,Q1,11.21,,
ORD04280,2025-02-10,Rohan Patel,Corporate,Samsung Galaxy A54,Technology,Phones,East,Patna,4,301.08,0.3,843.02,-90.47,Cash,2025,Feb,2,Q1,-10.73,,
ORD04605,2025-02-10,Ananya Iyer,Corporate,Lenovo IdeaPad 3,Technology,Laptops,North,Jaipur,1,532.35,0.15,452.5,36.09,UPI,2025,Feb,2,Q1,7.98,,
ORD00674,2025-02-11,Aisha Khan,Small Business,Samsung Galaxy A54,Technology,Phones,South,Hyderabad,2,329.92,0.1,593.85,27.39,Net Banking,2025,Feb,2,Q1,4.61,,
ORD01060,2025-02-11,Meera Joshi,Corporate,Filing Cabinet,Furniture,Storage,West,Mumbai,4,94.7,0.05,359.86,28.08,Net Banking,2025,Feb,2,Q1,7.8,,
ORD03212,2025-02-11,Meera Joshi,Consumer,Conference Table,Furniture,Tables,South,Kochi,2,448.22,0.0,896.44,93.48,Debit Card,2025,Feb,2,Q1,10.43,,
ORD00491,2025-02-12,Aisha Khan,Consumer,Study Desk,Furniture,Tables,East,Guwahati,2,186.89,0.1,336.4,19.38,Credit Card,2025,Feb,2,Q1,5.76,,
ORD00597,2025-02-13,Diya Sharma,Corporate,Bookshelf,Furniture,Storage,West,Mumbai,4,105.77,0.1,380.78,36.02,Net Banking,2025,Feb,2,Q1,9.46,,
ORD02284,2025-02-14,Rohan Patel,Consumer,Samsung Galaxy A54,Technology,Phones,West,Mumbai,5,322.63,0.1,1451.85,76.89,Credit Card,2025,Feb,2,Q1,5.3,,
ORD04062,2025-02-14,Ananya Iyer,Consumer,Ring Binder,Office Supplies,Binders,South,Kochi,1,7.13,0.1,6.42,1.34,UPI,2025,Feb,2,Q1,20.87,,
ORD04560,2025-02-14,Ishita Gupta,Consumer,Ring Binder,Office Supplies,Binders,East,Guwahati,1,6.82,0.15,5.8,1.04,Credit Card,2025,Feb,2,Q1,17.93,,
ORD04993,2025-02-14,Sana Kapoor,Consumer,Apple iPhone 13,Technology,Phones,West,Nagpur,5,657.63,0.1,2959.34,129.13,Credit Card,2025,Feb,2,Q1,4.36,,
ORD02911,2025-02-15,Tara Menon,Consumer,Stapler,Office Supplies,Stationery,East,Bhubaneswar,3,9.41,0.0,28.24,6.77,Net Banking,2025,Feb,2,Q1,23.97,,
ORD03275,2025-02-15,Aarav Mehta,Small Business,Ring Binder,Office Supplies,Binders,West,Mumbai,3,7.36,0.15,18.77,3.66,Debit Card,2025,Feb,2,Q1,19.5,,
ORD03777,2025-02-15,Kunal Bansal,Consumer,Bookshelf,Furniture,Storage,East,Guwahati,1,109.08,0.1,98.18,12.92,Net Banking,2025,Feb,2,Q1,13.16,,
ORD04824,2025-02-15,Rahul Verma,Consumer,Ball Pen Set,Office Supplies,Stationery,West,Pune,10,7.75,0.1,69.78,15.84,Debit Card,2025,Feb,2,Q1,22.7,,
ORD00055,2025-02-16,Rohan Patel,Consumer,Notebook Pack,Office Supplies,Stationery,North,Lucknow,1,11.25,0.2,9.0,1.51,Credit Card,2025,Feb,2,Q1,16.78,,
ORD00532,2025-02-16,Diya Sharma,Consumer,Dell 24-inch Monitor,Technology,Monitors,South,Coimbatore,3,164.78,0.1,444.91,22.02,Credit Card,2025,Feb,2,Q1,4.95,,
ORD01421,2025-02-16,Aditya Rao,Corporate,Filing Cabinet,Furniture,Storage,South,Coimbatore,1,98.73,0.3,69.11,-3.28,Cash,2025,Feb,2,Q1,-4.75,,
ORD01534,2025-02-16,Maya Thomas,Small Business,Ring Binder,Office Supplies,Binders,North,Amritsar,6,7.45,0.15,38.0,6.13,UPI,2025,Feb,2,Q1,16.13,,
ORD02227,2025-02-16,Tara Menon,Corporate,Study Desk,Furniture,Tables,West,Nagpur,2,173.09,0.2,276.94,23.41,Debit Card,2025,Feb,2,Q1,8.45,,
ORD03482,2025-02-16,Riya Kulkarni,Corporate,Lenovo IdeaPad 3,Technology,Laptops,South,Bengaluru,1,502.08,0.1,451.87,26.77,Debit Card,2025,Feb,2,Q1,5.92,,
ORD03535,2025-02-16,Kunal Bansal,Corporate,Ring Binder,Office Supplies,Binders,South,Hyderabad,3,7.35,0.0,22.05,4.96,Net Banking,2025,Feb,2,Q1,22.49,,
ORD03848,2025-02-16,Aarav Mehta,Corporate,Study Desk,Furniture,Tables,South,Chennai,4,175.67,0.0,702.68,107.42,Debit Card,2025,Feb,2,Q1,15.29,,
ORD03903,2025-02-16,Arjun Nair,Consumer,Stapler,Office Supplies,Stationery,East,Guwahati,2,9.27,0.0,18.54,4.44,Debit Card,2025,Feb,2,Q1,23.95,,
ORD01387,2025-02-17,Aditya Rao,Corporate,Bookshelf,Furniture,Storage,North,Lucknow,4,106.53,0.15,362.21,19.88,Net Banking,2025,Feb,2,Q1,5.49,,
ORD03036,2025-02-17,Aditya Rao,Consumer,Ergonomic Office Chair,Furniture,Chairs,West,Pune,2,143.72,0.05,273.07,14.38,UPI,2025,Feb,2,Q1,5.27,,
ORD03859,2025-02-17,Rohan Patel,Consumer,A4 Copy Paper,Office Supplies,Paper,North,Delhi,5,6.25,0.1,28.13,3.77,Credit Card,2025,Feb,2,Q1,13.4,,
ORD02739,2025-02-18,Rohan Patel,Consumer,Notebook Pack,Office Supplies,Stationery,South,Chennai,2,11.89,0.1,21.41,4.46,Credit Card,2025,Feb,2,Q1,20.83,,
ORD03512,2025-02-18,Kiara Desai,Corporate,HP Laser Printer,Technology,Printers,South,Hyderabad,1,216.58,0.15,184.1,5.09,Debit Card,2025,Feb,2,Q1,2.76,,
ORD04172,2025-02-18,Maya Thomas,Consumer,HP Laser Printer,Technology,Printers,West,Nagpur,8,208.24,0.25,1249.44,-48.76,UPI,2025,Feb,2,Q1,-3.9,,
ORD00800,2025-02-19,Rahul Verma,Consumer,A4 Copy Paper,Office Supplies,Paper,West,Surat,3,6.29,0.05,17.92,4.12,Cash,2025,Feb,2,Q1,22.99,,
ORD01410,2025-02-19,Tara Menon,Corporate,Ergonomic Office Chair,Furniture,Chairs,North,Chandigarh,1,153.37,0.0,153.37,18.98,Net Banking,2025,Feb,2,Q1,12.38,,
ORD03323,2025-02-19,Rahul Verma,Consumer,Conference Table,Furniture,Tables,East,Guwahati,3,420.29,0.15,1071.75,11.83,Cash,2025,Feb,2,Q1,1.1,,
ORD01525,2025-02-20,Vivaan Singh,Consumer,Ergonomic Office Chair,Furniture,Chairs,East,Ranchi,2,150.33,0.25,225.49,2.29,UPI,2025,Feb,2,Q1,1.02,,
ORD02292,2025-02-20,Arjun Nair,Consumer,Notebook Pack,Office Supplies,Stationery,South,Bengaluru,4,11.99,0.05,45.55,11.4,Credit Card,2025,Feb,2,Q1,25.03,,
ORD02920,2025-02-20,Maya Thomas,Consumer,Ergonomic Office Chair,Furniture,Chairs,West,Nagpur,4,143.42,0.2,458.94,15.71,Debit Card,2025,Feb,2,Q1,3.42,,
ORD00453,2025-02-21,Rahul Verma,Small Business,HP Pavilion 15,Technology,Laptops,South,Coimbatore,1,689.28,0.0,689.28,67.96,Cash,2025,Feb,2,Q1,9.86,,
ORD02705,2025-02-21,Rohan Patel,Consumer,Samsung Galaxy A54,Technology,Phones,West,Pune,4,318.05,0.0,1272.18,149.44,Net Banking,2025,Feb,2,Q1,11.75,,
ORD03016,2025-02-21,Neel Malhotra,Corporate,Mechanical Keyboard,Technology,Accessories,South,Kochi,6,67.85,0.05,386.72,66.23,Credit Card,2025,Feb,2,Q1,17.13,,
ORD03729,2025-02-21,Kunal Bansal,Small Business,Desk Organizer,Office Supplies,Storage,West,Pune,5,14.71,0.2,58.84,7.96,UPI,2025,Feb,2,Q1,13.53,,
ORD04139,2025-02-21,Ananya Iyer,Consumer,Ball Pen Set,Office Supplies,Stationery,South,Chennai,3,8.16,0.0,24.49,6.7,UPI,2025,Feb,2,Q1,27.36,,
ORD04770,2025-02-21,Kunal Bansal,Corporate,Conference Table,Furniture,Tables,South,Chennai,5,408.02,0.1,1836.09,125.51,Credit Card,2025,Feb,2,Q1,6.84,,
ORD00446,2025-02-22,Riya Kulkarni,Consumer,Ball Pen Set,Office Supplies,Stationery,East,Bhubaneswar,2,8.07,0.2,12.91,1.47,Debit Card,2025,Feb,2,Q1,11.39,,
ORD00947,2025-02-22,Ananya Iyer,Corporate,Filing Cabinet,Furniture,Storage,South,Coimbatore,1,99.35,0.2,79.48,1.69,UPI,2025,Feb,2,Q1,2.13,,
ORD01204,2025-02-22,Ishita Gupta,Consumer,HP Pavilion 15,Technology,Laptops,South,Hyderabad,1,667.15,0.0,667.15,97.55,UPI,2025,Feb,2,Q1,14.62,,
ORD01745,2025-02-22,Ishita Gupta,Consumer,Desk Organizer,Office Supplies,Storage,West,Nagpur,1,13.25,0.15,11.26,1.57,UPI,2025,Feb,2,Q1,13.94,,
ORD02106,2025-02-22,Kiara Desai,Small Business,Ring Binder,Office Supplies,Binders,East,Kolkata,3,6.71,0.2,16.09,1.88,Credit Card,2025,Feb,2,Q1,11.68,,
ORD02978,2025-02-22,Dev Agarwal,Consumer,Logitech Wireless Mouse,Technology,Accessories,West,Mumbai,8,28.05,0.25,168.31,15.68,UPI,2025,Feb,2,Q1,9.32,,
ORD03274,2025-02-22,Kiara Desai,Corporate,Logitech Wireless Mouse,Technology,Accessories,East,Ranchi,3,29.93,0.2,71.84,6.24,Net Banking,2025,Feb,2,Q1,8.69,,
ORD04905,2025-02-22,Tara Menon,Consumer,Ring Binder,Office Supplies,Binders,West,Ahmedabad,1,6.58,0.15,5.59,0.99,Net Banking,2025,Feb,2,Q1,17.71,,
ORD03113,2025-02-23,Sana Kapoor,Consumer,Stapler,Office Supplies,Stationery,South,Bengaluru,4,8.7,0.0,34.8,8.71,UPI,2025,Feb,2,Q1,25.03,,
ORD03173,2025-02-23,Aisha Khan,Consumer,HP Pavilion 15,Technology,Laptops,East,Guwahati,5,639.09,0.15,2716.12,27.42,Cash,2025,Feb,2,Q1,1.01,,
ORD03561,2025-02-23,Kunal Bansal,Consumer,Notebook Pack,Office Supplies,Stationery,East,Kolkata,1,12.09,0.05,11.48,2.8,Credit Card,2025,Feb,2,Q1,24.39,,
ORD00761,2025-02-24,Tara Menon,Corporate,Samsung Galaxy A54,Technology,Phones,North,Delhi,1,336.0,0.0,336.0,31.07,Debit Card,2025,Feb,2,Q1,9.25,,
ORD01723,2025-02-24,Arjun Nair,Corporate,Stapler,Office Supplies,Stationery,North,Jaipur,2,9.54,0.15,16.22,3.12,UPI,2025,Feb,2,Q1,19.24,,
ORD01928,2025-02-24,Ishita Gupta,Corporate,Ergonomic Office Chair,Furniture,Chairs,North,Chandigarh,2,147.66,0.0,295.32,35.76,Debit Card,2025,Feb,2,Q1,12.11,,
ORD01935,2025-02-24,Ananya Iyer,Corporate,Filing Cabinet,Furniture,Storage,South,Kochi,4,91.89,0.1,330.8,31.35,Credit Card,2025,Feb,2,Q1,9.48,,
ORD03148,2025-02-24,Dev Agarwal,Consumer,Samsung Galaxy A54,Technology,Phones,West,Ahmedabad,3,321.03,0.15,818.63,23.09,Net Banking,2025,Feb,2,Q1,2.82,,
ORD04107,2025-02-24,Diya Sharma,Consumer,Apple iPhone 13,Technology,Phones,South,Bengaluru,2,684.58,0.05,1300.7,114.67,UPI,2025,Feb,2,Q1,8.82,,
ORD01777,2025-02-25,Tara Menon,Corporate,Ball Pen Set,Office Supplies,Stationery,East,Kolkata,2,8.4,0.1,15.13,4.17,UPI,2025,Feb,2,Q1,27.56,,
ORD03883,2025-02-25,Kunal Bansal,Consumer,Lenovo IdeaPad 3,Technology,Laptops,East,Patna,5,525.05,0.0,2625.27,337.14,Credit Card,2025,Feb,2,Q1,12.84,,
ORD00638,2025-02-26,Rahul Verma,Consumer,Conference Table,Furniture,Tables,South,Coimbatore,1,407.23,0.15,346.15,29.39,Cash,2025,Feb,2,Q1,8.49,,
ORD02107,2025-02-26,Arjun Nair,Consumer,Mechanical Keyboard,Technology,Accessories,South,Bengaluru,1,72.45,0.1,65.21,6.8,Credit Card,2025,Feb,2,Q1,10.43,,
ORD04302,2025-02-26,Aditya Rao,Consumer,Dell 24-inch Monitor,Technology,Monitors,North,Amritsar,8,165.55,0.15,1125.72,41.67,Credit Card,2025,Feb,2,Q1,3.7,,
ORD04821,2025-02-27,Ananya Iyer,Small Business,Samsung Galaxy A54,Technology,Phones,South,Hyderabad,8,299.33,0.15,2035.46,50.85,UPI,2025,Feb,2,Q1,2.5,,
ORD04960,2025-02-27,Aditya Rao,Consumer,Ball Pen Set,Office Supplies,Stationery,East,Patna,3,7.94,0.0,23.83,6.15,Cash,2025,Feb,2,Q1,25.81,,
ORD00215,2025-02-28,Neel Malhotra,Corporate,Mechanical Keyboard,Technology,Accessories,North,Jaipur,3,67.11,0.15,171.13,17.85,Credit Card,2025,Feb,2,Q1,10.43,,
ORD03164,2025-02-28,Rahul Verma,Corporate,Ball Pen Set,Office Supplies,Stationery,West,Surat,4,8.26,0.0,33.04,8.69,UPI,2025,Feb,2,Q1,26.3,,
ORD03954,2025-02-28,Maya Thomas,Small Business,Conference Table,Furniture,Tables,East,Guwahati,2,409.76,0.0,819.53,50.62,Cash,2025,Feb,2,Q1,6.18,,
ORD02979,2025-03-01,Meera Joshi,Consumer,Samsung Galaxy A54,Technology,Phones,North,Lucknow,8,301.54,0.05,2291.7,232.88,Credit Card,2025,Mar,3,Q1,10.16,,
ORD04001,2025-03-01,Diya Sharma,Small Business,HP Pavilion 15,Technology,Laptops,East,Ranchi,2,698.26,0.1,1256.87,88.34,UPI,2025,Mar,3,Q1,7.03,,
ORD00106,2025-03-02,Kunal Bansal,Consumer,Ring Binder,Office Supplies,Binders,North,Delhi,3,7.33,0.0,21.98,5.52,Net Banking,2025,Mar,3,Q1,25.11,,
ORD02089,2025-03-02,Neel Malhotra,Consumer,HP Pavilion 15,Technology,Laptops,South,Chennai,6,693.07,0.15,3534.65,121.81,UPI,2025,Mar,3,Q1,3.45,,
ORD02641,2025-03-02,Riya Kulkarni,Small Business,A4 Copy Paper,Office Supplies,Paper,East,Ranchi,3,5.69,0.1,15.37,2.62,Net Banking,2025,Mar,3,Q1,17.05,,
ORD03497,2025-03-02,Kunal Bansal,Corporate,Mechanical Keyboard,Technology,Accessories,West,Mumbai,2,75.1,0.05,142.68,21.99,UPI,2025,Mar,3,Q1,15.41,,
ORD03746,2025-03-02,Vivaan Singh,Consumer,Desk Organizer,Office Supplies,Storage,South,Coimbatore,8,13.93,0.15,94.76,13.32,UPI,2025,Mar,3,Q1,14.06,,
ORD04929,2025-03-02,Diya Sharma,Consumer,Mechanical Keyboard,Technology,Accessories,East,Patna,3,75.66,0.2,181.58,11.42,Credit Card,2025,Mar,3,Q1,6.29,,
ORD00387,2025-03-03,Aisha Khan,Consumer,Apple iPhone 13,Technology,Phones,North,Chandigarh,4,646.28,0.25,1938.84,-106.65,Debit Card,2025,Mar,3,Q1,-5.5,,
ORD00666,2025-03-03,Aarav Mehta,Consumer,Stapler,Office Supplies,Stationery,South,Coimbatore,1,8.62,0.0,8.62,1.85,Debit Card,2025,Mar,3,Q1,21.46,,
ORD03881,2025-03-03,Neel Malhotra,Consumer,Mechanical Keyboard,Technology,Accessories,South,Chennai,8,67.69,0.2,433.2,32.96,Cash,2025,Mar,3,Q1,7.61,,
ORD04050,2025-03-03,Riya Kulkarni,Corporate,A4 Copy Paper,Office Supplies,Paper,East,Guwahati,3,5.86,0.2,14.07,1.64,Net Banking,2025,Mar,3,Q1,11.66,,
ORD02207,2025-03-04,Tara Menon,Corporate,Mechanical Keyboard,Technology,Accessories,South,Chennai,1,69.59,0.2,55.67,3.5,Credit Card,2025,Mar,3,Q1,6.29,,
ORD02432,2025-03-04,Meera Joshi,Small Business,USB-C Hub,Technology,Accessories,East,Ranchi,4,32.95,0.05,125.22,25.31,Credit Card,2025,Mar,3,Q1,20.21,,
ORD03305,2025-03-04,Sana Kapoor,Consumer,Stapler,Office Supplies,Stationery,South,Coimbatore,2,9.05,0.15,15.39,2.41,UPI,2025,Mar,3,Q1,15.66,,
ORD03505,2025-03-04,Diya Sharma,Consumer,HP Laser Printer,Technology,Printers,West,Surat,4,200.72,0.15,682.45,-4.26,Net Banking,2025,Mar,3,Q1,-0.62,,
ORD04245,2025-03-04,Ishita Gupta,Corporate,Samsung Galaxy A54,Technology,Phones,South,Bengaluru,2,328.13,0.0,656.26,107.94,UPI,2025,Mar,3,Q1,16.45,,
ORD00118,2025-03-05,Kunal Bansal,Consumer,Ergonomic Office Chair,Furniture,Chairs,East,Bhubaneswar,2,146.4,0.0,292.81,41.6,Credit Card,2025,Mar,3,Q1,14.21,,
ORD00875,2025-03-05,Kabir Shah,Consumer,Conference Table,Furniture,Tables,East,Ranchi,2,439.78,0.05,835.58,49.6,Net Banking,2025,Mar,3,Q1,5.94,,
ORD01032,2025-03-06,Riya Kulkarni,Consumer,Logitech Wireless Mouse,Technology,Accessories,South,Kochi,2,27.02,0.15,45.93,4.62,Credit Card,2025,Mar,3,Q1,10.06,,
ORD02452,2025-03-06,Neel Malhotra,Consumer,Apple iPhone 13,Technology,Phones,North,Lucknow,2,657.41,0.1,1183.34,27.58,UPI,2025,Mar,3,Q1,2.33,,
ORD03292,2025-03-06,Kiara Desai,Corporate,Dell 24-inch Monitor,Technology,Monitors,South,Bengaluru,5,179.41,0.0,897.06,110.92,UPI,2025,Mar,3,Q1,12.36,,
ORD04389,2025-03-06,Ananya Iyer,Consumer,Notebook Pack,Office Supplies,Stationery,South,Kochi,4,11.85,0.2,37.91,4.26,UPI,2025,Mar,3,Q1,11.24,,
ORD00604,2025-03-07,Meera Joshi,Consumer,Bookshelf,Furniture,Storage,West,Surat,1,115.01,0.0,115.01,13.7,Credit Card,2025,Mar,3,Q1,11.91,,
ORD02193,2025-03-07,Kunal Bansal,Consumer,HP Laser Printer,Technology,Printers,West,Surat,3,214.51,0.2,514.83,34.79,Credit Card,2025,Mar,3,Q1,6.76,,
ORD04020,2025-03-07,Tara Menon,Consumer,Study Desk,Furniture,Tables,North,Lucknow,4,168.26,0.15,572.09,16.7,Debit Card,2025,Mar,3,Q1,2.92,,
ORD01469,2025-03-08,Aarav Mehta,Consumer,Ball Pen Set,Office Supplies,Stationery,East,Patna,5,7.85,0.1,35.32,8.83,UPI,2025,Mar,3,Q1,25.0,,
ORD01700,2025-03-08,Arjun Nair,Consumer,Dell 24-inch Monitor,Technology,Monitors,South,Coimbatore,8,164.22,0.1,1182.36,59.33,Net Banking,2025,Mar,3,Q1,5.02,,
ORD03135,2025-03-08,Neel Malhotra,Consumer,USB-C Hub,Technology,Accessories,West,Surat,1,37.29,0.1,33.56,4.99,UPI,2025,Mar,3,Q1,14.87,,
ORD00087,2025-03-09,Vivaan Singh,Corporate,Stapler,Office Supplies,Stationery,East,Kolkata,3,9.52,0.15,24.28,3.77,Net Banking,2025,Mar,3,Q1,15.53,,
ORD03584,2025-03-09,Ishita Gupta,Consumer,Lenovo IdeaPad 3,Technology,Laptops,East,Ranchi,8,550.49,0.05,4183.76,445.38,Cash,2025,Mar,3,Q1,10.65,,
ORD03825,2025-03-09,Maya Thomas,Corporate,Samsung Galaxy A54,Technology,Phones,North,Delhi,1,318.75,0.0,318.75,32.11,Debit Card,2025,Mar,3,Q1,10.07,,
ORD01299,2025-03-10,Ishita Gupta,Consumer,Logitech Wireless Mouse,Technology,Accessories,South,Hyderabad,3,26.33,0.1,71.09,11.11,UPI,2025,Mar,3,Q1,15.63,,
ORD02269,2025-03-10,Neel Malhotra,Consumer,HP Laser Printer,Technology,Printers,East,Kolkata,10,207.97,0.0,2079.7,371.46,UPI,2025,Mar,3,Q1,17.86,,
ORD02345,2025-03-10,Riya Kulkarni,Consumer,Conference Table,Furniture,Tables,North,Lucknow,1,433.66,0.3,303.56,-18.81,UPI,2025,Mar,3,Q1,-6.2,,
ORD02473,2025-03-10,Meera Joshi,Consumer,A4 Copy Paper,Office Supplies,Paper,North,Delhi,3,5.79,0.1,15.63,3.12,UPI,2025,Mar,3,Q1,19.96,,
ORD03074,2025-03-10,Tara Menon,Consumer,Notebook Pack,Office Supplies,Stationery,South,Coimbatore,1,12.46,0.25,9.35,0.72,UPI,2025,Mar,3,Q1,7.7,,
ORD04192,2025-03-10,Sana Kapoor,Consumer,Desk Organizer,Office Supplies,Storage,North,Chandigarh,3,13.24,0.05,37.74,9.79,Debit Card,2025,Mar,3,Q1,25.94,,
ORD04377,2025-03-10,Riya Kulkarni,Consumer,Desk Organizer,Office Supplies,Storage,South,Bengaluru,5,13.35,0.25,50.06,5.28,Credit Card,2025,Mar,3,Q1,10.55,,
ORD02752,2025-03-11,Vivaan Singh,Consumer,USB-C Hub,Technology,Accessories,East,Bhubaneswar,2,32.63,0.0,65.27,13.07,UPI,2025,Mar,3,Q1,20.02,,
ORD04527,2025-03-11,Rahul Verma,Consumer,Apple iPhone 13,Technology,Phones,East,Ranchi,4,661.02,0.0,2644.06,301.87,Debit Card,2025,Mar,3,Q1,11.42,,
ORD04558,2025-03-11,Rohan Patel,Consumer,Dell 24-inch Monitor,Technology,Monitors,South,Chennai,8,169.77,0.15,1154.44,51.35,Debit Card,2025,Mar,3,Q1,4.45,,
ORD04938,2025-03-11,Rahul Verma,Consumer,A4 Copy Paper,Office Supplies,Paper,West,Pune,1,5.79,0.15,4.92,0.68,Credit Card,2025,Mar,3,Q1,13.82,,
ORD00799,2025-03-12,Kunal Bansal,Corporate,Mechanical Keyboard,Technology,Accessories,South,Hyderabad,1,74.66,0.05,70.93,10.07,Debit Card,2025,Mar,3,Q1,14.2,,
ORD01918,2025-03-12,Rahul Verma,Consumer,Logitech Wireless Mouse,Technology,Accessories,West,Mumbai,1,29.55,0.0,29.55,6.03,UPI,2025,Mar,3,Q1,20.41,,
ORD03738,2025-03-12,Tara Menon,Consumer,HP Laser Printer,Technology,Printers,North,Delhi,5,202.87,0.0,1014.34,117.94,UPI,2025,Mar,3,Q1,11.63,,
ORD00338,2025-03-13,Sana Kapoor,Consumer,Conference Table,Furniture,Tables,West,Surat,1,405.97,0.0,405.97,21.68,UPI,2025,Mar,3,Q1,5.34,,
ORD00835,2025-03-13,Tara Menon,Consumer,HP Pavilion 15,Technology,Laptops,West,Surat,4,661.43,0.0,2645.71,313.16,Debit Card,2025,Mar,3,Q1,11.84,,
ORD01009,2025-03-13,Maya Thomas,Consumer,Bookshelf,Furniture,Storage,South,Kochi,2,107.59,0.2,172.14,-5.42,Credit Card,2025,Mar,3,Q1,-3.15,,
ORD02426,2025-03-13,Arjun Nair,Consumer,Conference Table,Furniture,Tables,West,Nagpur,2,425.08,0.0,850.15,73.28,Credit Card,2025,Mar,3,Q1,8.62,,
ORD04181,2025-03-13,Ananya Iyer,Consumer,HP Pavilion 15,Technology,Laptops,West,Mumbai,2,656.27,0.1,1181.28,27.86,Credit Card,2025,Mar,3,Q1,2.36,,
ORD04549,2025-03-13,Kunal Bansal,Consumer,HP Laser Printer,Technology,Printers,West,Nagpur,3,198.58,0.0,595.75,79.62,UPI,2025,Mar,3,Q1,13.36,,
ORD00159,2025-03-14,Rohan Patel,Consumer,HP Laser Printer,Technology,Printers,West,Nagpur,2,218.01,0.15,370.62,9.68,UPI,2025,Mar,3,Q1,2.61,,
ORD03187,2025-03-14,Meera Joshi,Consumer,Mechanical Keyboard,Technology,Accessories,West,Pune,3,70.47,0.1,190.28,19.53,UPI,2025,Mar,3,Q1,10.26,,
ORD04693,2025-03-14,Tara Menon,Corporate,Apple iPhone 13,Technology,Phones,West,Mumbai,1,688.59,0.2,550.87,-22.43,Net Banking,2025,Mar,3,Q1,-4.07,,
ORD01134,2025-03-15,Diya Sharma,Consumer,Stapler,Office Supplies,Stationery,South,Chennai,5,8.64,0.0,43.22,9.97,Credit Card,2025,Mar,3,Q1,23.07,,
ORD04108,2025-03-15,Vivaan Singh,Corporate,Apple iPhone 13,Technology,Phones,East,Bhubaneswar,3,618.92,0.2,1485.42,-18.3,Net Banking,2025,Mar,3,Q1,-1.23,,
ORD01677,2025-03-16,Kabir Shah,Small Business,A4 Copy Paper,Office Supplies,Paper,South,Chennai,2,6.18,0.25,9.28,0.85,Cash,2025,Mar,3,Q1,9.16,,
ORD02297,2025-03-16,Meera Joshi,Consumer,Lenovo IdeaPad 3,Technology,Laptops,West,Surat,1,536.27,0.15,455.83,17.66,UPI,2025,Mar,3,Q1,3.87,,
ORD02343,2025-03-16,Kabir Shah,Consumer,Ergonomic Office Chair,Furniture,Chairs,South,Hyderabad,6,142.89,0.1,771.61,42.3,Debit Card,2025,Mar,3,Q1,5.48,,
ORD04690,2025-03-16,Kunal Bansal,Consumer,Logitech Wireless Mouse,Technology,Accessories,South,Coimbatore,4,27.49,0.1,98.96,9.94,Cash,2025,Mar,3,Q1,10.04,,
ORD02300,2025-03-17,Tara Menon,Corporate,Bookshelf,Furniture,Storage,South,Hyderabad,2,104.78,0.1,188.61,16.96,UPI,2025,Mar,3,Q1,8.99,,
ORD02647,2025-03-17,Kunal Bansal,Consumer,Bookshelf,Furniture,Storage,West,Surat,2,112.2,0.15,190.74,12.25,Net Banking,2025,Mar,3,Q1,6.42,,
ORD04083,2025-03-17,Riya Kulkarni,Consumer,Filing Cabinet,Furniture,Storage,South,Chennai,1,90.02,0.0,90.02,10.8,Credit Card,2025,Mar,3,Q1,12.0,,
ORD00380,2025-03-18,Dev Agarwal,Corporate,USB-C Hub,Technology,Accessories,North,Delhi,3,33.57,0.05,95.68,16.19,Net Banking,2025,Mar,3,Q1,16.92,,
ORD01640,2025-03-18,Kiara Desai,Consumer,Desk Organizer,Office Supplies,Storage,South,Hyderabad,1,14.62,0.0,14.62,4.25,UPI,2025,Mar,3,Q1,29.07,,
ORD01967,2025-03-18,Diya Sharma,Consumer,Study Desk,Furniture,Tables,West,Nagpur,10,177.83,0.1,1600.49,141.64,UPI,2025,Mar,3,Q1,8.85,,
ORD03717,2025-03-18,Riya Kulkarni,Small Business,Filing Cabinet,Furniture,Storage,South,Chennai,6,92.31,0.0,553.85,99.03,Credit Card,2025,Mar,3,Q1,17.88,,
ORD04345,2025-03-18,Kunal Bansal,Small Business,Study Desk,Furniture,Tables,West,Surat,1,179.95,0.15,152.96,2.39,Cash,2025,Mar,3,Q1,1.56,,
ORD04593,2025-03-18,Tara Menon,Consumer,Lenovo IdeaPad 3,Technology,Laptops,East,Guwahati,10,493.61,0.05,4689.29,425.8,Credit Card,2025,Mar,3,Q1,9.08,,
ORD04806,2025-03-18,Dev Agarwal,Consumer,Filing Cabinet,Furniture,Storage,South,Coimbatore,2,98.22,0.25,147.34,-1.95,UPI,2025,Mar,3,Q1,-1.32,,
ORD00862,2025-03-19,Diya Sharma,Small Business,Ball Pen Set,Office Supplies,Stationery,South,Bengaluru,3,8.13,0.2,19.52,1.87,Net Banking,2025,Mar,3,Q1,9.58,,
ORD02808,2025-03-19,Aditya Rao,Consumer,Desk Organizer,Office Supplies,Storage,East,Kolkata,1,13.34,0.2,10.67,1.49,UPI,2025,Mar,3,Q1,13.96,,
ORD04131,2025-03-19,Ananya Iyer,Consumer,Logitech Wireless Mouse,Technology,Accessories,East,Kolkata,2,29.67,0.15,50.45,4.62,Net Banking,2025,Mar,3,Q1,9.16,,
ORD03069,2025-03-20,Aisha Khan,Consumer,Mechanical Keyboard,Technology,Accessories,South,Chennai,2,71.99,0.05,136.78,18.7,UPI,2025,Mar,3,Q1,13.67,,
ORD04852,2025-03-20,Diya Sharma,Consumer,Desk Organizer,Office Supplies,Storage,West,Nagpur,2,13.43,0.3,18.8,0.81,Credit Card,2025,Mar,3,Q1,4.31,,
ORD00609,2025-03-21,Neel Malhotra,Consumer,Bookshelf,Furniture,Storage,East,Ranchi,3,103.06,0.05,293.71,34.76,UPI,2025,Mar,3,Q1,11.83,,
ORD03847,2025-03-21,Ishita Gupta,Consumer,HP Laser Printer,Technology,Printers,West,Pune,4,197.77,0.3,553.75,-47.39,Debit Card,2025,Mar,3,Q1,-8.56,,
ORD04233,2025-03-21,Neel Malhotra,Consumer,Bookshelf,Furniture,Storage,South,Kochi,4,108.05,0.15,367.37,29.97,Debit Card,2025,Mar,3,Q1,8.16,,
ORD00857,2025-03-22,Kabir Shah,Consumer,Apple iPhone 13,Technology,Phones,North,Lucknow,3,674.03,0.15,1718.78,-118.39,UPI,2025,Mar,3,Q1,-6.89,,
ORD01840,2025-03-22,Aditya Rao,Corporate,Mechanical Keyboard,Technology,Accessories,West,Nagpur,8,69.98,0.0,559.82,103.46,Credit Card,2025,Mar,3,Q1,18.48,,
ORD01973,2025-03-22,Kiara Desai,Consumer,Samsung Galaxy A54,Technology,Phones,North,Amritsar,3,315.88,0.0,947.63,89.38,UPI,2025,Mar,3,Q1,9.43,,
ORD04525,2025-03-22,Arjun Nair,Consumer,Apple iPhone 13,Technology,Phones,South,Chennai,2,643.78,0.0,1287.56,125.41,Credit Card,2025,Mar,3,Q1,9.74,,
ORD00616,2025-03-23,Vivaan Singh,Consumer,Ergonomic Office Chair,Furniture,Chairs,North,Chandigarh,2,150.8,0.05,286.51,35.57,UPI,2025,Mar,3,Q1,12.41,,
ORD01979,2025-03-23,Aditya Rao,Corporate,Lenovo IdeaPad 3,Technology,Laptops,South,Coimbatore,4,549.38,0.05,2087.64,224.61,Debit Card,2025,Mar,3,Q1,10.76,,
ORD02466,2025-03-23,Ananya Iyer,Consumer,Ergonomic Office Chair,Furniture,Chairs,West,Pune,1,136.4,0.1,122.76,11.67,UPI,2025,Mar,3,Q1,9.51,,
ORD03710,2025-03-23,Kunal Bansal,Consumer,Filing Cabinet,Furniture,Storage,West,Nagpur,8,96.05,0.25,576.27,-10.25,UPI,2025,Mar,3,Q1,-1.78,,
ORD00331,2025-03-24,Kunal Bansal,Consumer,USB-C Hub,Technology,Accessories,North,Amritsar,1,35.99,0.15,30.59,3.6,Credit Card,2025,Mar,3,Q1,11.77,,
ORD00443,2025-03-24,Maya Thomas,Small Business,Ring Binder,Office Supplies,Binders,South,Chennai,4,7.06,0.3,19.78,1.98,Debit Card,2025,Mar,3,Q1,10.01,,
ORD00930,2025-03-24,Rahul Verma,Small Business,Dell 24-inch Monitor,Technology,Monitors,South,Hyderabad,3,167.14,0.25,376.07,15.3,UPI,2025,Mar,3,Q1,4.07,,
ORD01200,2025-03-24,Tara Menon,Consumer,Mechanical Keyboard,Technology,Accessories,North,Chandigarh,3,69.58,0.25,156.56,3.3,Net Banking,2025,Mar,3,Q1,2.11,,
ORD03147,2025-03-24,Vivaan Singh,Small Business,Samsung Galaxy A54,Technology,Phones,South,Bengaluru,2,314.41,0.15,534.5,38.82,Debit Card,2025,Mar,3,Q1,7.26,,
ORD00501,2025-03-26,Ananya Iyer,Consumer,Notebook Pack,Office Supplies,Stationery,East,Patna,1,12.59,0.15,10.7,1.71,Net Banking,2025,Mar,3,Q1,15.98,,
ORD01507,2025-03-26,Sana Kapoor,Consumer,Conference Table,Furniture,Tables,South,Bengaluru,2,404.07,0.15,686.92,-12.32,Debit Card,2025,Mar,3,Q1,-1.79,,
ORD01694,2025-03-26,Arjun Nair,Consumer,Logitech Wireless Mouse,Technology,Accessories,North,Amritsar,3,28.23,0.0,84.68,15.56,Cash,2025,Mar,3,Q1,18.38,,
ORD02830,2025-03-26,Riya Kulkarni,Small Business,Desk Organizer,Office Supplies,Storage,East,Patna,1,13.68,0.1,12.31,2.7,Net Banking,2025,Mar,3,Q1,21.93,,
ORD01825,2025-03-27,Dev Agarwal,Corporate,Samsung Galaxy A54,Technology,Phones,East,Guwahati,3,334.79,0.3,703.05,-43.18,Debit Card,2025,Mar,3,Q1,-6.14,,
ORD03317,2025-03-27,Neel Malhotra,Corporate,Study Desk,Furniture,Tables,West,Nagpur,3,175.92,0.0,527.77,47.72,Credit Card,2025,Mar,3,Q1,9.04,,
ORD04684,2025-03-27,Rahul Verma,Consumer,Study Desk,Furniture,Tables,South,Kochi,5,167.69,0.2,670.75,-0.58,Debit Card,2025,Mar,3,Q1,-0.09,,
ORD01029,2025-03-28,Dev Agarwal,Consumer,USB-C Hub,Technology,Accessories,West,Surat,3,34.2,0.1,92.34,18.57,Debit Card,2025,Mar,3,Q1,20.11,,
ORD01172,2025-03-28,Kunal Bansal,Corporate,Ring Binder,Office Supplies,Binders,South,Bengaluru,6,6.69,0.0,40.13,11.01,Net Banking,2025,Mar,3,Q1,27.44,,
ORD03681,2025-03-28,Sana Kapoor,Consumer,Mechanical Keyboard,Technology,Accessories,North,Chandigarh,2,75.36,0.15,128.11,9.52,Cash,2025,Mar,3,Q1,7.43,,
ORD00216,2025-03-29,Ishita Gupta,Corporate,Notebook Pack,Office Supplies,Stationery,West,Mumbai,10,11.43,0.1,102.89,22.15,Cash,2025,Mar,3,Q1,21.53,,
ORD00801,2025-03-29,Maya Thomas,Corporate,Lenovo IdeaPad 3,Technology,Laptops,South,Coimbatore,4,500.87,0.15,1702.97,95.2,UPI,2025,Mar,3,Q1,5.59,,
ORD02686,2025-03-29,Rahul Verma,Corporate,Ergonomic Office Chair,Furniture,Chairs,West,Nagpur,3,147.12,0.05,419.3,48.58,Credit Card,2025,Mar,3,Q1,11.59,,
ORD02826,2025-03-29,Aditya Rao,Consumer,Lenovo IdeaPad 3,Technology,Laptops,North,Delhi,8,494.25,0.25,2965.5,-21.22,Debit Card,2025,Mar,3,Q1,-0.72,,
ORD00641,2025-03-30,Tara Menon,Small Business,USB-C Hub,Technology,Accessories,South,Bengaluru,4,33.41,0.1,120.26,15.99,Debit Card,2025,Mar,3,Q1,13.3,,
ORD01965,2025-03-30,Kunal Bansal,Consumer,HP Laser Printer,Technology,Printers,East,Patna,1,222.1,0.15,188.79,5.96,Net Banking,2025,Mar,3,Q1,3.16,,
ORD02793,2025-03-30,Dev Agarwal,Consumer,Stapler,Office Supplies,Stationery,West,Mumbai,2,8.6,0.05,16.33,3.49,Credit Card,2025,Mar,3,Q1,21.37,,
ORD04834,2025-03-30,Aditya Rao,Consumer,Study Desk,Furniture,Tables,South,Kochi,1,182.72,0.1,164.45,11.77,Credit Card,2025,Mar,3,Q1,7.16,,
ORD02726,2025-03-31,Maya Thomas,Corporate,Ring Binder,Office Supplies,Binders,East,Ranchi,3,6.63,0.0,19.88,5.08,Credit Card,2025,Mar,3,Q1,25.55,,
ORD03395,2025-03-31,Sana Kapoor,Small Business,A4 Copy Paper,Office Supplies,Paper,South,Kochi,3,6.16,0.3,12.95,0.63,UPI,2025,Mar,3,Q1,4.86,,
ORD00861,2025-04-01,Meera Joshi,Consumer,HP Pavilion 15,Technology,Laptops,North,Jaipur,1,658.01,0.15,559.31,12.86,UPI,2025,Apr,4,Q2,2.3,,
ORD00983,2025-04-01,Maya Thomas,Corporate,Desk Organizer,Office Supplies,Storage,North,Jaipur,3,14.8,0.25,33.3,2.68,Net Banking,2025,Apr,4,Q2,8.05,,
ORD04328,2025-04-01,Kabir Shah,Small Business,Notebook Pack,Office Supplies,Stationery,East,Guwahati,8,12.16,0.15,82.69,14.85,Net Banking,2025,Apr,4,Q2,17.96,,
ORD04360,2025-04-01,Ananya Iyer,Small Business,USB-C Hub,Technology,Accessories,West,Mumbai,6,34.4,0.1,185.76,20.68,Debit Card,2025,Apr,4,Q2,11.13,,
ORD04952,2025-04-01,Ishita Gupta,Small Business,Conference Table,Furniture,Tables,West,Mumbai,2,415.27,0.0,830.54,73.27,UPI,2025,Apr,4,Q2,8.82,,
ORD00518,2025-04-02,Rahul Verma,Consumer,Ball Pen Set,Office Supplies,Stationery,West,Pune,2,8.23,0.0,16.45,4.48,Credit Card,2025,Apr,4,Q2,27.23,,
ORD00697,2025-04-02,Riya Kulkarni,Corporate,Ring Binder,Office Supplies,Binders,South,Chennai,4,7.01,0.2,22.42,3.15,Debit Card,2025,Apr,4,Q2,14.05,,
ORD03022,2025-04-02,Kiara Desai,Consumer,Samsung Galaxy A54,Technology,Phones,South,Coimbatore,5,332.15,0.05,1577.71,169.69,Debit Card,2025,Apr,4,Q2,10.76,,
ORD04413,2025-04-02,Ishita Gupta,Consumer,Ergonomic Office Chair,Furniture,Chairs,West,Surat,2,150.52,0.1,270.94,15.75,UPI,2025,Apr,4,Q2,5.81,,
ORD00871,2025-04-03,Kiara Desai,Consumer,Dell 24-inch Monitor,Technology,Monitors,West,Nagpur,8,162.81,0.25,976.88,-4.81,UPI,2025,Apr,4,Q2,-0.49,,
ORD01319,2025-04-03,Kiara Desai,Corporate,Bookshelf,Furniture,Storage,North,Amritsar,2,110.54,0.1,198.97,22.2,UPI,2025,Apr,4,Q2,11.16,,
ORD01813,2025-04-03,Aditya Rao,Consumer,Desk Organizer,Office Supplies,Storage,West,Nagpur,4,14.54,0.25,43.63,2.64,UPI,2025,Apr,4,Q2,6.05,,
ORD01747,2025-04-04,Rahul Verma,Consumer,Ergonomic Office Chair,Furniture,Chairs,West,Ahmedabad,5,145.55,0.15,618.6,39.33,Credit Card,2025,Apr,4,Q2,6.36,,
ORD02654,2025-04-04,Arjun Nair,Corporate,Study Desk,Furniture,Tables,West,Surat,1,171.57,0.2,137.25,4.2,UPI,2025,Apr,4,Q2,3.06,,
ORD00031,2025-04-05,Arjun Nair,Consumer,Bookshelf,Furniture,Storage,West,Nagpur,2,105.29,0.1,189.52,20.19,Net Banking,2025,Apr,4,Q2,10.65,,
ORD00439,2025-04-05,Tara Menon,Consumer,Lenovo IdeaPad 3,Technology,Laptops,South,Chennai,2,539.16,0.1,970.49,76.58,Net Banking,2025,Apr,4,Q2,7.89,,
ORD01086,2025-04-05,Dev Agarwal,Corporate,A4 Copy Paper,Office Supplies,Paper,North,Delhi,8,5.96,0.0,47.72,9.38,Credit Card,2025,Apr,4,Q2,19.66,,
ORD01510,2025-04-05,Diya Sharma,Consumer,Dell 24-inch Monitor,Technology,Monitors,North,Lucknow,1,166.48,0.25,124.86,5.84,UPI,2025,Apr,4,Q2,4.68,,
ORD01681,2025-04-05,Kabir Shah,Small Business,Apple iPhone 13,Technology,Phones,West,Surat,4,675.86,0.1,2433.11,66.76,Net Banking,2025,Apr,4,Q2,2.74,,
ORD03579,2025-04-05,Aisha Khan,Consumer,Bookshelf,Furniture,Storage,West,Ahmedabad,1,116.75,0.0,116.75,14.92,UPI,2025,Apr,4,Q2,12.78,,
ORD04365,2025-04-05,Meera Joshi,Consumer,Ball Pen Set,Office Supplies,Stationery,South,Chennai,2,8.05,0.3,11.26,1.6,Credit Card,2025,Apr,4,Q2,14.21,,
ORD00256,2025-04-06,Neel Malhotra,Small Business,Filing Cabinet,Furniture,Storage,South,Bengaluru,3,88.43,0.1,238.75,23.1,Net Banking,2025,Apr,4,Q2,9.68,,
ORD01736,2025-04-06,Vivaan Singh,Consumer,HP Pavilion 15,Technology,Laptops,West,Nagpur,3,691.28,0.15,1762.77,6.81,Debit Card,2025,Apr,4,Q2,0.39,,
ORD02679,2025-04-06,Riya Kulkarni,Corporate,Dell 24-inch Monitor,Technology,Monitors,North,Jaipur,8,171.43,0.15,1165.71,54.34,Credit Card,2025,Apr,4,Q2,4.66,,
ORD03004,2025-04-06,Rahul Verma,Consumer,Stapler,Office Supplies,Stationery,East,Ranchi,3,8.73,0.15,22.27,3.59,Debit Card,2025,Apr,4,Q2,16.12,,
ORD03488,2025-04-06,Aisha Khan,Small Business,Filing Cabinet,Furniture,Storage,East,Ranchi,3,95.22,0.15,242.82,16.41,Credit Card,2025,Apr,4,Q2,6.76,,
ORD04205,2025-04-06,Meera Joshi,Consumer,Desk Organizer,Office Supplies,Storage,East,Patna,4,14.79,0.2,47.32,5.13,Credit Card,2025,Apr,4,Q2,10.84,,
ORD04556,2025-04-06,Riya Kulkarni,Consumer,HP Pavilion 15,Technology,Laptops,West,Surat,1,657.18,0.0,657.18,101.41,Credit Card,2025,Apr,4,Q2,15.43,,
ORD04736,2025-04-06,Aditya Rao,Small Business,HP Pavilion 15,Technology,Laptops,North,Delhi,2,638.6,0.3,894.04,-74.07,Credit Card,2025,Apr,4,Q2,-8.28,,
ORD00189,2025-04-07,Rohan Patel,Consumer,Ring Binder,Office Supplies,Binders,South,Bengaluru,1,6.61,0.2,5.29,0.9,UPI,2025,Apr,4,Q2,17.01,,
ORD01514,2025-04-07,Dev Agarwal,Consumer,Samsung Galaxy A54,Technology,Phones,West,Ahmedabad,4,308.97,0.2,988.7,-51.99,Credit Card,2025,Apr,4,Q2,-5.26,,
ORD01626,2025-04-07,Dev Agarwal,Corporate,Logitech Wireless Mouse,Technology,Accessories,North,Chandigarh,5,26.54,0.2,106.15,6.78,UPI,2025,Apr,4,Q2,6.39,,
ORD02101,2025-04-07,Kunal Bansal,Consumer,Apple iPhone 13,Technology,Phones,South,Hyderabad,1,671.15,0.25,503.36,-16.94,UPI,2025,Apr,4,Q2,-3.37,,
ORD02563,2025-04-07,Tara Menon,Consumer,Ball Pen Set,Office Supplies,Stationery,North,Chandigarh,10,7.82,0.05,74.33,17.46,Cash,2025,Apr,4,Q2,23.49,,
ORD04402,2025-04-07,Rahul Verma,Consumer,USB-C Hub,Technology,Accessories,West,Ahmedabad,6,33.42,0.25,150.38,11.43,Net Banking,2025,Apr,4,Q2,7.6,,
ORD01538,2025-04-08,Arjun Nair,Consumer,Ring Binder,Office Supplies,Binders,West,Nagpur,1,6.78,0.0,6.78,1.78,Debit Card,2025,Apr,4,Q2,26.25,,
ORD02389,2025-04-08,Vivaan Singh,Corporate,HP Laser Printer,Technology,Printers,South,Hyderabad,3,217.79,0.25,490.03,-9.27,UPI,2025,Apr,4,Q2,-1.89,,
ORD02859,2025-04-08,Tara Menon,Consumer,Stapler,Office Supplies,Stationery,West,Mumbai,2,9.19,0.15,15.62,2.46,Credit Card,2025,Apr,4,Q2,15.75,,
ORD03216,2025-04-08,Tara Menon,Corporate,Notebook Pack,Office Supplies,Stationery,South,Kochi,10,11.66,0.25,87.41,7.61,Credit Card,2025,Apr,4,Q2,8.71,,
ORD00180,2025-04-09,Arjun Nair,Small Business,Samsung Galaxy A54,Technology,Phones,East,Kolkata,1,301.35,0.1,271.21,9.86,Debit Card,2025,Apr,4,Q2,3.64,,
ORD01147,2025-04-09,Kunal Bansal,Consumer,HP Laser Printer,Technology,Printers,West,Mumbai,1,195.46,0.25,146.6,-5.06,Net Banking,2025,Apr,4,Q2,-3.45,,
ORD02235,2025-04-09,Rohan Patel,Consumer,Ergonomic Office Chair,Furniture,Chairs,South,Coimbatore,1,139.78,0.3,97.84,0.95,Net Banking,2025,Apr,4,Q2,0.97,,
ORD04917,2025-04-09,Kabir Shah,Corporate,HP Pavilion 15,Technology,Laptops,East,Bhubaneswar,2,651.5,0.05,1237.85,109.33,UPI,2025,Apr,4,Q2,8.83,,
ORD01022,2025-04-10,Diya Sharma,Corporate,Apple iPhone 13,Technology,Phones,West,Pune,2,618.97,0.25,928.45,-18.51,Cash,2025,Apr,4,Q2,-1.99,,
ORD01683,2025-04-10,Aditya Rao,Small Business,HP Pavilion 15,Technology,Laptops,East,Kolkata,5,635.99,0.05,3020.94,332.24,UPI,2025,Apr,4,Q2,11.0,,
ORD01733,2025-04-10,Kabir Shah,Consumer,Bookshelf,Furniture,Storage,West,Ahmedabad,1,106.96,0.0,106.96,17.55,Net Banking,2025,Apr,4,Q2,16.41,,
ORD01884,2025-04-10,Kiara Desai,Consumer,Apple iPhone 13,Technology,Phones,South,Coimbatore,2,605.83,0.2,969.32,-34.48,Debit Card,2025,Apr,4,Q2,-3.56,,
ORD03045,2025-04-10,Rahul Verma,Corporate,Ball Pen Set,Office Supplies,Stationery,East,Guwahati,1,8.23,0.05,7.82,1.89,UPI,2025,Apr,4,Q2,24.17,,
ORD03486,2025-04-10,Sana Kapoor,Consumer,Lenovo IdeaPad 3,Technology,Laptops,East,Kolkata,1,533.01,0.05,506.36,35.86,Net Banking,2025,Apr,4,Q2,7.08,,
ORD04788,2025-04-10,Kabir Shah,Consumer,Apple iPhone 13,Technology,Phones,West,Nagpur,8,691.8,0.2,4427.51,-112.04,Cash,2025,Apr,4,Q2,-2.53,,
ORD00617,2025-04-11,Ananya Iyer,Small Business,Notebook Pack,Office Supplies,Stationery,West,Nagpur,10,11.69,0.25,87.68,7.31,Credit Card,2025,Apr,4,Q2,8.34,,
ORD01176,2025-04-11,Sana Kapoor,Corporate,Mechanical Keyboard,Technology,Accessories,West,Pune,5,69.52,0.15,295.47,10.06,Credit Card,2025,Apr,4,Q2,3.4,,
ORD00992,2025-04-12,Diya Sharma,Consumer,USB-C Hub,Technology,Accessories,East,Patna,2,34.36,0.15,58.42,6.32,Credit Card,2025,Apr,4,Q2,10.82,,
ORD01181,2025-04-12,Rahul Verma,Small Business,Ball Pen Set,Office Supplies,Stationery,West,Ahmedabad,5,7.5,0.2,29.98,4.41,UPI,2025,Apr,4,Q2,14.71,,
ORD02267,2025-04-12,Sana Kapoor,Small Business,HP Laser Printer,Technology,Printers,West,Pune,1,208.71,0.2,166.97,9.78,Net Banking,2025,Apr,4,Q2,5.86,,
ORD02573,2025-04-12,Diya Sharma,Corporate,Logitech Wireless Mouse,Technology,Accessories,North,Amritsar,1,28.23,0.15,24.0,2.97,UPI,2025,Apr,4,Q2,12.38,,
ORD03010,2025-04-12,Kunal Bansal,Consumer,Bookshelf,Furniture,Storage,East,Guwahati,1,102.9,0.1,92.61,8.38,Cash,2025,Apr,4,Q2,9.05,,
ORD03465,2025-04-12,Rahul Verma,Corporate,USB-C Hub,Technology,Accessories,North,Lucknow,1,37.16,0.1,33.44,4.51,Net Banking,2025,Apr,4,Q2,13.49,,
ORD03754,2025-04-12,Diya Sharma,Corporate,Conference Table,Furniture,Tables,North,Jaipur,1,421.93,0.15,358.64,15.15,UPI,2025,Apr,4,Q2,4.22,,
ORD04206,2025-04-12,Riya Kulkarni,Consumer,Lenovo IdeaPad 3,Technology,Laptops,South,Kochi,3,511.79,0.25,1151.52,-29.09,Credit Card,2025,Apr,4,Q2,-2.53,,
ORD00689,2025-04-13,Diya Sharma,Corporate,Conference Table,Furniture,Tables,South,Kochi,1,406.34,0.15,345.39,10.41,Cash,2025,Apr,4,Q2,3.01,,
ORD01174,2025-04-13,Arjun Nair,Consumer,Mechanical Keyboard,Technology,Accessories,North,Amritsar,8,71.41,0.1,514.16,57.13,Net Banking,2025,Apr,4,Q2,11.11,,
ORD01548,2025-04-13,Kunal Bansal,Consumer,USB-C Hub,Technology,Accessories,North,Amritsar,1,34.05,0.2,27.24,2.19,UPI,2025,Apr,4,Q2,8.04,,
ORD03695,2025-04-13,Sana Kapoor,Consumer,Samsung Galaxy A54,Technology,Phones,South,Hyderabad,3,317.03,0.0,951.08,63.26,UPI,2025,Apr,4,Q2,6.65,,
ORD02403,2025-04-14,Rohan Patel,Consumer,Samsung Galaxy A54,Technology,Phones,North,Delhi,1,330.92,0.0,330.92,32.21,Debit Card,2025,Apr,4,Q2,9.73,,
ORD02604,2025-04-14,Kiara Desai,Consumer,HP Pavilion 15,Technology,Laptops,South,Coimbatore,8,692.1,0.05,5259.98,390.01,UPI,2025,Apr,4,Q2,7.41,,
ORD00895,2025-04-15,Arjun Nair,Small Business,Ring Binder,Office Supplies,Binders,South,Hyderabad,10,7.27,0.2,58.18,9.0,Credit Card,2025,Apr,4,Q2,15.47,,
ORD01257,2025-04-15,Rahul Verma,Small Business,Ball Pen Set,Office Supplies,Stationery,West,Surat,2,8.37,0.0,16.73,3.66,UPI,2025,Apr,4,Q2,21.88,,
ORD01996,2025-04-15,Vivaan Singh,Small Business,Logitech Wireless Mouse,Technology,Accessories,North,Lucknow,4,26.14,0.1,94.12,14.35,Cash,2025,Apr,4,Q2,15.25,,
ORD02775,2025-04-15,Kiara Desai,Small Business,Ergonomic Office Chair,Furniture,Chairs,West,Mumbai,1,145.6,0.25,109.2,1.31,Debit Card,2025,Apr,4,Q2,1.2,,
ORD03714,2025-04-15,Aditya Rao,Consumer,Study Desk,Furniture,Tables,East,Ranchi,5,172.46,0.15,732.94,88.1,Debit Card,2025,Apr,4,Q2,12.02,,
ORD04042,2025-04-15,Aditya Rao,Consumer,Samsung Galaxy A54,Technology,Phones,East,Ranchi,1,306.6,0.0,306.6,12.59,Net Banking,2025,Apr,4,Q2,4.11,,
ORD01641,2025-04-16,Maya Thomas,Small Business,Desk Organizer,Office Supplies,Storage,North,Jaipur,3,14.2,0.1,38.34,7.24,Credit Card,2025,Apr,4,Q2,18.88,,
ORD02273,2025-04-16,Rahul Verma,Consumer,Ring Binder,Office Supplies,Binders,North,Delhi,4,6.91,0.0,27.65,7.29,Credit Card,2025,Apr,4,Q2,26.37,,
ORD04567,2025-04-16,Kabir Shah,Consumer,Ball Pen Set,Office Supplies,Stationery,West,Pune,3,8.01,0.3,16.82,1.65,Credit Card,2025,Apr,4,Q2,9.81,,
ORD00549,2025-04-17,Kiara Desai,Consumer,HP Laser Printer,Technology,Printers,East,Guwahati,5,223.72,0.05,1062.67,74.76,UPI,2025,Apr,4,Q2,7.04,,
ORD01303,2025-04-17,Dev Agarwal,Small Business,A4 Copy Paper,Office Supplies,Paper,West,Mumbai,5,6.29,0.25,23.58,2.22,UPI,2025,Apr,4,Q2,9.41,,
ORD01854,2025-04-17,Aarav Mehta,Consumer,Logitech Wireless Mouse,Technology,Accessories,East,Bhubaneswar,1,29.6,0.15,25.16,2.14,Credit Card,2025,Apr,4,Q2,8.51,,
ORD02392,2025-04-17,Neel Malhotra,Consumer,Notebook Pack,Office Supplies,Stationery,East,Patna,3,11.97,0.0,35.91,8.27,Credit Card,2025,Apr,4,Q2,23.03,,
ORD02440,2025-04-17,Maya Thomas,Consumer,Ergonomic Office Chair,Furniture,Chairs,South,Coimbatore,3,152.87,0.25,343.96,2.09,Net Banking,2025,Apr,4,Q2,0.61,,
ORD03516,2025-04-17,Aditya Rao,Consumer,HP Laser Printer,Technology,Printers,West,Ahmedabad,4,198.91,0.1,716.06,66.35,Credit Card,2025,Apr,4,Q2,9.27,,
ORD03646,2025-04-17,Sana Kapoor,Consumer,Filing Cabinet,Furniture,Storage,South,Coimbatore,3,92.04,0.0,276.12,42.73,UPI,2025,Apr,4,Q2,15.48,,
ORD02132,2025-04-18,Dev Agarwal,Corporate,Bookshelf,Furniture,Storage,West,Mumbai,1,116.57,0.1,104.92,10.86,UPI,2025,Apr,4,Q2,10.35,,
ORD02302,2025-04-18,Rahul Verma,Corporate,Ergonomic Office Chair,Furniture,Chairs,North,Lucknow,1,146.49,0.0,146.49,19.93,UPI,2025,Apr,4,Q2,13.61,,
ORD03297,2025-04-18,Ananya Iyer,Small Business,Ball Pen Set,Office Supplies,Stationery,West,Mumbai,1,8.04,0.05,7.63,1.91,Debit Card,2025,Apr,4,Q2,25.03,,
ORD03448,2025-04-18,Maya Thomas,Consumer,Samsung Galaxy A54,Technology,Phones,East,Ranchi,4,329.48,0.0,1317.91,185.74,UPI,2025,Apr,4,Q2,14.09,,
ORD03730,2025-04-18,Dev Agarwal,Consumer,Ball Pen Set,Office Supplies,Stationery,East,Kolkata,1,8.0,0.15,6.8,1.44,Credit Card,2025,Apr,4,Q2,21.18,,
ORD04270,2025-04-18,Aarav Mehta,Corporate,Apple iPhone 13,Technology,Phones,East,Patna,1,667.11,0.05,633.75,47.83,UPI,2025,Apr,4,Q2,7.55,,
ORD04398,2025-04-18,Diya Sharma,Consumer,Mechanical Keyboard,Technology,Accessories,West,Nagpur,1,67.34,0.05,63.97,10.51,Credit Card,2025,Apr,4,Q2,16.43,,
ORD04509,2025-04-18,Kunal Bansal,Consumer,Logitech Wireless Mouse,Technology,Accessories,South,Bengaluru,3,26.61,0.15,67.87,9.65,UPI,2025,Apr,4,Q2,14.22,,
ORD01211,2025-04-19,Kunal Bansal,Consumer,USB-C Hub,Technology,Accessories,South,Kochi,1,34.09,0.25,25.57,1.37,UPI,2025,Apr,4,Q2,5.36,,
ORD02430,2025-04-19,Neel Malhotra,Consumer,Ring Binder,Office Supplies,Binders,South,Coimbatore,3,6.83,0.05,19.47,5.07,Debit Card,2025,Apr,4,Q2,26.04,,
ORD04931,2025-04-19,Rahul Verma,Corporate,Bookshelf,Furniture,Storage,West,Nagpur,6,114.13,0.0,684.77,97.6,Net Banking,2025,Apr,4,Q2,14.25,,
ORD00021,2025-04-20,Vivaan Singh,Consumer,Notebook Pack,Office Supplies,Stationery,West,Surat,5,11.45,0.0,57.26,15.88,Credit Card,2025,Apr,4,Q2,27.73,,
ORD00117,2025-04-20,Diya Sharma,Corporate,HP Laser Printer,Technology,Printers,North,Jaipur,4,221.99,0.3,621.58,-15.86,Net Banking,2025,Apr,4,Q2,-2.55,,
ORD00837,2025-04-20,Rohan Patel,Consumer,Filing Cabinet,Furniture,Storage,North,Lucknow,8,99.24,0.3,555.75,-0.74,Net Banking,2025,Apr,4,Q2,-0.13,,
ORD02855,2025-04-20,Kunal Bansal,Consumer,Ring Binder,Office Supplies,Binders,North,Amritsar,2,6.63,0.0,13.26,3.35,UPI,2025,Apr,4,Q2,25.26,,
ORD03498,2025-04-20,Diya Sharma,Corporate,USB-C Hub,Technology,Accessories,South,Chennai,4,35.53,0.15,120.81,18.36,UPI,2025,Apr,4,Q2,15.2,,
ORD03712,2025-04-20,Kabir Shah,Consumer,Stapler,Office Supplies,Stationery,West,Ahmedabad,1,9.49,0.05,9.01,2.19,Cash,2025,Apr,4,Q2,24.31,,
ORD03779,2025-04-20,Dev Agarwal,Corporate,Bookshelf,Furniture,Storage,East,Patna,8,107.45,0.0,859.57,133.05,Credit Card,2025,Apr,4,Q2,15.48,,
ORD04800,2025-04-20,Ishita Gupta,Corporate,USB-C Hub,Technology,Accessories,West,Nagpur,5,36.51,0.1,164.3,25.56,UPI,2025,Apr,4,Q2,15.56,,
ORD01850,2025-04-21,Tara Menon,Corporate,Apple iPhone 13,Technology,Phones,East,Guwahati,6,675.44,0.15,3444.77,-96.92,Debit Card,2025,Apr,4,Q2,-2.81,,
ORD01892,2025-04-21,Kabir Shah,Consumer,Filing Cabinet,Furniture,Storage,East,Bhubaneswar,2,98.38,0.15,167.25,8.45,Net Banking,2025,Apr,4,Q2,5.05,,
ORD00934,2025-04-22,Aditya Rao,Small Business,Ring Binder,Office Supplies,Binders,North,Amritsar,6,6.77,0.05,38.58,9.62,Net Banking,2025,Apr,4,Q2,24.94,,
ORD01524,2025-04-22,Rohan Patel,Consumer,Samsung Galaxy A54,Technology,Phones,South,Coimbatore,1,324.25,0.15,275.61,-5.46,UPI,2025,Apr,4,Q2,-1.98,,
ORD01673,2025-04-22,Arjun Nair,Consumer,Desk Organizer,Office Supplies,Storage,South,Kochi,1,14.89,0.25,11.17,1.24,UPI,2025,Apr,4,Q2,11.1,,
ORD01817,2025-04-22,Neel Malhotra,Consumer,Ergonomic Office Chair,Furniture,Chairs,East,Bhubaneswar,2,153.06,0.2,244.89,11.25,Cash,2025,Apr,4,Q2,4.59,,
ORD02642,2025-04-22,Kabir Shah,Consumer,Bookshelf,Furniture,Storage,South,Bengaluru,1,117.41,0.1,105.67,15.99,Net Banking,2025,Apr,4,Q2,15.13,,
ORD03223,2025-04-22,Aarav Mehta,Corporate,Ball Pen Set,Office Supplies,Stationery,South,Coimbatore,2,7.87,0.0,15.73,4.63,UPI,2025,Apr,4,Q2,29.43,,
ORD04392,2025-04-22,Maya Thomas,Corporate,HP Pavilion 15,Technology,Laptops,East,Ranchi,2,637.32,0.2,1019.72,-6.07,UPI,2025,Apr,4,Q2,-0.6,,
ORD04683,2025-04-22,Aisha Khan,Consumer,HP Laser Printer,Technology,Printers,South,Kochi,2,211.34,0.3,295.88,-14.24,UPI,2025,Apr,4,Q2,-4.81,,
ORD00007,2025-04-23,Neel Malhotra,Corporate,Desk Organizer,Office Supplies,Storage,West,Ahmedabad,1,13.56,0.2,10.85,1.12,UPI,2025,Apr,4,Q2,10.32,,
ORD00602,2025-04-23,Vivaan Singh,Consumer,Filing Cabinet,Furniture,Storage,North,Jaipur,1,90.52,0.0,90.52,11.26,Cash,2025,Apr,4,Q2,12.44,,
ORD03085,2025-04-23,Ananya Iyer,Consumer,Stapler,Office Supplies,Stationery,South,Chennai,4,8.55,0.0,34.18,6.34,UPI,2025,Apr,4,Q2,18.55,,
ORD03104,2025-04-23,Maya Thomas,Consumer,Notebook Pack,Office Supplies,Stationery,East,Guwahati,5,12.05,0.0,60.25,14.93,Credit Card,2025,Apr,4,Q2,24.78,,
ORD03136,2025-04-23,Aarav Mehta,Corporate,Filing Cabinet,Furniture,Storage,West,Mumbai,1,100.55,0.15,85.47,5.37,UPI,2025,Apr,4,Q2,6.28,,
ORD02386,2025-04-24,Meera Joshi,Consumer,Stapler,Office Supplies,Stationery,East,Bhubaneswar,4,8.41,0.05,31.95,5.37,UPI,2025,Apr,4,Q2,16.81,,
ORD03013,2025-04-24,Riya Kulkarni,Corporate,Ball Pen Set,Office Supplies,Stationery,South,Bengaluru,6,7.82,0.15,39.9,5.42,Credit Card,2025,Apr,4,Q2,13.58,,
ORD03201,2025-04-24,Rahul Verma,Consumer,Ergonomic Office Chair,Furniture,Chairs,North,Chandigarh,1,138.34,0.2,110.67,3.3,Credit Card,2025,Apr,4,Q2,2.98,,
ORD03571,2025-04-24,Dev Agarwal,Consumer,Ring Binder,Office Supplies,Binders,East,Kolkata,4,6.53,0.1,23.52,4.85,Debit Card,2025,Apr,4,Q2,20.62,,
ORD00371,2025-04-25,Ishita Gupta,Consumer,Bookshelf,Furniture,Storage,South,Hyderabad,3,111.91,0.25,251.79,-6.56,UPI,2025,Apr,4,Q2,-2.61,,
ORD00567,2025-04-25,Kunal Bansal,Consumer,A4 Copy Paper,Office Supplies,Paper,East,Guwahati,3,5.9,0.1,15.94,2.89,Credit Card,2025,Apr,4,Q2,18.13,,
ORD01088,2025-04-25,Kunal Bansal,Corporate,Ring Binder,Office Supplies,Binders,East,Guwahati,6,6.91,0.3,29.0,3.31,UPI,2025,Apr,4,Q2,11.41,,
ORD01556,2025-04-25,Meera Joshi,Small Business,Notebook Pack,Office Supplies,Stationery,West,Surat,2,12.3,0.0,24.6,5.63,UPI,2025,Apr,4,Q2,22.89,,
ORD01953,2025-04-25,Aarav Mehta,Consumer,Conference Table,Furniture,Tables,West,Nagpur,2,440.49,0.0,880.99,96.43,Credit Card,2025,Apr,4,Q2,10.95,,
ORD04519,2025-04-25,Riya Kulkarni,Consumer,Study Desk,Furniture,Tables,West,Nagpur,3,191.82,0.15,489.13,5.69,Debit Card,2025,Apr,4,Q2,1.16,,
ORD00357,2025-04-26,Aarav Mehta,Consumer,Ball Pen Set,Office Supplies,Stationery,West,Pune,2,8.41,0.0,16.82,4.63,Net Banking,2025,Apr,4,Q2,27.53,,
ORD02040,2025-04-26,Kiara Desai,Corporate,Apple iPhone 13,Technology,Phones,East,Bhubaneswar,1,618.81,0.2,495.05,-27.13,Credit Card,2025,Apr,4,Q2,-5.48,,
ORD02318,2025-04-26,Sana Kapoor,Consumer,Lenovo IdeaPad 3,Technology,Laptops,South,Chennai,1,485.28,0.25,363.96,-26.74,UPI,2025,Apr,4,Q2,-7.35,,
ORD03268,2025-04-26,Dev Agarwal,Corporate,Desk Organizer,Office Supplies,Storage,North,Lucknow,5,14.34,0.1,64.53,11.76,Net Banking,2025,Apr,4,Q2,18.22,,
ORD00064,2025-04-27,Meera Joshi,Corporate,Ring Binder,Office Supplies,Binders,West,Ahmedabad,1,7.05,0.3,4.93,0.56,Credit Card,2025,Apr,4,Q2,11.36,,
ORD00911,2025-04-27,Rahul Verma,Corporate,Bookshelf,Furniture,Storage,East,Kolkata,4,106.89,0.05,406.17,48.81,Credit Card,2025,Apr,4,Q2,12.02,,
ORD01087,2025-04-27,Vivaan Singh,Corporate,USB-C Hub,Technology,Accessories,North,Lucknow,1,35.59,0.15,30.25,3.83,Credit Card,2025,Apr,4,Q2,12.66,,
ORD01791,2025-04-27,Ishita Gupta,Corporate,Ergonomic Office Chair,Furniture,Chairs,North,Lucknow,2,149.28,0.2,238.85,4.91,UPI,2025,Apr,4,Q2,2.06,,
ORD02139,2025-04-27,Aisha Khan,Small Business,Mechanical Keyboard,Technology,Accessories,West,Pune,1,74.25,0.2,59.4,3.08,Credit Card,2025,Apr,4,Q2,5.19,,
ORD02288,2025-04-27,Meera Joshi,Consumer,Ball Pen Set,Office Supplies,Stationery,East,Patna,6,7.61,0.2,36.51,5.52,Debit Card,2025,Apr,4,Q2,15.12,,
ORD02744,2025-04-27,Kabir Shah,Consumer,Conference Table,Furniture,Tables,East,Patna,3,433.66,0.1,1170.87,39.64,Net Banking,2025,Apr,4,Q2,3.39,,
ORD03043,2025-04-27,Tara Menon,Consumer,Ring Binder,Office Supplies,Binders,South,Hyderabad,2,6.63,0.15,11.27,1.63,UPI,2025,Apr,4,Q2,14.46,,
ORD04092,2025-04-27,Riya Kulkarni,Corporate,Mechanical Keyboard,Technology,Accessories,West,Nagpur,1,75.86,0.3,53.1,-2.1,Net Banking,2025,Apr,4,Q2,-3.95,,
ORD02423,2025-04-28,Tara Menon,Corporate,Lenovo IdeaPad 3,Technology,Laptops,South,Chennai,3,484.39,0.2,1162.54,-23.21,UPI,2025,Apr,4,Q2,-2.0,,
ORD03520,2025-04-28,Neel Malhotra,Corporate,Study Desk,Furniture,Tables,North,Chandigarh,1,174.35,0.0,174.35,15.51,Debit Card,2025,Apr,4,Q2,8.9,,
ORD03581,2025-04-28,Vivaan Singh,Consumer,Logitech Wireless Mouse,Technology,Accessories,North,Lucknow,5,29.79,0.15,126.59,12.27,Credit Card,2025,Apr,4,Q2,9.69,,
ORD04347,2025-04-29,Rahul Verma,Consumer,Mechanical Keyboard,Technology,Accessories,West,Pune,3,75.53,0.05,215.27,22.61,Debit Card,2025,Apr,4,Q2,10.5,,
ORD02143,2025-04-30,Diya Sharma,Consumer,USB-C Hub,Technology,Accessories,South,Hyderabad,8,36.72,0.0,293.73,68.14,UPI,2025,Apr,4,Q2,23.2,,
ORD02591,2025-04-30,Tara Menon,Small Business,Bookshelf,Furniture,Storage,East,Ranchi,1,111.42,0.0,111.42,19.18,UPI,2025,Apr,4,Q2,17.21,,
ORD02849,2025-04-30,Tara Menon,Consumer,HP Laser Printer,Technology,Printers,West,Ahmedabad,4,202.39,0.15,688.13,25.42,Net Banking,2025,Apr,4,Q2,3.69,,
ORD03821,2025-05-01,Maya Thomas,Consumer,HP Pavilion 15,Technology,Laptops,West,Nagpur,4,640.37,0.0,2561.47,214.91,Credit Card,2025,May,5,Q2,8.39,,
ORD04115,2025-05-01,Ishita Gupta,Small Business,Filing Cabinet,Furniture,Storage,East,Kolkata,4,93.1,0.0,372.4,57.95,UPI,2025,May,5,Q2,15.56,,
ORD00160,2025-05-02,Arjun Nair,Corporate,Stapler,Office Supplies,Stationery,South,Chennai,8,8.96,0.1,64.55,10.6,Credit Card,2025,May,5,Q2,16.42,,
ORD00574,2025-05-02,Arjun Nair,Consumer,Ergonomic Office Chair,Furniture,Chairs,West,Ahmedabad,1,150.04,0.25,112.53,-2.15,Net Banking,2025,May,5,Q2,-1.91,,
ORD01839,2025-05-02,Riya Kulkarni,Small Business,Dell 24-inch Monitor,Technology,Monitors,West,Pune,4,181.85,0.1,654.66,36.09,UPI,2025,May,5,Q2,5.51,,
ORD04586,2025-05-02,Ananya Iyer,Corporate,Samsung Galaxy A54,Technology,Phones,West,Ahmedabad,4,333.24,0.0,1332.95,132.17,UPI,2025,May,5,Q2,9.92,,
ORD01716,2025-05-03,Tara Menon,Corporate,Apple iPhone 13,Technology,Phones,South,Hyderabad,4,647.34,0.3,1812.56,-183.29,Net Banking,2025,May,5,Q2,-10.11,,
ORD02149,2025-05-03,Aisha Khan,Consumer,Logitech Wireless Mouse,Technology,Accessories,South,Bengaluru,3,26.19,0.05,74.65,8.38,Cash,2025,May,5,Q2,11.23,,
ORD02153,2025-05-03,Aisha Khan,Consumer,Apple iPhone 13,Technology,Phones,North,Delhi,5,662.06,0.0,3310.32,182.63,UPI,2025,May,5,Q2,5.52,,
ORD02800,2025-05-03,Meera Joshi,Small Business,Dell 24-inch Monitor,Technology,Monitors,East,Patna,1,183.17,0.0,183.17,23.99,Credit Card,2025,May,5,Q2,13.1,,
ORD04557,2025-05-03,Diya Sharma,Consumer,Desk Organizer,Office Supplies,Storage,North,Delhi,2,14.57,0.0,29.14,6.17,UPI,2025,May,5,Q2,21.17,,
ORD01461,2025-05-04,Maya Thomas,Consumer,Ring Binder,Office Supplies,Binders,West,Surat,3,7.3,0.0,21.91,5.7,Debit Card,2025,May,5,Q2,26.02,,
ORD04113,2025-05-04,Ishita Gupta,Corporate,HP Pavilion 15,Technology,Laptops,North,Delhi,4,721.83,0.1,2598.58,111.44,UPI,2025,May,5,Q2,4.29,,
ORD04500,2025-05-04,Diya Sharma,Consumer,Study Desk,Furniture,Tables,South,Hyderabad,1,175.95,0.2,140.76,-2.88,Debit Card,2025,May,5,Q2,-2.05,,
ORD04531,2025-05-04,Kunal Bansal,Corporate,Stapler,Office Supplies,Stationery,West,Pune,3,8.59,0.2,20.61,2.97,UPI,2025,May,5,Q2,14.41,,
ORD00185,2025-05-05,Ishita Gupta,Consumer,Stapler,Office Supplies,Stationery,West,Ahmedabad,6,9.04,0.15,46.11,6.98,Debit Card,2025,May,5,Q2,15.14,,
ORD00432,2025-05-05,Maya Thomas,Corporate,Bookshelf,Furniture,Storage,South,Kochi,1,113.53,0.0,113.53,18.18,Debit Card,2025,May,5,Q2,16.01,,
ORD00529,2025-05-05,Vivaan Singh,Consumer,Notebook Pack,Office Supplies,Stationery,East,Kolkata,1,12.23,0.15,10.39,1.73,Debit Card,2025,May,5,Q2,16.65,,
ORD01613,2025-05-05,Arjun Nair,Consumer,Ring Binder,Office Supplies,Binders,East,Bhubaneswar,6,6.61,0.0,39.64,10.05,UPI,2025,May,5,Q2,25.35,,
ORD02252,2025-05-05,Riya Kulkarni,Consumer,Desk Organizer,Office Supplies,Storage,East,Bhubaneswar,1,14.82,0.0,14.82,3.68,UPI,2025,May,5,Q2,24.83,,
ORD00779,2025-05-06,Vivaan Singh,Consumer,Study Desk,Furniture,Tables,East,Bhubaneswar,2,184.48,0.15,313.62,12.52,Credit Card,2025,May,5,Q2,3.99,,
ORD00935,2025-05-06,Ishita Gupta,Consumer,Lenovo IdeaPad 3,Technology,Laptops,West,Mumbai,4,519.19,0.2,1661.4,4.7,Credit Card,2025,May,5,Q2,0.28,,
ORD02487,2025-05-06,Neel Malhotra,Consumer,Filing Cabinet,Furniture,Storage,East,Patna,1,89.86,0.15,76.38,5.44,Debit Card,2025,May,5,Q2,7.12,,
ORD02614,2025-05-06,Kabir Shah,Consumer,USB-C Hub,Technology,Accessories,West,Pune,1,35.13,0.05,33.38,5.79,Net Banking,2025,May,5,Q2,17.35,,
ORD04234,2025-05-06,Aarav Mehta,Corporate,Conference Table,Furniture,Tables,South,Hyderabad,4,440.36,0.0,1761.46,208.95,Credit Card,2025,May,5,Q2,11.86,,
ORD00639,2025-05-07,Aarav Mehta,Corporate,Logitech Wireless Mouse,Technology,Accessories,East,Bhubaneswar,6,27.23,0.1,147.05,18.18,Credit Card,2025,May,5,Q2,12.36,,
ORD02138,2025-05-07,Ishita Gupta,Corporate,HP Pavilion 15,Technology,Laptops,North,Lucknow,2,649.09,0.25,973.63,-2.63,Cash,2025,May,5,Q2,-0.27,,
ORD03349,2025-05-07,Vivaan Singh,Corporate,Ergonomic Office Chair,Furniture,Chairs,West,Nagpur,3,136.91,0.2,328.57,0.67,Debit Card,2025,May,5,Q2,0.2,,
ORD04523,2025-05-07,Dev Agarwal,Small Business,Mechanical Keyboard,Technology,Accessories,South,Hyderabad,6,74.24,0.05,423.19,51.66,UPI,2025,May,5,Q2,12.21,,
ORD00001,2025-05-08,Sana Kapoor,Corporate,Mechanical Keyboard,Technology,Accessories,West,Pune,4,67.4,0.0,269.61,46.11,Debit Card,2025,May,5,Q2,17.1,,
ORD00367,2025-05-08,Dev Agarwal,Consumer,Logitech Wireless Mouse,Technology,Accessories,South,Hyderabad,2,27.51,0.2,44.02,2.22,Cash,2025,May,5,Q2,5.04,,
ORD01106,2025-05-08,Rohan Patel,Corporate,Dell 24-inch Monitor,Technology,Monitors,North,Jaipur,2,171.05,0.15,290.79,17.7,Net Banking,2025,May,5,Q2,6.09,,
ORD01160,2025-05-08,Kunal Bansal,Consumer,Lenovo IdeaPad 3,Technology,Laptops,West,Pune,5,556.13,0.1,2502.59,238.83,Net Banking,2025,May,5,Q2,9.54,,
ORD01772,2025-05-08,Sana Kapoor,Consumer,Dell 24-inch Monitor,Technology,Monitors,South,Kochi,4,184.99,0.0,739.96,67.22,Credit Card,2025,May,5,Q2,9.08,,
ORD03006,2025-05-08,Aisha Khan,Corporate,Dell 24-inch Monitor,Technology,Monitors,North,Lucknow,2,176.1,0.25,264.16,-18.98,Credit Card,2025,May,5,Q2,-7.19,,
ORD01331,2025-05-09,Sana Kapoor,Small Business,Logitech Wireless Mouse,Technology,Accessories,East,Patna,10,26.12,0.1,235.07,32.97,Debit Card,2025,May,5,Q2,14.03,,
ORD04416,2025-05-09,Rohan Patel,Consumer,Bookshelf,Furniture,Storage,West,Surat,1,109.73,0.25,82.3,-0.8,Debit Card,2025,May,5,Q2,-0.97,,
ORD04700,2025-05-09,Rohan Patel,Small Business,Filing Cabinet,Furniture,Storage,South,Hyderabad,3,100.35,0.05,286.01,19.26,UPI,2025,May,5,Q2,6.73,,
ORD04850,2025-05-09,Aisha Khan,Consumer,Samsung Galaxy A54,Technology,Phones,South,Chennai,1,311.34,0.2,249.08,6.32,Credit Card,2025,May,5,Q2,2.54,,
ORD04864,2025-05-09,Tara Menon,Consumer,Conference Table,Furniture,Tables,South,Kochi,5,447.79,0.2,1791.15,-4.95,UPI,2025,May,5,Q2,-0.28,,
ORD01612,2025-05-10,Dev Agarwal,Consumer,Apple iPhone 13,Technology,Phones,South,Chennai,2,641.72,0.25,962.58,-23.11,Credit Card,2025,May,5,Q2,-2.4,,
ORD04487,2025-05-10,Maya Thomas,Consumer,Mechanical Keyboard,Technology,Accessories,South,Coimbatore,2,69.36,0.05,131.78,19.32,UPI,2025,May,5,Q2,14.66,,
ORD00201,2025-05-11,Kabir Shah,Consumer,Apple iPhone 13,Technology,Phones,South,Bengaluru,2,652.87,0.0,1305.75,53.59,Net Banking,2025,May,5,Q2,4.1,,
ORD00418,2025-05-11,Neel Malhotra,Consumer,Ball Pen Set,Office Supplies,Stationery,West,Ahmedabad,4,8.2,0.0,32.8,8.14,Net Banking,2025,May,5,Q2,24.82,,
ORD00621,2025-05-11,Aditya Rao,Consumer,A4 Copy Paper,Office Supplies,Paper,North,Amritsar,1,6.33,0.25,4.75,0.25,Debit Card,2025,May,5,Q2,5.26,,
ORD00957,2025-05-11,Ishita Gupta,Corporate,A4 Copy Paper,Office Supplies,Paper,North,Jaipur,4,5.91,0.2,18.92,2.44,Credit Card,2025,May,5,Q2,12.9,,
ORD01933,2025-05-11,Aarav Mehta,Corporate,Ball Pen Set,Office Supplies,Stationery,West,Mumbai,4,7.73,0.05,29.36,6.89,Credit Card,2025,May,5,Q2,23.47,,
ORD02952,2025-05-11,Aisha Khan,Corporate,Desk Organizer,Office Supplies,Storage,North,Jaipur,1,13.07,0.05,12.41,2.64,Debit Card,2025,May,5,Q2,21.27,,
ORD03139,2025-05-11,Riya Kulkarni,Small Business,A4 Copy Paper,Office Supplies,Paper,West,Pune,1,5.87,0.2,4.69,0.42,Debit Card,2025,May,5,Q2,8.96,,
ORD00025,2025-05-12,Riya Kulkarni,Consumer,Ergonomic Office Chair,Furniture,Chairs,North,Delhi,1,136.33,0.25,102.25,-3.26,Cash,2025,May,5,Q2,-3.19,,
ORD01048,2025-05-12,Neel Malhotra,Consumer,Ball Pen Set,Office Supplies,Stationery,South,Bengaluru,3,8.06,0.2,19.34,3.55,Debit Card,2025,May,5,Q2,18.36,,
ORD03798,2025-05-12,Tara Menon,Consumer,Mechanical Keyboard,Technology,Accessories,North,Amritsar,5,74.79,0.05,355.25,54.72,Net Banking,2025,May,5,Q2,15.4,,
ORD04400,2025-05-12,Kiara Desai,Consumer,Filing Cabinet,Furniture,Storage,East,Patna,8,91.92,0.05,698.58,70.13,UPI,2025,May,5,Q2,10.04,,
ORD00105,2025-05-13,Aditya Rao,Consumer,Conference Table,Furniture,Tables,East,Kolkata,1,425.2,0.3,297.64,-17.57,Debit Card,2025,May,5,Q2,-5.9,,
ORD00301,2025-05-13,Ishita Gupta,Small Business,Notebook Pack,Office Supplies,Stationery,West,Pune,6,11.7,0.05,66.69,13.38,UPI,2025,May,5,Q2,20.06,,
ORD01740,2025-05-13,Tara Menon,Consumer,Dell 24-inch Monitor,Technology,Monitors,East,Patna,8,175.07,0.1,1260.5,132.77,Cash,2025,May,5,Q2,10.53,,
ORD04743,2025-05-13,Aarav Mehta,Consumer,Samsung Galaxy A54,Technology,Phones,North,Chandigarh,3,317.38,0.0,952.15,82.08,Credit Card,2025,May,5,Q2,8.62,,
ORD00299,2025-05-14,Vivaan Singh,Small Business,Notebook Pack,Office Supplies,Stationery,East,Patna,1,12.75,0.05,12.11,2.74,Credit Card,2025,May,5,Q2,22.63,,
ORD01429,2025-05-14,Ishita Gupta,Corporate,Ring Binder,Office Supplies,Binders,West,Mumbai,3,7.46,0.05,21.26,5.65,Credit Card,2025,May,5,Q2,26.58,,
ORD03589,2025-05-14,Kabir Shah,Consumer,Mechanical Keyboard,Technology,Accessories,North,Chandigarh,4,74.02,0.3,207.27,4.07,Debit Card,2025,May,5,Q2,1.96,,
ORD00056,2025-05-15,Rahul Verma,Consumer,Stapler,Office Supplies,Stationery,North,Chandigarh,1,8.63,0.25,6.47,0.74,UPI,2025,May,5,Q2,11.44,,
ORD00383,2025-05-15,Aditya Rao,Consumer,Ring Binder,Office Supplies,Binders,East,Ranchi,4,7.26,0.05,27.59,5.76,Net Banking,2025,May,5,Q2,20.88,,
ORD00749,2025-05-15,Rohan Patel,Corporate,A4 Copy Paper,Office Supplies,Paper,North,Jaipur,8,5.64,0.0,45.08,10.21,UPI,2025,May,5,Q2,22.65,,
ORD01675,2025-05-15,Tara Menon,Corporate,Lenovo IdeaPad 3,Technology,Laptops,South,Hyderabad,2,504.68,0.2,807.49,-22.01,Credit Card,2025,May,5,Q2,-2.73,,
ORD03084,2025-05-15,Neel Malhotra,Consumer,A4 Copy Paper,Office Supplies,Paper,East,Bhubaneswar,2,6.18,0.05,11.74,2.41,Net Banking,2025,May,5,Q2,20.53,,
ORD00403,2025-05-16,Ananya Iyer,Consumer,Lenovo IdeaPad 3,Technology,Laptops,West,Pune,4,553.79,0.05,2104.39,159.27,Net Banking,2025,May,5,Q2,7.57,,
ORD01494,2025-05-16,Aditya Rao,Consumer,HP Laser Printer,Technology,Printers,South,Chennai,1,200.2,0.2,160.16,1.97,Debit Card,2025,May,5,Q2,1.23,,
ORD02537,2025-05-16,Neel Malhotra,Consumer,Apple iPhone 13,Technology,Phones,North,Chandigarh,1,611.93,0.05,581.34,33.02,Net Banking,2025,May,5,Q2,5.68,,
ORD00139,2025-05-17,Meera Joshi,Corporate,Filing Cabinet,Furniture,Storage,South,Kochi,2,88.84,0.1,159.91,11.05,UPI,2025,May,5,Q2,6.91,,
ORD00345,2025-05-17,Tara Menon,Corporate,A4 Copy Paper,Office Supplies,Paper,North,Jaipur,4,6.05,0.05,22.98,3.25,UPI,2025,May,5,Q2,14.14,,
ORD00606,2025-05-17,Arjun Nair,Consumer,Desk Organizer,Office Supplies,Storage,South,Bengaluru,2,13.64,0.2,21.83,3.03,Credit Card,2025,May,5,Q2,13.88,,
ORD01537,2025-05-17,Rahul Verma,Corporate,Mechanical Keyboard,Technology,Accessories,North,Chandigarh,3,71.47,0.0,214.42,42.33,Cash,2025,May,5,Q2,19.74,,
ORD02036,2025-05-17,Sana Kapoor,Corporate,Desk Organizer,Office Supplies,Storage,South,Bengaluru,3,14.74,0.1,39.8,5.52,Debit Card,2025,May,5,Q2,13.87,,
ORD02746,2025-05-17,Maya Thomas,Consumer,Ring Binder,Office Supplies,Binders,East,Ranchi,4,7.02,0.15,23.87,3.31,Credit Card,2025,May,5,Q2,13.87,,
ORD03054,2025-05-17,Riya Kulkarni,Consumer,Desk Organizer,Office Supplies,Storage,South,Chennai,5,14.92,0.25,55.95,2.94,UPI,2025,May,5,Q2,5.25,,
ORD03456,2025-05-17,Riya Kulkarni,Small Business,Ball Pen Set,Office Supplies,Stationery,East,Patna,4,7.64,0.05,29.03,6.91,Credit Card,2025,May,5,Q2,23.8,,
ORD00863,2025-05-18,Kunal Bansal,Consumer,Filing Cabinet,Furniture,Storage,North,Jaipur,1,91.46,0.25,68.59,2.21,Debit Card,2025,May,5,Q2,3.22,,
ORD01663,2025-05-18,Meera Joshi,Small Business,Dell 24-inch Monitor,Technology,Monitors,West,Mumbai,1,176.57,0.15,150.09,9.95,Debit Card,2025,May,5,Q2,6.63,,
ORD04241,2025-05-18,Ananya Iyer,Small Business,Ergonomic Office Chair,Furniture,Chairs,South,Coimbatore,3,136.46,0.0,409.39,63.45,UPI,2025,May,5,Q2,15.5,,
ORD04948,2025-05-18,Sana Kapoor,Small Business,Filing Cabinet,Furniture,Storage,West,Pune,6,96.49,0.15,492.12,42.66,Net Banking,2025,May,5,Q2,8.67,,
ORD00080,2025-05-19,Ananya Iyer,Consumer,Ergonomic Office Chair,Furniture,Chairs,East,Patna,3,142.36,0.2,341.67,21.48,UPI,2025,May,5,Q2,6.29,,
ORD00459,2025-05-19,Diya Sharma,Consumer,Study Desk,Furniture,Tables,West,Nagpur,2,173.42,0.25,260.13,-6.71,UPI,2025,May,5,Q2,-2.58,,
ORD00708,2025-05-19,Vivaan Singh,Small Business,Study Desk,Furniture,Tables,West,Ahmedabad,4,188.23,0.0,752.9,103.31,Credit Card,2025,May,5,Q2,13.72,,
ORD00238,2025-05-20,Kiara Desai,Consumer,HP Laser Printer,Technology,Printers,North,Delhi,10,205.22,0.3,1436.51,-20.46,Credit Card,2025,May,5,Q2,-1.42,,
ORD02181,2025-05-20,Maya Thomas,Consumer,Bookshelf,Furniture,Storage,West,Surat,1,114.88,0.15,97.64,9.26,Net Banking,2025,May,5,Q2,9.48,,
ORD02727,2025-05-20,Aditya Rao,Consumer,Dell 24-inch Monitor,Technology,Monitors,West,Surat,1,164.23,0.25,123.18,-0.76,UPI,2025,May,5,Q2,-0.62,,
ORD00008,2025-05-21,Ananya Iyer,Corporate,Filing Cabinet,Furniture,Storage,North,Lucknow,2,100.61,0.0,201.22,27.36,Credit Card,2025,May,5,Q2,13.6,,
ORD00053,2025-05-22,Sana Kapoor,Consumer,Samsung Galaxy A54,Technology,Phones,East,Ranchi,2,313.37,0.2,501.39,-13.22,Credit Card,2025,May,5,Q2,-2.64,,
ORD01324,2025-05-22,Aisha Khan,Consumer,Mechanical Keyboard,Technology,Accessories,West,Nagpur,3,72.01,0.0,216.02,35.4,Debit Card,2025,May,5,Q2,16.39,,
ORD01691,2025-05-22,Sana Kapoor,Small Business,Bookshelf,Furniture,Storage,South,Kochi,2,115.49,0.1,207.89,11.63,Cash,2025,May,5,Q2,5.59,,
ORD02841,2025-05-22,Aditya Rao,Corporate,Ball Pen Set,Office Supplies,Stationery,North,Amritsar,5,7.55,0.25,28.31,2.84,Credit Card,2025,May,5,Q2,10.03,,
ORD03418,2025-05-22,Vivaan Singh,Consumer,A4 Copy Paper,Office Supplies,Paper,North,Lucknow,1,6.09,0.15,5.18,0.59,Debit Card,2025,May,5,Q2,11.39,,
ORD04829,2025-05-22,Ishita Gupta,Consumer,HP Pavilion 15,Technology,Laptops,West,Pune,5,646.63,0.2,2586.54,-49.12,UPI,2025,May,5,Q2,-1.9,,
ORD00495,2025-05-23,Rohan Patel,Corporate,USB-C Hub,Technology,Accessories,West,Pune,8,33.21,0.1,239.12,27.99,Cash,2025,May,5,Q2,11.71,,
ORD00715,2025-05-23,Aditya Rao,Corporate,A4 Copy Paper,Office Supplies,Paper,West,Mumbai,2,6.19,0.3,8.67,0.37,Credit Card,2025,May,5,Q2,4.27,,
ORD01142,2025-05-23,Sana Kapoor,Corporate,A4 Copy Paper,Office Supplies,Paper,West,Mumbai,2,6.0,0.2,9.61,1.33,Debit Card,2025,May,5,Q2,13.84,,
ORD01711,2025-05-23,Kabir Shah,Consumer,Mechanical Keyboard,Technology,Accessories,North,Jaipur,1,71.49,0.05,67.91,8.5,UPI,2025,May,5,Q2,12.52,,
ORD02042,2025-05-23,Aisha Khan,Consumer,Stapler,Office Supplies,Stationery,South,Chennai,2,9.39,0.2,15.02,1.03,Debit Card,2025,May,5,Q2,6.86,,
ORD04318,2025-05-23,Arjun Nair,Consumer,Study Desk,Furniture,Tables,South,Coimbatore,1,190.04,0.2,152.03,-0.19,Credit Card,2025,May,5,Q2,-0.12,,
ORD04933,2025-05-23,Rahul Verma,Small Business,Dell 24-inch Monitor,Technology,Monitors,North,Jaipur,4,167.36,0.2,535.55,1.8,Cash,2025,May,5,Q2,0.34,,
ORD04175,2025-05-24,Aarav Mehta,Consumer,Desk Organizer,Office Supplies,Storage,West,Ahmedabad,8,14.92,0.0,119.38,25.65,UPI,2025,May,5,Q2,21.49,,
ORD03031,2025-05-25,Aarav Mehta,Corporate,Notebook Pack,Office Supplies,Stationery,West,Surat,4,11.3,0.15,38.41,7.29,UPI,2025,May,5,Q2,18.98,,
ORD03462,2025-05-25,Meera Joshi,Consumer,HP Laser Printer,Technology,Printers,East,Kolkata,1,214.88,0.3,150.41,-6.58,UPI,2025,May,5,Q2,-4.37,,
ORD04066,2025-05-25,Aisha Khan,Consumer,Notebook Pack,Office Supplies,Stationery,West,Nagpur,6,12.04,0.05,68.63,14.43,Credit Card,2025,May,5,Q2,21.03,,
ORD01118,2025-05-26,Vivaan Singh,Corporate,Dell 24-inch Monitor,Technology,Monitors,North,Delhi,1,169.67,0.15,144.22,4.42,Credit Card,2025,May,5,Q2,3.06,,
ORD02454,2025-05-26,Vivaan Singh,Consumer,Apple iPhone 13,Technology,Phones,East,Guwahati,3,672.1,0.1,1814.68,13.04,UPI,2025,May,5,Q2,0.72,,
ORD03213,2025-05-26,Vivaan Singh,Consumer,Notebook Pack,Office Supplies,Stationery,North,Chandigarh,2,12.57,0.15,21.38,1.31,Net Banking,2025,May,5,Q2,6.13,,
ORD03675,2025-05-26,Arjun Nair,Consumer,Ergonomic Office Chair,Furniture,Chairs,West,Pune,10,135.46,0.1,1219.13,142.15,Net Banking,2025,May,5,Q2,11.66,,
ORD03766,2025-05-26,Ishita Gupta,Consumer,Ball Pen Set,Office Supplies,Stationery,North,Amritsar,2,7.92,0.2,12.68,2.48,Credit Card,2025,May,5,Q2,19.56,,
ORD04483,2025-05-26,Ishita Gupta,Consumer,A4 Copy Paper,Office Supplies,Paper,West,Nagpur,2,5.81,0.05,11.04,2.46,UPI,2025,May,5,Q2,22.28,,
ORD04582,2025-05-26,Ananya Iyer,Corporate,HP Pavilion 15,Technology,Laptops,South,Coimbatore,2,651.87,0.0,1303.74,139.55,Net Banking,2025,May,5,Q2,10.7,,
ORD01565,2025-05-27,Arjun Nair,Consumer,Samsung Galaxy A54,Technology,Phones,North,Lucknow,3,309.66,0.2,743.19,0.57,UPI,2025,May,5,Q2,0.08,,
ORD02991,2025-05-27,Arjun Nair,Consumer,Notebook Pack,Office Supplies,Stationery,South,Coimbatore,2,12.47,0.1,22.44,4.12,UPI,2025,May,5,Q2,18.36,,
ORD00707,2025-05-28,Kiara Desai,Small Business,A4 Copy Paper,Office Supplies,Paper,West,Nagpur,3,5.69,0.1,15.38,2.68,Cash,2025,May,5,Q2,17.43,,
ORD02402,2025-05-28,Ananya Iyer,Consumer,Conference Table,Furniture,Tables,East,Ranchi,2,396.81,0.0,793.62,74.89,UPI,2025,May,5,Q2,9.44,,
ORD03460,2025-05-28,Aarav Mehta,Consumer,Lenovo IdeaPad 3,Technology,Laptops,North,Lucknow,1,530.45,0.0,530.45,75.96,UPI,2025,May,5,Q2,14.32,,
ORD03582,2025-05-28,Kunal Bansal,Consumer,Desk Organizer,Office Supplies,Storage,North,Delhi,2,14.3,0.15,24.3,3.29,Debit Card,2025,May,5,Q2,13.54,,
ORD03775,2025-05-28,Arjun Nair,Corporate,HP Laser Printer,Technology,Printers,South,Hyderabad,2,215.59,0.05,409.62,29.58,Debit Card,2025,May,5,Q2,7.22,,
ORD04900,2025-05-28,Aisha Khan,Consumer,HP Laser Printer,Technology,Printers,East,Patna,3,212.57,0.25,478.28,-32.08,UPI,2025,May,5,Q2,-6.71,,
ORD01577,2025-05-29,Vivaan Singh,Small Business,Filing Cabinet,Furniture,Storage,North,Amritsar,2,94.05,0.0,188.1,20.79,Debit Card,2025,May,5,Q2,11.05,,
ORD03466,2025-05-29,Kunal Bansal,Consumer,Ergonomic Office Chair,Furniture,Chairs,East,Patna,3,147.32,0.25,331.48,11.28,Credit Card,2025,May,5,Q2,3.4,,
ORD04269,2025-05-29,Dev Agarwal,Small Business,Stapler,Office Supplies,Stationery,North,Amritsar,3,9.58,0.05,27.3,5.72,UPI,2025,May,5,Q2,20.95,,
ORD00627,2025-05-30,Kabir Shah,Small Business,Conference Table,Furniture,Tables,East,Kolkata,3,408.84,0.25,919.88,-58.1,UPI,2025,May,5,Q2,-6.32,,
ORD00993,2025-05-30,Ishita Gupta,Consumer,Conference Table,Furniture,Tables,West,Mumbai,3,393.81,0.1,1063.3,40.19,UPI,2025,May,5,Q2,3.78,,
ORD02258,2025-05-30,Kiara Desai,Consumer,Study Desk,Furniture,Tables,East,Ranchi,1,185.93,0.15,158.04,5.77,Credit Card,2025,May,5,Q2,3.65,,
ORD04711,2025-05-30,Riya Kulkarni,Consumer,Desk Organizer,Office Supplies,Storage,West,Ahmedabad,2,13.33,0.2,21.32,2.39,UPI,2025,May,5,Q2,11.21,,
ORD00346,2025-05-31,Vivaan Singh,Corporate,HP Pavilion 15,Technology,Laptops,North,Lucknow,1,648.36,0.15,551.11,17.72,UPI,2025,May,5,Q2,3.22,,
ORD00990,2025-05-31,Arjun Nair,Consumer,HP Pavilion 15,Technology,Laptops,South,Coimbatore,4,679.86,0.2,2175.55,-69.63,UPI,2025,May,5,Q2,-3.2,,
ORD01351,2025-05-31,Vivaan Singh,Consumer,Filing Cabinet,Furniture,Storage,South,Hyderabad,2,99.68,0.15,169.45,8.56,Credit Card,2025,May,5,Q2,5.05,,
ORD01698,2025-05-31,Sana Kapoor,Consumer,Study Desk,Furniture,Tables,East,Ranchi,3,179.36,0.05,511.18,54.19,Cash,2025,May,5,Q2,10.6,,
ORD03839,2025-05-31,Tara Menon,Small Business,HP Laser Printer,Technology,Printers,East,Ranchi,4,205.18,0.15,697.61,22.96,Debit Card,2025,May,5,Q2,3.29,,
ORD00842,2025-06-01,Diya Sharma,Consumer,Notebook Pack,Office Supplies,Stationery,North,Jaipur,2,11.62,0.3,16.27,1.04,Net Banking,2025,Jun,6,Q2,6.39,,
ORD01416,2025-06-01,Kabir Shah,Consumer,HP Laser Printer,Technology,Printers,South,Hyderabad,3,218.54,0.0,655.62,59.42,Net Banking,2025,Jun,6,Q2,9.06,,
ORD01648,2025-06-01,Kiara Desai,Consumer,Ring Binder,Office Supplies,Binders,South,Coimbatore,2,7.11,0.0,14.22,3.57,Credit Card,2025,Jun,6,Q2,25.11,,
ORD02356,2025-06-01,Sana Kapoor,Consumer,Mechanical Keyboard,Technology,Accessories,West,Mumbai,4,76.75,0.0,307.02,36.65,Credit Card,2025,Jun,6,Q2,11.94,,
ORD03347,2025-06-01,Kabir Shah,Consumer,Notebook Pack,Office Supplies,Stationery,West,Mumbai,2,11.97,0.05,22.75,5.78,Cash,2025,Jun,6,Q2,25.41,,
ORD03536,2025-06-01,Meera Joshi,Corporate,USB-C Hub,Technology,Accessories,South,Bengaluru,4,35.91,0.0,143.65,24.46,Credit Card,2025,Jun,6,Q2,17.03,,
ORD03739,2025-06-01,Tara Menon,Consumer,Ring Binder,Office Supplies,Binders,South,Hyderabad,1,6.58,0.1,5.92,1.2,UPI,2025,Jun,6,Q2,20.27,,
ORD04140,2025-06-01,Ishita Gupta,Small Business,Dell 24-inch Monitor,Technology,Monitors,North,Amritsar,1,180.45,0.2,144.36,5.63,UPI,2025,Jun,6,Q2,3.9,,
ORD00242,2025-06-02,Kabir Shah,Corporate,USB-C Hub,Technology,Accessories,South,Coimbatore,1,36.75,0.1,33.07,4.6,Credit Card,2025,Jun,6,Q2,13.91,,
ORD01782,2025-06-02,Sana Kapoor,Consumer,Ball Pen Set,Office Supplies,Stationery,West,Surat,3,8.23,0.1,22.22,4.84,Credit Card,2025,Jun,6,Q2,21.78,,
ORD04025,2025-06-02,Ishita Gupta,Corporate,Notebook Pack,Office Supplies,Stationery,South,Chennai,1,12.08,0.3,8.46,0.77,Credit Card,2025,Jun,6,Q2,9.1,,
ORD01103,2025-06-03,Tara Menon,Corporate,USB-C Hub,Technology,Accessories,South,Bengaluru,6,37.1,0.2,178.1,15.55,Credit Card,2025,Jun,6,Q2,8.73,,
ORD02756,2025-06-03,Tara Menon,Consumer,Ring Binder,Office Supplies,Binders,North,Chandigarh,1,7.17,0.05,6.81,1.57,Debit Card,2025,Jun,6,Q2,23.05,,
ORD02961,2025-06-03,Riya Kulkarni,Consumer,Filing Cabinet,Furniture,Storage,South,Hyderabad,1,93.51,0.0,93.51,14.19,Credit Card,2025,Jun,6,Q2,15.17,,
ORD00868,2025-06-04,Tara Menon,Consumer,Ergonomic Office Chair,Furniture,Chairs,West,Ahmedabad,2,150.35,0.1,270.64,24.05,Credit Card,2025,Jun,6,Q2,8.89,,
ORD01876,2025-06-04,Sana Kapoor,Consumer,Desk Organizer,Office Supplies,Storage,South,Bengaluru,6,14.64,0.2,70.27,8.36,Debit Card,2025,Jun,6,Q2,11.9,,
ORD02648,2025-06-04,Arjun Nair,Consumer,Mechanical Keyboard,Technology,Accessories,South,Kochi,3,75.13,0.15,191.59,13.99,Debit Card,2025,Jun,6,Q2,7.3,,
ORD02948,2025-06-04,Neel Malhotra,Consumer,HP Pavilion 15,Technology,Laptops,South,Chennai,3,659.52,0.05,1879.62,200.39,Credit Card,2025,Jun,6,Q2,10.66,,
ORD03810,2025-06-04,Kabir Shah,Small Business,Study Desk,Furniture,Tables,North,Chandigarh,3,177.52,0.1,479.3,24.64,Net Banking,2025,Jun,6,Q2,5.14,,
ORD04122,2025-06-04,Aditya Rao,Corporate,Ball Pen Set,Office Supplies,Stationery,South,Bengaluru,4,7.65,0.1,27.53,5.28,Credit Card,2025,Jun,6,Q2,19.18,,
ORD04129,2025-06-04,Vivaan Singh,Corporate,Apple iPhone 13,Technology,Phones,South,Coimbatore,4,625.81,0.1,2252.93,-6.59,UPI,2025,Jun,6,Q2,-0.29,,
ORD04312,2025-06-04,Kabir Shah,Corporate,USB-C Hub,Technology,Accessories,East,Bhubaneswar,3,34.75,0.0,104.25,19.76,UPI,2025,Jun,6,Q2,18.95,,
ORD04401,2025-06-04,Aisha Khan,Small Business,Desk Organizer,Office Supplies,Storage,South,Coimbatore,8,14.48,0.25,86.87,7.11,Debit Card,2025,Jun,6,Q2,8.18,,
ORD00358,2025-06-05,Kabir Shah,Corporate,Conference Table,Furniture,Tables,North,Delhi,5,445.35,0.1,2004.08,152.57,Cash,2025,Jun,6,Q2,7.61,,
ORD00789,2025-06-05,Aisha Khan,Consumer,Dell 24-inch Monitor,Technology,Monitors,North,Delhi,2,184.06,0.2,294.49,0.55,Cash,2025,Jun,6,Q2,0.19,,
ORD02154,2025-06-05,Tara Menon,Consumer,Filing Cabinet,Furniture,Storage,East,Patna,6,99.38,0.2,477.0,36.34,Net Banking,2025,Jun,6,Q2,7.62,,
ORD02772,2025-06-05,Rahul Verma,Corporate,HP Pavilion 15,Technology,Laptops,South,Chennai,1,659.93,0.15,560.94,36.5,Net Banking,2025,Jun,6,Q2,6.51,,
ORD03556,2025-06-05,Ananya Iyer,Consumer,Filing Cabinet,Furniture,Storage,South,Bengaluru,4,101.43,0.1,365.16,23.9,Net Banking,2025,Jun,6,Q2,6.55,,
ORD03726,2025-06-05,Rohan Patel,Consumer,HP Pavilion 15,Technology,Laptops,West,Surat,5,690.76,0.1,3108.44,-6.44,Debit Card,2025,Jun,6,Q2,-0.21,,
ORD00506,2025-06-06,Kiara Desai,Consumer,Apple iPhone 13,Technology,Phones,North,Amritsar,1,681.29,0.1,613.16,6.91,Debit Card,2025,Jun,6,Q2,1.13,,
ORD01451,2025-06-06,Kunal Bansal,Corporate,Mechanical Keyboard,Technology,Accessories,South,Hyderabad,4,71.21,0.1,256.34,31.68,Debit Card,2025,Jun,6,Q2,12.36,,
ORD02681,2025-06-06,Dev Agarwal,Consumer,Ring Binder,Office Supplies,Binders,South,Coimbatore,1,7.0,0.15,5.95,1.18,UPI,2025,Jun,6,Q2,19.83,,
ORD04060,2025-06-06,Meera Joshi,Small Business,Logitech Wireless Mouse,Technology,Accessories,North,Lucknow,4,27.46,0.3,76.9,-1.64,Debit Card,2025,Jun,6,Q2,-2.13,,
ORD04250,2025-06-06,Sana Kapoor,Consumer,Lenovo IdeaPad 3,Technology,Laptops,South,Coimbatore,1,500.65,0.05,475.62,33.43,Cash,2025,Jun,6,Q2,7.03,,
ORD00343,2025-06-07,Neel Malhotra,Consumer,Dell 24-inch Monitor,Technology,Monitors,North,Amritsar,2,184.81,0.25,277.22,9.14,Net Banking,2025,Jun,6,Q2,3.3,,
ORD00426,2025-06-07,Rahul Verma,Consumer,Ball Pen Set,Office Supplies,Stationery,East,Kolkata,1,7.82,0.15,6.65,1.38,Net Banking,2025,Jun,6,Q2,20.75,,
ORD00430,2025-06-07,Vivaan Singh,Consumer,Dell 24-inch Monitor,Technology,Monitors,South,Chennai,1,176.56,0.1,158.91,13.92,UPI,2025,Jun,6,Q2,8.76,,
ORD00642,2025-06-07,Neel Malhotra,Consumer,Notebook Pack,Office Supplies,Stationery,North,Jaipur,2,11.8,0.25,17.71,1.85,UPI,2025,Jun,6,Q2,10.45,,
ORD01148,2025-06-07,Kabir Shah,Corporate,Notebook Pack,Office Supplies,Stationery,North,Delhi,5,12.0,0.25,44.99,4.18,Debit Card,2025,Jun,6,Q2,9.29,,
ORD03324,2025-06-07,Kabir Shah,Corporate,Desk Organizer,Office Supplies,Storage,East,Kolkata,10,13.1,0.25,98.24,7.36,Net Banking,2025,Jun,6,Q2,7.49,,
ORD03586,2025-06-07,Riya Kulkarni,Consumer,Notebook Pack,Office Supplies,Stationery,East,Ranchi,4,11.62,0.25,34.87,2.57,UPI,2025,Jun,6,Q2,7.37,,
ORD04946,2025-06-07,Tara Menon,Corporate,Bookshelf,Furniture,Storage,West,Ahmedabad,2,113.73,0.15,193.35,18.33,UPI,2025,Jun,6,Q2,9.48,,
ORD00298,2025-06-08,Ananya Iyer,Consumer,Logitech Wireless Mouse,Technology,Accessories,South,Coimbatore,1,27.57,0.0,27.57,5.33,Cash,2025,Jun,6,Q2,19.33,,
ORD00630,2025-06-08,Aditya Rao,Corporate,Ball Pen Set,Office Supplies,Stationery,East,Patna,1,7.53,0.15,6.4,1.05,Credit Card,2025,Jun,6,Q2,16.41,,
ORD03248,2025-06-08,Sana Kapoor,Corporate,Notebook Pack,Office Supplies,Stationery,West,Pune,1,11.41,0.2,9.13,1.2,Debit Card,2025,Jun,6,Q2,13.14,,
ORD03718,2025-06-08,Aisha Khan,Consumer,Conference Table,Furniture,Tables,South,Coimbatore,2,431.44,0.25,647.17,-47.43,Cash,2025,Jun,6,Q2,-7.33,,
ORD01650,2025-06-09,Aditya Rao,Small Business,Conference Table,Furniture,Tables,West,Pune,4,420.69,0.25,1262.06,-72.19,Cash,2025,Jun,6,Q2,-5.72,,
ORD01909,2025-06-09,Sana Kapoor,Consumer,Desk Organizer,Office Supplies,Storage,East,Bhubaneswar,1,14.06,0.05,13.36,2.41,Cash,2025,Jun,6,Q2,18.04,,
ORD02488,2025-06-09,Tara Menon,Corporate,Logitech Wireless Mouse,Technology,Accessories,South,Kochi,4,29.07,0.0,116.29,21.83,UPI,2025,Jun,6,Q2,18.77,,
ORD04652,2025-06-09,Dev Agarwal,Consumer,Conference Table,Furniture,Tables,North,Lucknow,2,421.4,0.1,758.53,78.64,Credit Card,2025,Jun,6,Q2,10.37,,
ORD00214,2025-06-10,Ananya Iyer,Corporate,USB-C Hub,Technology,Accessories,South,Chennai,3,33.16,0.05,94.49,18.24,Cash,2025,Jun,6,Q2,19.3,,
ORD03256,2025-06-10,Kabir Shah,Consumer,Study Desk,Furniture,Tables,West,Pune,3,172.39,0.25,387.87,-9.35,UPI,2025,Jun,6,Q2,-2.41,,
ORD03591,2025-06-10,Aarav Mehta,Consumer,Ring Binder,Office Supplies,Binders,South,Kochi,4,6.74,0.25,20.22,2.19,Credit Card,2025,Jun,6,Q2,10.83,,
ORD00046,2025-06-11,Tara Menon,Consumer,Ball Pen Set,Office Supplies,Stationery,North,Delhi,1,7.95,0.05,7.55,2.01,Credit Card,2025,Jun,6,Q2,26.62,,
ORD00236,2025-06-11,Kiara Desai,Consumer,Desk Organizer,Office Supplies,Storage,East,Patna,3,13.91,0.25,31.3,2.0,UPI,2025,Jun,6,Q2,6.39,,
ORD00327,2025-06-11,Diya Sharma,Consumer,Mechanical Keyboard,Technology,Accessories,South,Kochi,1,68.99,0.25,51.74,2.65,Credit Card,2025,Jun,6,Q2,5.12,,
ORD03639,2025-06-11,Aisha Khan,Consumer,Conference Table,Furniture,Tables,West,Pune,2,412.62,0.0,825.24,67.14,Credit Card,2025,Jun,6,Q2,8.14,,
ORD03857,2025-06-11,Maya Thomas,Corporate,Dell 24-inch Monitor,Technology,Monitors,North,Lucknow,3,171.23,0.1,462.32,51.66,UPI,2025,Jun,6,Q2,11.17,,
ORD04727,2025-06-11,Rohan Patel,Corporate,Study Desk,Furniture,Tables,North,Lucknow,1,176.63,0.2,141.3,0.53,Cash,2025,Jun,6,Q2,0.38,,
ORD02405,2025-06-12,Kunal Bansal,Consumer,Ball Pen Set,Office Supplies,Stationery,East,Ranchi,5,8.42,0.1,37.89,8.03,Net Banking,2025,Jun,6,Q2,21.19,,
ORD02666,2025-06-12,Aisha Khan,Corporate,Notebook Pack,Office Supplies,Stationery,East,Guwahati,8,12.54,0.1,90.29,16.26,Net Banking,2025,Jun,6,Q2,18.01,,
ORD04853,2025-06-12,Kunal Bansal,Consumer,HP Laser Printer,Technology,Printers,South,Coimbatore,2,220.02,0.1,396.04,5.53,UPI,2025,Jun,6,Q2,1.4,,
ORD01266,2025-06-13,Ananya Iyer,Consumer,Stapler,Office Supplies,Stationery,East,Kolkata,2,8.43,0.15,14.33,1.9,Net Banking,2025,Jun,6,Q2,13.26,,
ORD02144,2025-06-13,Neel Malhotra,Corporate,Stapler,Office Supplies,Stationery,East,Kolkata,5,9.07,0.05,43.08,9.79,Debit Card,2025,Jun,6,Q2,22.73,,
ORD03593,2025-06-13,Ishita Gupta,Corporate,Samsung Galaxy A54,Technology,Phones,East,Ranchi,6,302.43,0.25,1360.93,-46.13,UPI,2025,Jun,6,Q2,-3.39,,
ORD04186,2025-06-13,Ishita Gupta,Corporate,Lenovo IdeaPad 3,Technology,Laptops,West,Mumbai,10,544.17,0.1,4897.55,260.41,UPI,2025,Jun,6,Q2,5.32,,
ORD04202,2025-06-13,Rohan Patel,Consumer,HP Pavilion 15,Technology,Laptops,West,Mumbai,8,704.6,0.15,4791.27,25.51,Credit Card,2025,Jun,6,Q2,0.53,,
ORD00667,2025-06-14,Sana Kapoor,Corporate,Study Desk,Furniture,Tables,West,Nagpur,2,169.85,0.2,271.75,-1.84,Net Banking,2025,Jun,6,Q2,-0.68,,
ORD02103,2025-06-14,Aditya Rao,Consumer,Study Desk,Furniture,Tables,South,Kochi,3,186.95,0.0,560.86,75.74,UPI,2025,Jun,6,Q2,13.5,,
ORD02722,2025-06-14,Arjun Nair,Corporate,Conference Table,Furniture,Tables,North,Delhi,2,447.55,0.25,671.32,12.8,UPI,2025,Jun,6,Q2,1.91,,
ORD04273,2025-06-14,Dev Agarwal,Corporate,Study Desk,Furniture,Tables,South,Coimbatore,5,177.18,0.15,753.01,19.02,Net Banking,2025,Jun,6,Q2,2.53,,
ORD00168,2025-06-15,Diya Sharma,Consumer,Mechanical Keyboard,Technology,Accessories,West,Pune,1,70.94,0.0,70.94,13.36,Credit Card,2025,Jun,6,Q2,18.83,,
ORD03226,2025-06-15,Riya Kulkarni,Corporate,Ring Binder,Office Supplies,Binders,East,Kolkata,4,7.3,0.15,24.83,3.79,UPI,2025,Jun,6,Q2,15.26,,
ORD01374,2025-06-16,Ananya Iyer,Consumer,Conference Table,Furniture,Tables,North,Jaipur,3,427.59,0.05,1218.62,150.09,Debit Card,2025,Jun,6,Q2,12.32,,
ORD01623,2025-06-17,Dev Agarwal,Consumer,Bookshelf,Furniture,Storage,North,Lucknow,3,110.44,0.0,331.31,54.67,UPI,2025,Jun,6,Q2,16.5,,
ORD02027,2025-06-17,Dev Agarwal,Corporate,Logitech Wireless Mouse,Technology,Accessories,West,Nagpur,6,28.53,0.1,154.05,23.44,UPI,2025,Jun,6,Q2,15.22,,
ORD03508,2025-06-17,Aditya Rao,Consumer,Apple iPhone 13,Technology,Phones,West,Ahmedabad,4,618.43,0.1,2226.36,-0.19,Credit Card,2025,Jun,6,Q2,-0.01,,
ORD03902,2025-06-17,Ananya Iyer,Consumer,Lenovo IdeaPad 3,Technology,Laptops,West,Ahmedabad,2,530.73,0.15,902.24,14.81,Net Banking,2025,Jun,6,Q2,1.64,,
ORD04295,2025-06-17,Diya Sharma,Consumer,Ring Binder,Office Supplies,Binders,West,Pune,1,6.77,0.1,6.09,1.36,Credit Card,2025,Jun,6,Q2,22.33,,
ORD01342,2025-06-18,Dev Agarwal,Consumer,Dell 24-inch Monitor,Technology,Monitors,South,Kochi,1,167.51,0.2,134.01,1.79,UPI,2025,Jun,6,Q2,1.34,,
ORD01934,2025-06-18,Dev Agarwal,Consumer,Notebook Pack,Office Supplies,Stationery,North,Jaipur,1,12.71,0.15,10.8,1.68,UPI,2025,Jun,6,Q2,15.56,,
ORD04667,2025-06-18,Arjun Nair,Consumer,Notebook Pack,Office Supplies,Stationery,North,Amritsar,3,11.3,0.1,30.5,7.1,UPI,2025,Jun,6,Q2,23.28,,
ORD01505,2025-06-19,Kiara Desai,Consumer,Apple iPhone 13,Technology,Phones,South,Bengaluru,1,680.05,0.15,578.04,-6.4,Debit Card,2025,Jun,6,Q2,-1.11,,
ORD01599,2025-06-19,Aisha Khan,Corporate,Study Desk,Furniture,Tables,West,Surat,1,187.29,0.25,140.47,-1.66,Cash,2025,Jun,6,Q2,-1.18,,
ORD01754,2025-06-19,Neel Malhotra,Small Business,Ring Binder,Office Supplies,Binders,East,Patna,8,6.72,0.0,53.74,14.83,Debit Card,2025,Jun,6,Q2,27.6,,
ORD03222,2025-06-19,Diya Sharma,Corporate,Ring Binder,Office Supplies,Binders,North,Jaipur,3,6.82,0.2,16.37,1.66,Net Banking,2025,Jun,6,Q2,10.14,,
ORD03566,2025-06-19,Kiara Desai,Consumer,Desk Organizer,Office Supplies,Storage,South,Chennai,2,13.71,0.2,21.94,2.78,Debit Card,2025,Jun,6,Q2,12.67,,
ORD04340,2025-06-19,Sana Kapoor,Consumer,Mechanical Keyboard,Technology,Accessories,North,Jaipur,4,76.58,0.0,306.31,55.52,Credit Card,2025,Jun,6,Q2,18.13,,
ORD04979,2025-06-19,Aditya Rao,Corporate,Mechanical Keyboard,Technology,Accessories,South,Coimbatore,1,75.14,0.2,60.11,4.23,Debit Card,2025,Jun,6,Q2,7.04,,
ORD02704,2025-06-20,Dev Agarwal,Corporate,Notebook Pack,Office Supplies,Stationery,South,Bengaluru,2,11.33,0.0,22.66,6.16,UPI,2025,Jun,6,Q2,27.18,,
ORD02829,2025-06-20,Rahul Verma,Small Business,Samsung Galaxy A54,Technology,Phones,North,Amritsar,6,326.87,0.25,1470.93,-157.03,UPI,2025,Jun,6,Q2,-10.68,,
ORD03406,2025-06-20,Vivaan Singh,Consumer,Apple iPhone 13,Technology,Phones,West,Pune,2,606.25,0.15,1030.63,-10.25,Credit Card,2025,Jun,6,Q2,-0.99,,
ORD03907,2025-06-20,Tara Menon,Consumer,Filing Cabinet,Furniture,Storage,South,Bengaluru,2,97.68,0.25,146.51,2.07,UPI,2025,Jun,6,Q2,1.41,,
ORD00787,2025-06-21,Maya Thomas,Corporate,HP Pavilion 15,Technology,Laptops,East,Bhubaneswar,4,710.44,0.15,2415.5,-44.66,UPI,2025,Jun,6,Q2,-1.85,,
ORD02653,2025-06-21,Rahul Verma,Consumer,Ergonomic Office Chair,Furniture,Chairs,East,Kolkata,1,135.95,0.2,108.76,3.62,Credit Card,2025,Jun,6,Q2,3.33,,
ORD04564,2025-06-21,Meera Joshi,Consumer,Ball Pen Set,Office Supplies,Stationery,South,Chennai,1,8.25,0.0,8.25,2.04,UPI,2025,Jun,6,Q2,24.73,,
ORD00083,2025-06-22,Kunal Bansal,Corporate,Mechanical Keyboard,Technology,Accessories,North,Amritsar,1,72.37,0.2,57.89,4.15,UPI,2025,Jun,6,Q2,7.17,,
ORD00713,2025-06-22,Kabir Shah,Small Business,Apple iPhone 13,Technology,Phones,East,Bhubaneswar,2,639.68,0.1,1151.42,90.92,UPI,2025,Jun,6,Q2,7.9,,
ORD01604,2025-06-22,Aarav Mehta,Small Business,Ball Pen Set,Office Supplies,Stationery,East,Ranchi,3,8.35,0.0,25.06,7.17,Debit Card,2025,Jun,6,Q2,28.61,,
ORD04805,2025-06-22,Maya Thomas,Consumer,Ergonomic Office Chair,Furniture,Chairs,North,Lucknow,4,139.36,0.15,473.83,27.37,Credit Card,2025,Jun,6,Q2,5.78,,
ORD01539,2025-06-23,Aditya Rao,Consumer,A4 Copy Paper,Office Supplies,Paper,South,Kochi,3,6.0,0.05,17.11,3.34,Cash,2025,Jun,6,Q2,19.52,,
ORD02485,2025-06-23,Kiara Desai,Small Business,HP Pavilion 15,Technology,Laptops,North,Lucknow,2,691.42,0.0,1382.84,201.31,Credit Card,2025,Jun,6,Q2,14.56,,
ORD02853,2025-06-23,Aisha Khan,Consumer,Ball Pen Set,Office Supplies,Stationery,North,Amritsar,5,7.68,0.3,26.88,2.21,Net Banking,2025,Jun,6,Q2,8.22,,
ORD02943,2025-06-23,Diya Sharma,Consumer,Ball Pen Set,Office Supplies,Stationery,North,Delhi,3,8.04,0.0,24.12,7.41,Credit Card,2025,Jun,6,Q2,30.72,,
ORD04268,2025-06-23,Aisha Khan,Small Business,Desk Organizer,Office Supplies,Storage,North,Jaipur,2,13.9,0.05,26.4,4.0,UPI,2025,Jun,6,Q2,15.15,,
ORD04916,2025-06-23,Arjun Nair,Corporate,A4 Copy Paper,Office Supplies,Paper,West,Mumbai,3,5.76,0.05,16.41,3.3,UPI,2025,Jun,6,Q2,20.11,,
ORD00257,2025-06-24,Aarav Mehta,Consumer,Bookshelf,Furniture,Storage,South,Chennai,2,107.8,0.15,183.25,5.13,UPI,2025,Jun,6,Q2,2.8,,
ORD01098,2025-06-24,Aisha Khan,Consumer,Stapler,Office Supplies,Stationery,North,Chandigarh,1,9.59,0.0,9.59,2.5,Debit Card,2025,Jun,6,Q2,26.07,,
ORD02196,2025-06-24,Maya Thomas,Corporate,Desk Organizer,Office Supplies,Storage,South,Bengaluru,2,14.9,0.1,26.82,5.01,UPI,2025,Jun,6,Q2,18.68,,
ORD03073,2025-06-24,Dev Agarwal,Consumer,Desk Organizer,Office Supplies,Storage,South,Hyderabad,2,13.67,0.3,19.13,1.44,Credit Card,2025,Jun,6,Q2,7.53,,
ORD03496,2025-06-24,Riya Kulkarni,Consumer,Filing Cabinet,Furniture,Storage,West,Mumbai,4,98.76,0.25,296.28,2.45,UPI,2025,Jun,6,Q2,0.83,,
ORD03643,2025-06-24,Neel Malhotra,Small Business,Logitech Wireless Mouse,Technology,Accessories,South,Kochi,2,28.52,0.05,54.19,10.09,Cash,2025,Jun,6,Q2,18.62,,
ORD04264,2025-06-25,Neel Malhotra,Consumer,Mechanical Keyboard,Technology,Accessories,West,Ahmedabad,3,68.76,0.2,165.01,5.43,Net Banking,2025,Jun,6,Q2,3.29,,
ORD00982,2025-06-26,Meera Joshi,Corporate,HP Pavilion 15,Technology,Laptops,East,Patna,1,661.09,0.1,594.98,23.23,UPI,2025,Jun,6,Q2,3.9,,
ORD02187,2025-06-26,Kunal Bansal,Consumer,HP Laser Printer,Technology,Printers,North,Amritsar,2,202.77,0.1,364.99,37.95,UPI,2025,Jun,6,Q2,10.4,,
ORD02678,2025-06-26,Ishita Gupta,Small Business,HP Laser Printer,Technology,Printers,South,Chennai,1,221.62,0.2,177.3,-4.02,Debit Card,2025,Jun,6,Q2,-2.27,,
ORD03774,2025-06-26,Riya Kulkarni,Consumer,A4 Copy Paper,Office Supplies,Paper,West,Nagpur,2,6.07,0.0,12.14,2.77,Credit Card,2025,Jun,6,Q2,22.82,,
ORD01169,2025-06-27,Neel Malhotra,Small Business,Desk Organizer,Office Supplies,Storage,East,Kolkata,3,14.54,0.2,34.88,3.72,Debit Card,2025,Jun,6,Q2,10.67,,
ORD02612,2025-06-27,Kabir Shah,Consumer,Mechanical Keyboard,Technology,Accessories,West,Ahmedabad,1,76.29,0.0,76.29,14.1,UPI,2025,Jun,6,Q2,18.48,,
ORD01258,2025-06-28,Tara Menon,Small Business,Ball Pen Set,Office Supplies,Stationery,East,Guwahati,8,7.8,0.05,59.29,15.37,Cash,2025,Jun,6,Q2,25.92,,
ORD02499,2025-06-28,Dev Agarwal,Consumer,Conference Table,Furniture,Tables,North,Delhi,3,423.51,0.0,1270.54,80.13,Debit Card,2025,Jun,6,Q2,6.31,,
ORD02697,2025-06-28,Tara Menon,Corporate,Lenovo IdeaPad 3,Technology,Laptops,West,Nagpur,3,486.2,0.2,1166.88,40.3,UPI,2025,Jun,6,Q2,3.45,,
ORD02976,2025-06-28,Neel Malhotra,Consumer,Ball Pen Set,Office Supplies,Stationery,West,Pune,6,8.21,0.15,41.89,6.35,Net Banking,2025,Jun,6,Q2,15.16,,
ORD03276,2025-06-28,Ananya Iyer,Consumer,A4 Copy Paper,Office Supplies,Paper,South,Coimbatore,3,6.17,0.05,17.58,3.62,Net Banking,2025,Jun,6,Q2,20.59,,
ORD03577,2025-06-28,Meera Joshi,Consumer,Stapler,Office Supplies,Stationery,East,Patna,1,8.69,0.05,8.26,1.76,Net Banking,2025,Jun,6,Q2,21.31,,
ORD03725,2025-06-28,Neel Malhotra,Corporate,HP Laser Printer,Technology,Printers,West,Mumbai,2,207.94,0.1,374.3,15.6,Credit Card,2025,Jun,6,Q2,4.17,,
ORD03910,2025-06-28,Rahul Verma,Consumer,Ball Pen Set,Office Supplies,Stationery,East,Ranchi,4,8.34,0.15,28.36,5.69,UPI,2025,Jun,6,Q2,20.06,,
ORD04314,2025-06-28,Kiara Desai,Consumer,Ergonomic Office Chair,Furniture,Chairs,North,Chandigarh,6,142.71,0.15,727.81,67.86,UPI,2025,Jun,6,Q2,9.32,,
ORD01541,2025-06-29,Arjun Nair,Corporate,Logitech Wireless Mouse,Technology,Accessories,South,Coimbatore,2,27.99,0.15,47.58,5.12,UPI,2025,Jun,6,Q2,10.76,,
ORD01682,2025-06-29,Sana Kapoor,Consumer,Stapler,Office Supplies,Stationery,West,Pune,3,9.46,0.1,25.54,4.67,Net Banking,2025,Jun,6,Q2,18.29,,
ORD01144,2025-06-30,Ishita Gupta,Consumer,Conference Table,Furniture,Tables,North,Delhi,2,445.13,0.25,667.7,-18.49,Net Banking,2025,Jun,6,Q2,-2.77,,
ORD02992,2025-06-30,Ishita Gupta,Corporate,Ergonomic Office Chair,Furniture,Chairs,West,Ahmedabad,2,139.31,0.0,278.63,30.84,Debit Card,2025,Jun,6,Q2,11.07,,
ORD03342,2025-06-30,Diya Sharma,Consumer,Logitech Wireless Mouse,Technology,Accessories,North,Delhi,2,27.72,0.15,47.12,4.39,Debit Card,2025,Jun,6,Q2,9.32,,
ORD03430,2025-06-30,Aisha Khan,Consumer,Notebook Pack,Office Supplies,Stationery,West,Pune,5,11.32,0.2,45.29,5.36,UPI,2025,Jun,6,Q2,11.83,,
ORD03450,2025-06-30,Kunal Bansal,Consumer,Desk Organizer,Office Supplies,Storage,West,Ahmedabad,5,14.51,0.3,50.8,2.68,Credit Card,2025,Jun,6,Q2,5.28,,
ORD04040,2025-06-30,Tara Menon,Consumer,Lenovo IdeaPad 3,Technology,Laptops,West,Pune,6,550.17,0.05,3135.97,333.99,Credit Card,2025,Jun,6,Q2,10.65,,
ORD04577,2025-06-30,Ananya Iyer,Small Business,Ergonomic Office Chair,Furniture,Chairs,South,Hyderabad,3,152.73,0.15,389.46,24.22,Credit Card,2025,Jun,6,Q2,6.22,,
ORD00014,2025-07-01,Tara Menon,Corporate,Filing Cabinet,Furniture,Storage,West,Surat,8,100.67,0.0,805.37,134.45,UPI,2025,Jul,7,Q3,16.69,,
ORD00632,2025-07-01,Aditya Rao,Corporate,A4 Copy Paper,Office Supplies,Paper,South,Coimbatore,1,6.1,0.15,5.18,0.74,Debit Card,2025,Jul,7,Q3,14.29,,
ORD01492,2025-07-01,Neel Malhotra,Small Business,Logitech Wireless Mouse,Technology,Accessories,North,Amritsar,2,28.76,0.05,54.64,4.94,Cash,2025,Jul,7,Q3,9.04,,
ORD03637,2025-07-01,Maya Thomas,Corporate,Mechanical Keyboard,Technology,Accessories,North,Jaipur,2,75.96,0.2,121.53,5.5,Debit Card,2025,Jul,7,Q3,4.53,,
ORD01163,2025-07-02,Ananya Iyer,Corporate,Conference Table,Furniture,Tables,West,Ahmedabad,2,403.69,0.0,807.38,74.53,Credit Card,2025,Jul,7,Q3,9.23,,
ORD01167,2025-07-02,Kiara Desai,Consumer,Apple iPhone 13,Technology,Phones,North,Jaipur,2,643.63,0.2,1029.8,-27.84,UPI,2025,Jul,7,Q3,-2.7,,
ORD01186,2025-07-02,Aisha Khan,Small Business,Study Desk,Furniture,Tables,North,Amritsar,5,176.65,0.05,839.1,39.8,UPI,2025,Jul,7,Q3,4.74,,
ORD02619,2025-07-02,Riya Kulkarni,Consumer,Dell 24-inch Monitor,Technology,Monitors,East,Guwahati,3,177.93,0.0,533.79,64.99,Credit Card,2025,Jul,7,Q3,12.18,,
ORD02639,2025-07-02,Kiara Desai,Consumer,Notebook Pack,Office Supplies,Stationery,South,Hyderabad,1,12.3,0.15,10.45,2.24,Credit Card,2025,Jul,7,Q3,21.44,,
ORD01945,2025-07-03,Rahul Verma,Small Business,Lenovo IdeaPad 3,Technology,Laptops,East,Guwahati,2,510.26,0.0,1020.52,68.57,Credit Card,2025,Jul,7,Q3,6.72,,
ORD02178,2025-07-03,Aarav Mehta,Corporate,Ergonomic Office Chair,Furniture,Chairs,North,Chandigarh,2,138.45,0.0,276.89,54.83,Debit Card,2025,Jul,7,Q3,19.8,,
ORD04321,2025-07-03,Riya Kulkarni,Small Business,Lenovo IdeaPad 3,Technology,Laptops,West,Nagpur,2,495.04,0.2,792.06,50.52,Credit Card,2025,Jul,7,Q3,6.38,,
ORD00262,2025-07-04,Rohan Patel,Consumer,HP Pavilion 15,Technology,Laptops,South,Kochi,3,634.96,0.0,1904.88,257.03,Cash,2025,Jul,7,Q3,13.49,,
ORD04460,2025-07-04,Rahul Verma,Small Business,A4 Copy Paper,Office Supplies,Paper,South,Hyderabad,1,5.69,0.0,5.69,1.22,Debit Card,2025,Jul,7,Q3,21.44,,
ORD00397,2025-07-05,Meera Joshi,Consumer,Desk Organizer,Office Supplies,Storage,West,Ahmedabad,3,14.66,0.2,35.18,4.08,Credit Card,2025,Jul,7,Q3,11.6,,
ORD00151,2025-07-06,Maya Thomas,Consumer,HP Pavilion 15,Technology,Laptops,North,Lucknow,4,669.48,0.05,2544.04,266.61,Credit Card,2025,Jul,7,Q3,10.48,,
ORD01212,2025-07-06,Sana Kapoor,Corporate,Lenovo IdeaPad 3,Technology,Laptops,East,Patna,1,500.48,0.15,425.41,15.23,UPI,2025,Jul,7,Q3,3.58,,
ORD01305,2025-07-06,Neel Malhotra,Consumer,Ring Binder,Office Supplies,Binders,West,Mumbai,4,6.8,0.25,20.41,2.41,Net Banking,2025,Jul,7,Q3,11.81,,
ORD02333,2025-07-06,Aarav Mehta,Corporate,Desk Organizer,Office Supplies,Storage,West,Mumbai,5,13.1,0.05,62.25,14.7,Net Banking,2025,Jul,7,Q3,23.61,,
ORD02574,2025-07-06,Vivaan Singh,Corporate,Bookshelf,Furniture,Storage,North,Jaipur,2,115.1,0.2,184.17,8.2,UPI,2025,Jul,7,Q3,4.45,,
ORD02834,2025-07-06,Aarav Mehta,Corporate,Lenovo IdeaPad 3,Technology,Laptops,South,Hyderabad,8,550.85,0.25,3305.09,-101.21,Debit Card,2025,Jul,7,Q3,-3.06,,
ORD03477,2025-07-06,Tara Menon,Consumer,Samsung Galaxy A54,Technology,Phones,East,Patna,1,340.44,0.2,272.35,2.86,Net Banking,2025,Jul,7,Q3,1.05,,
ORD04836,2025-07-06,Aditya Rao,Small Business,Mechanical Keyboard,Technology,Accessories,South,Bengaluru,8,68.68,0.1,494.46,52.9,Net Banking,2025,Jul,7,Q3,10.7,,
ORD00019,2025-07-07,Diya Sharma,Small Business,Ball Pen Set,Office Supplies,Stationery,North,Chandigarh,1,8.1,0.05,7.7,2.08,Cash,2025,Jul,7,Q3,27.01,,
ORD00520,2025-07-07,Kiara Desai,Consumer,Filing Cabinet,Furniture,Storage,North,Chandigarh,1,98.74,0.15,83.93,4.73,Debit Card,2025,Jul,7,Q3,5.64,,
ORD01770,2025-07-07,Tara Menon,Consumer,HP Laser Printer,Technology,Printers,South,Chennai,4,195.77,0.1,704.79,37.34,Net Banking,2025,Jul,7,Q3,5.3,,
ORD02467,2025-07-07,Neel Malhotra,Consumer,HP Laser Printer,Technology,Printers,North,Chandigarh,3,216.26,0.05,616.35,57.83,UPI,2025,Jul,7,Q3,9.38,,
ORD03145,2025-07-07,Rahul Verma,Corporate,Lenovo IdeaPad 3,Technology,Laptops,North,Jaipur,8,520.37,0.2,3330.37,-168.5,Debit Card,2025,Jul,7,Q3,-5.06,,
ORD01203,2025-07-08,Kunal Bansal,Consumer,Desk Organizer,Office Supplies,Storage,North,Chandigarh,1,13.38,0.2,10.71,1.12,Cash,2025,Jul,7,Q3,10.46,,
ORD02431,2025-07-08,Arjun Nair,Consumer,Study Desk,Furniture,Tables,East,Bhubaneswar,4,186.74,0.15,634.91,40.98,Debit Card,2025,Jul,7,Q3,6.45,,
ORD04055,2025-07-08,Neel Malhotra,Consumer,Ring Binder,Office Supplies,Binders,North,Jaipur,1,7.03,0.1,6.32,1.2,Net Banking,2025,Jul,7,Q3,18.99,,
ORD04112,2025-07-08,Dev Agarwal,Consumer,Study Desk,Furniture,Tables,South,Bengaluru,3,186.86,0.1,504.51,33.64,UPI,2025,Jul,7,Q3,6.67,,
ORD04242,2025-07-08,Neel Malhotra,Consumer,Ergonomic Office Chair,Furniture,Chairs,West,Ahmedabad,3,139.91,0.15,356.77,14.76,Net Banking,2025,Jul,7,Q3,4.14,,
ORD04479,2025-07-08,Aisha Khan,Corporate,Logitech Wireless Mouse,Technology,Accessories,West,Nagpur,4,27.28,0.0,109.13,23.0,Credit Card,2025,Jul,7,Q3,21.08,,
ORD02504,2025-07-09,Riya Kulkarni,Consumer,Dell 24-inch Monitor,Technology,Monitors,West,Ahmedabad,2,167.73,0.05,318.68,29.16,UPI,2025,Jul,7,Q3,9.15,,
ORD02529,2025-07-09,Dev Agarwal,Consumer,Logitech Wireless Mouse,Technology,Accessories,West,Ahmedabad,5,29.85,0.2,119.39,7.6,Debit Card,2025,Jul,7,Q3,6.37,,
ORD03001,2025-07-09,Vivaan Singh,Consumer,Stapler,Office Supplies,Stationery,South,Chennai,3,8.7,0.1,23.49,3.0,Credit Card,2025,Jul,7,Q3,12.77,,
ORD03928,2025-07-09,Sana Kapoor,Consumer,Apple iPhone 13,Technology,Phones,East,Guwahati,1,679.46,0.2,543.56,-21.35,Credit Card,2025,Jul,7,Q3,-3.93,,
ORD04437,2025-07-09,Tara Menon,Consumer,Logitech Wireless Mouse,Technology,Accessories,South,Bengaluru,6,28.33,0.2,135.98,12.71,UPI,2025,Jul,7,Q3,9.35,,
ORD00167,2025-07-10,Rohan Patel,Consumer,Filing Cabinet,Furniture,Storage,North,Jaipur,2,100.03,0.05,190.05,16.09,Debit Card,2025,Jul,7,Q3,8.47,,
ORD00241,2025-07-10,Aisha Khan,Small Business,Conference Table,Furniture,Tables,East,Bhubaneswar,8,409.76,0.1,2950.25,117.93,UPI,2025,Jul,7,Q3,4.0,,
ORD01411,2025-07-10,Ananya Iyer,Consumer,HP Laser Printer,Technology,Printers,North,Lucknow,3,205.59,0.15,524.26,19.1,UPI,2025,Jul,7,Q3,3.64,,
ORD01720,2025-07-10,Aisha Khan,Corporate,Lenovo IdeaPad 3,Technology,Laptops,South,Coimbatore,1,551.78,0.05,524.2,43.29,UPI,2025,Jul,7,Q3,8.26,,
ORD01815,2025-07-10,Sana Kapoor,Consumer,Filing Cabinet,Furniture,Storage,East,Guwahati,4,97.05,0.3,271.74,-1.27,Credit Card,2025,Jul,7,Q3,-0.47,,
ORD02361,2025-07-11,Ishita Gupta,Consumer,Notebook Pack,Office Supplies,Stationery,North,Delhi,2,12.39,0.1,22.3,4.81,Credit Card,2025,Jul,7,Q3,21.57,,
ORD00194,2025-07-12,Diya Sharma,Corporate,Ring Binder,Office Supplies,Binders,West,Mumbai,1,7.41,0.0,7.41,1.8,Cash,2025,Jul,7,Q3,24.29,,
ORD04433,2025-07-12,Aditya Rao,Consumer,Mechanical Keyboard,Technology,Accessories,North,Chandigarh,4,68.21,0.1,245.57,23.41,Net Banking,2025,Jul,7,Q3,9.53,,
ORD00042,2025-07-13,Tara Menon,Corporate,A4 Copy Paper,Office Supplies,Paper,East,Patna,3,6.34,0.15,16.17,2.57,Credit Card,2025,Jul,7,Q3,15.89,,
ORD00045,2025-07-13,Kunal Bansal,Corporate,Filing Cabinet,Furniture,Storage,South,Kochi,4,99.38,0.05,377.63,49.9,UPI,2025,Jul,7,Q3,13.21,,
ORD01123,2025-07-13,Riya Kulkarni,Consumer,Bookshelf,Furniture,Storage,North,Chandigarh,1,105.75,0.1,95.17,8.11,UPI,2025,Jul,7,Q3,8.52,,
ORD01143,2025-07-13,Meera Joshi,Small Business,Lenovo IdeaPad 3,Technology,Laptops,West,Ahmedabad,3,543.15,0.25,1222.1,-3.2,Net Banking,2025,Jul,7,Q3,-0.26,,
ORD03716,2025-07-13,Meera Joshi,Small Business,Ball Pen Set,Office Supplies,Stationery,West,Nagpur,5,8.19,0.15,34.79,6.8,Cash,2025,Jul,7,Q3,19.55,,
ORD04350,2025-07-13,Kiara Desai,Corporate,Filing Cabinet,Furniture,Storage,East,Patna,8,88.92,0.0,711.34,85.53,UPI,2025,Jul,7,Q3,12.02,,
ORD00291,2025-07-14,Meera Joshi,Consumer,Dell 24-inch Monitor,Technology,Monitors,West,Surat,1,171.41,0.2,137.13,-0.17,Credit Card,2025,Jul,7,Q3,-0.12,,
ORD01870,2025-07-14,Riya Kulkarni,Consumer,Ring Binder,Office Supplies,Binders,West,Surat,3,7.25,0.1,19.58,3.79,Cash,2025,Jul,7,Q3,19.36,,
ORD01595,2025-07-15,Kunal Bansal,Consumer,HP Pavilion 15,Technology,Laptops,North,Chandigarh,2,657.3,0.25,985.96,-35.13,UPI,2025,Jul,7,Q3,-3.56,,
ORD01395,2025-07-16,Rohan Patel,Consumer,Filing Cabinet,Furniture,Storage,West,Mumbai,4,100.78,0.3,282.18,0.35,Credit Card,2025,Jul,7,Q3,0.12,,
ORD01615,2025-07-16,Dev Agarwal,Corporate,Apple iPhone 13,Technology,Phones,West,Nagpur,5,643.85,0.1,2897.34,166.96,Credit Card,2025,Jul,7,Q3,5.76,,
ORD03402,2025-07-16,Rahul Verma,Consumer,Lenovo IdeaPad 3,Technology,Laptops,North,Delhi,2,485.94,0.15,826.09,49.22,Credit Card,2025,Jul,7,Q3,5.96,,
ORD02348,2025-07-17,Neel Malhotra,Consumer,Desk Organizer,Office Supplies,Storage,West,Pune,1,14.57,0.05,13.84,2.57,Net Banking,2025,Jul,7,Q3,18.57,,
ORD02791,2025-07-17,Diya Sharma,Consumer,Samsung Galaxy A54,Technology,Phones,East,Kolkata,5,335.18,0.1,1508.32,9.35,UPI,2025,Jul,7,Q3,0.62,,
ORD03624,2025-07-17,Kabir Shah,Small Business,Logitech Wireless Mouse,Technology,Accessories,South,Chennai,5,26.33,0.05,125.08,14.92,UPI,2025,Jul,7,Q3,11.93,,
ORD04093,2025-07-17,Rohan Patel,Consumer,Desk Organizer,Office Supplies,Storage,West,Mumbai,2,14.07,0.25,21.1,1.8,Net Banking,2025,Jul,7,Q3,8.53,,
ORD04194,2025-07-17,Arjun Nair,Consumer,Mechanical Keyboard,Technology,Accessories,West,Ahmedabad,3,73.84,0.25,166.15,3.18,Debit Card,2025,Jul,7,Q3,1.91,,
ORD00540,2025-07-18,Dev Agarwal,Consumer,Stapler,Office Supplies,Stationery,North,Delhi,3,8.98,0.1,24.25,3.76,Debit Card,2025,Jul,7,Q3,15.51,,
ORD00825,2025-07-18,Aditya Rao,Small Business,Dell 24-inch Monitor,Technology,Monitors,South,Chennai,2,163.27,0.05,310.22,34.51,Credit Card,2025,Jul,7,Q3,11.12,,
ORD01574,2025-07-18,Dev Agarwal,Consumer,USB-C Hub,Technology,Accessories,North,Delhi,1,34.43,0.15,29.27,3.17,Cash,2025,Jul,7,Q3,10.83,,
ORD02516,2025-07-18,Sana Kapoor,Consumer,Apple iPhone 13,Technology,Phones,East,Guwahati,2,653.43,0.25,980.14,-40.6,UPI,2025,Jul,7,Q3,-4.14,,
ORD02582,2025-07-18,Kiara Desai,Consumer,USB-C Hub,Technology,Accessories,West,Nagpur,1,35.82,0.1,32.24,5.55,Net Banking,2025,Jul,7,Q3,17.21,,
ORD03782,2025-07-18,Sana Kapoor,Consumer,Ball Pen Set,Office Supplies,Stationery,North,Chandigarh,2,8.12,0.05,15.43,3.68,UPI,2025,Jul,7,Q3,23.85,,
ORD00408,2025-07-19,Aditya Rao,Consumer,Ball Pen Set,Office Supplies,Stationery,South,Kochi,2,8.34,0.1,15.01,3.63,UPI,2025,Jul,7,Q3,24.18,,
ORD00508,2025-07-19,Neel Malhotra,Consumer,Desk Organizer,Office Supplies,Storage,North,Delhi,2,14.35,0.0,28.7,7.2,Credit Card,2025,Jul,7,Q3,25.09,,
ORD01392,2025-07-19,Dev Agarwal,Consumer,Ergonomic Office Chair,Furniture,Chairs,West,Surat,3,154.36,0.1,416.76,41.93,Debit Card,2025,Jul,7,Q3,10.06,,
ORD02753,2025-07-19,Kabir Shah,Consumer,Ball Pen Set,Office Supplies,Stationery,West,Ahmedabad,2,7.75,0.0,15.5,4.54,UPI,2025,Jul,7,Q3,29.29,,
ORD03529,2025-07-19,Neel Malhotra,Consumer,USB-C Hub,Technology,Accessories,North,Chandigarh,4,36.59,0.15,124.42,15.91,Debit Card,2025,Jul,7,Q3,12.79,,
ORD03569,2025-07-19,Neel Malhotra,Consumer,Mechanical Keyboard,Technology,Accessories,West,Pune,3,67.88,0.1,183.27,16.08,UPI,2025,Jul,7,Q3,8.77,,
ORD00434,2025-07-20,Kunal Bansal,Corporate,Lenovo IdeaPad 3,Technology,Laptops,North,Delhi,3,484.43,0.05,1380.63,115.62,Credit Card,2025,Jul,7,Q3,8.37,,
ORD01352,2025-07-20,Ananya Iyer,Consumer,Ring Binder,Office Supplies,Binders,South,Coimbatore,1,6.55,0.0,6.55,1.6,Net Banking,2025,Jul,7,Q3,24.43,,
ORD02183,2025-07-20,Aisha Khan,Corporate,Ball Pen Set,Office Supplies,Stationery,West,Surat,6,8.43,0.05,48.06,11.28,UPI,2025,Jul,7,Q3,23.47,,
ORD03483,2025-07-20,Rahul Verma,Small Business,Bookshelf,Furniture,Storage,South,Coimbatore,1,111.3,0.1,100.17,15.46,UPI,2025,Jul,7,Q3,15.43,,
ORD00543,2025-07-21,Meera Joshi,Corporate,Lenovo IdeaPad 3,Technology,Laptops,North,Delhi,3,495.83,0.2,1189.98,31.36,Net Banking,2025,Jul,7,Q3,2.64,,
ORD01104,2025-07-21,Arjun Nair,Corporate,Mechanical Keyboard,Technology,Accessories,West,Mumbai,1,74.73,0.0,74.73,11.27,Net Banking,2025,Jul,7,Q3,15.08,,
ORD04329,2025-07-22,Vivaan Singh,Consumer,Notebook Pack,Office Supplies,Stationery,North,Delhi,2,11.72,0.0,23.45,5.59,UPI,2025,Jul,7,Q3,23.84,,
ORD02661,2025-07-23,Aisha Khan,Small Business,Ergonomic Office Chair,Furniture,Chairs,East,Kolkata,2,150.6,0.05,286.13,33.3,Credit Card,2025,Jul,7,Q3,11.64,,
ORD04335,2025-07-23,Ananya Iyer,Small Business,Desk Organizer,Office Supplies,Storage,West,Mumbai,3,13.21,0.1,35.67,5.09,Credit Card,2025,Jul,7,Q3,14.27,,
ORD00750,2025-07-24,Ananya Iyer,Consumer,Mechanical Keyboard,Technology,Accessories,West,Ahmedabad,2,70.32,0.15,119.55,9.42,Debit Card,2025,Jul,7,Q3,7.88,,
ORD02769,2025-07-24,Ishita Gupta,Corporate,Lenovo IdeaPad 3,Technology,Laptops,North,Jaipur,2,521.31,0.15,886.23,24.35,UPI,2025,Jul,7,Q3,2.75,,
ORD03820,2025-07-24,Vivaan Singh,Consumer,Ball Pen Set,Office Supplies,Stationery,North,Lucknow,1,7.61,0.1,6.85,1.5,Cash,2025,Jul,7,Q3,21.9,,
ORD00512,2025-07-25,Sana Kapoor,Consumer,Stapler,Office Supplies,Stationery,West,Pune,2,9.19,0.3,12.86,1.31,UPI,2025,Jul,7,Q3,10.19,,
ORD01413,2025-07-25,Rohan Patel,Consumer,Desk Organizer,Office Supplies,Storage,South,Coimbatore,1,13.57,0.1,12.21,2.34,UPI,2025,Jul,7,Q3,19.16,,
ORD01786,2025-07-25,Tara Menon,Corporate,Ergonomic Office Chair,Furniture,Chairs,East,Patna,4,143.1,0.05,543.79,78.35,Debit Card,2025,Jul,7,Q3,14.41,,
ORD02274,2025-07-25,Vivaan Singh,Consumer,Apple iPhone 13,Technology,Phones,West,Pune,2,607.74,0.15,1033.16,20.23,UPI,2025,Jul,7,Q3,1.96,,
ORD04385,2025-07-25,Kiara Desai,Consumer,Dell 24-inch Monitor,Technology,Monitors,North,Delhi,2,174.67,0.3,244.53,-6.64,UPI,2025,Jul,7,Q3,-2.72,,
ORD04451,2025-07-25,Meera Joshi,Consumer,Study Desk,Furniture,Tables,West,Nagpur,2,187.46,0.15,318.69,28.71,Credit Card,2025,Jul,7,Q3,9.01,,
ORD01084,2025-07-26,Kiara Desai,Corporate,Logitech Wireless Mouse,Technology,Accessories,East,Ranchi,3,26.26,0.0,78.79,14.78,UPI,2025,Jul,7,Q3,18.76,,
ORD02001,2025-07-26,Maya Thomas,Consumer,Desk Organizer,Office Supplies,Storage,West,Surat,2,13.77,0.05,26.16,6.12,Net Banking,2025,Jul,7,Q3,23.39,,
ORD02054,2025-07-26,Maya Thomas,Corporate,Ring Binder,Office Supplies,Binders,South,Chennai,2,6.99,0.2,11.18,2.05,Credit Card,2025,Jul,7,Q3,18.34,,
ORD03137,2025-07-26,Tara Menon,Consumer,Conference Table,Furniture,Tables,South,Kochi,2,430.72,0.3,603.0,-51.26,Debit Card,2025,Jul,7,Q3,-8.5,,
ORD04799,2025-07-26,Maya Thomas,Corporate,A4 Copy Paper,Office Supplies,Paper,West,Mumbai,3,6.4,0.25,14.4,1.31,Credit Card,2025,Jul,7,Q3,9.1,,
ORD00295,2025-07-27,Neel Malhotra,Corporate,Bookshelf,Furniture,Storage,South,Bengaluru,3,117.15,0.2,281.17,21.54,Debit Card,2025,Jul,7,Q3,7.66,,
ORD00563,2025-07-27,Ishita Gupta,Consumer,Study Desk,Furniture,Tables,South,Chennai,1,173.37,0.25,130.03,-6.21,UPI,2025,Jul,7,Q3,-4.78,,
ORD00572,2025-07-28,Diya Sharma,Corporate,HP Pavilion 15,Technology,Laptops,East,Ranchi,2,707.24,0.0,1414.48,135.55,Debit Card,2025,Jul,7,Q3,9.58,,
ORD02140,2025-07-28,Neel Malhotra,Consumer,Notebook Pack,Office Supplies,Stationery,West,Ahmedabad,2,12.47,0.25,18.7,1.25,Net Banking,2025,Jul,7,Q3,6.68,,
ORD02742,2025-07-28,Aisha Khan,Consumer,A4 Copy Paper,Office Supplies,Paper,West,Nagpur,2,5.79,0.15,9.84,0.83,Debit Card,2025,Jul,7,Q3,8.43,,
ORD04651,2025-07-28,Dev Agarwal,Consumer,Notebook Pack,Office Supplies,Stationery,West,Pune,6,12.4,0.1,66.97,14.33,Cash,2025,Jul,7,Q3,21.4,,
ORD00922,2025-07-29,Aarav Mehta,Consumer,HP Pavilion 15,Technology,Laptops,West,Ahmedabad,3,724.93,0.2,1739.82,-16.42,Cash,2025,Jul,7,Q3,-0.94,,
ORD01999,2025-07-29,Kiara Desai,Corporate,Logitech Wireless Mouse,Technology,Accessories,South,Chennai,1,26.35,0.2,21.08,2.01,Cash,2025,Jul,7,Q3,9.54,,
ORD04886,2025-07-29,Neel Malhotra,Corporate,Apple iPhone 13,Technology,Phones,North,Delhi,6,639.32,0.05,3644.12,203.0,UPI,2025,Jul,7,Q3,5.57,,
ORD00942,2025-07-30,Rahul Verma,Consumer,Ergonomic Office Chair,Furniture,Chairs,South,Coimbatore,1,136.22,0.0,136.22,11.32,UPI,2025,Jul,7,Q3,8.31,,
ORD01018,2025-07-30,Vivaan Singh,Consumer,Notebook Pack,Office Supplies,Stationery,East,Patna,1,12.83,0.15,10.91,1.36,Credit Card,2025,Jul,7,Q3,12.47,,
ORD01658,2025-07-30,Vivaan Singh,Corporate,Study Desk,Furniture,Tables,South,Coimbatore,4,188.47,0.25,565.42,-6.68,Debit Card,2025,Jul,7,Q3,-1.18,,
ORD02650,2025-07-30,Vivaan Singh,Small Business,Ball Pen Set,Office Supplies,Stationery,West,Nagpur,4,7.7,0.15,26.19,3.85,UPI,2025,Jul,7,Q3,14.7,,
ORD02795,2025-07-30,Meera Joshi,Small Business,USB-C Hub,Technology,Accessories,East,Guwahati,3,37.1,0.15,94.6,9.06,Net Banking,2025,Jul,7,Q3,9.58,,
ORD04255,2025-07-30,Rahul Verma,Corporate,Samsung Galaxy A54,Technology,Phones,East,Patna,2,341.17,0.0,682.33,51.41,Net Banking,2025,Jul,7,Q3,7.53,,
ORD03326,2025-07-31,Maya Thomas,Consumer,Ring Binder,Office Supplies,Binders,West,Nagpur,10,7.04,0.25,52.8,5.9,Credit Card,2025,Jul,7,Q3,11.17,,
ORD04038,2025-07-31,Aarav Mehta,Consumer,Notebook Pack,Office Supplies,Stationery,South,Kochi,3,11.88,0.1,32.09,8.08,UPI,2025,Jul,7,Q3,25.18,,
ORD01578,2025-08-01,Dev Agarwal,Consumer,Lenovo IdeaPad 3,Technology,Laptops,East,Guwahati,8,505.95,0.2,3238.05,-11.77,UPI,2025,Aug,8,Q3,-0.36,,
ORD02381,2025-08-01,Meera Joshi,Corporate,Dell 24-inch Monitor,Technology,Monitors,North,Jaipur,1,174.88,0.0,174.88,22.44,UPI,2025,Aug,8,Q3,12.83,,
ORD00325,2025-08-02,Sana Kapoor,Corporate,Filing Cabinet,Furniture,Storage,South,Bengaluru,3,100.88,0.1,272.37,23.06,UPI,2025,Aug,8,Q3,8.47,,
ORD01667,2025-08-02,Tara Menon,Small Business,Apple iPhone 13,Technology,Phones,East,Bhubaneswar,2,687.27,0.1,1237.08,39.33,UPI,2025,Aug,8,Q3,3.18,,
ORD01903,2025-08-02,Dev Agarwal,Consumer,USB-C Hub,Technology,Accessories,East,Guwahati,1,33.86,0.1,30.47,4.74,UPI,2025,Aug,8,Q3,15.56,,
ORD01968,2025-08-02,Neel Malhotra,Corporate,Study Desk,Furniture,Tables,South,Bengaluru,2,178.63,0.1,321.53,19.46,Net Banking,2025,Aug,8,Q3,6.05,,
ORD03328,2025-08-02,Dev Agarwal,Consumer,Ergonomic Office Chair,Furniture,Chairs,South,Hyderabad,2,149.54,0.05,284.14,10.57,UPI,2025,Aug,8,Q3,3.72,,
ORD04575,2025-08-02,Aisha Khan,Corporate,Samsung Galaxy A54,Technology,Phones,East,Bhubaneswar,4,318.23,0.0,1272.93,50.16,Credit Card,2025,Aug,8,Q3,3.94,,
ORD00428,2025-08-03,Aditya Rao,Consumer,Lenovo IdeaPad 3,Technology,Laptops,South,Bengaluru,1,555.64,0.05,527.86,58.71,UPI,2025,Aug,8,Q3,11.12,,
ORD00774,2025-08-03,Maya Thomas,Consumer,Stapler,Office Supplies,Stationery,East,Kolkata,4,8.51,0.05,32.35,5.87,UPI,2025,Aug,8,Q3,18.15,,
ORD01855,2025-08-03,Kiara Desai,Corporate,Ball Pen Set,Office Supplies,Stationery,West,Nagpur,6,8.42,0.15,42.96,8.62,Debit Card,2025,Aug,8,Q3,20.07,,
ORD01959,2025-08-03,Rohan Patel,Small Business,Study Desk,Furniture,Tables,West,Mumbai,3,172.17,0.1,464.86,55.61,UPI,2025,Aug,8,Q3,11.96,,
ORD03888,2025-08-03,Tara Menon,Corporate,Notebook Pack,Office Supplies,Stationery,East,Ranchi,2,11.77,0.15,20.02,3.28,Net Banking,2025,Aug,8,Q3,16.38,,
ORD04056,2025-08-03,Tara Menon,Corporate,HP Laser Printer,Technology,Printers,South,Chennai,4,213.86,0.15,727.11,35.73,UPI,2025,Aug,8,Q3,4.91,,
ORD04583,2025-08-03,Vivaan Singh,Consumer,Dell 24-inch Monitor,Technology,Monitors,West,Nagpur,2,163.21,0.1,293.78,15.93,Credit Card,2025,Aug,8,Q3,5.42,,
ORD04627,2025-08-03,Rahul Verma,Consumer,HP Pavilion 15,Technology,Laptops,West,Nagpur,1,666.87,0.15,566.84,10.32,Debit Card,2025,Aug,8,Q3,1.82,,
ORD00390,2025-08-04,Aditya Rao,Consumer,Mechanical Keyboard,Technology,Accessories,North,Jaipur,6,70.04,0.25,315.19,13.04,Credit Card,2025,Aug,8,Q3,4.14,,
ORD00579,2025-08-04,Tara Menon,Corporate,Apple iPhone 13,Technology,Phones,East,Kolkata,3,676.77,0.0,2030.32,159.3,Credit Card,2025,Aug,8,Q3,7.85,,
ORD01889,2025-08-04,Neel Malhotra,Corporate,Desk Organizer,Office Supplies,Storage,North,Lucknow,8,13.98,0.1,100.66,15.72,UPI,2025,Aug,8,Q3,15.62,,
ORD03093,2025-08-04,Kiara Desai,Consumer,Samsung Galaxy A54,Technology,Phones,North,Lucknow,3,335.53,0.25,754.94,-22.21,UPI,2025,Aug,8,Q3,-2.94,,
ORD03420,2025-08-04,Kiara Desai,Consumer,Logitech Wireless Mouse,Technology,Accessories,East,Patna,3,27.61,0.1,74.55,12.05,Credit Card,2025,Aug,8,Q3,16.16,,
ORD04492,2025-08-04,Aditya Rao,Corporate,Ring Binder,Office Supplies,Binders,West,Pune,1,6.93,0.2,5.54,0.72,UPI,2025,Aug,8,Q3,13.0,,
ORD04524,2025-08-04,Vivaan Singh,Consumer,Study Desk,Furniture,Tables,North,Delhi,5,184.64,0.1,830.86,77.35,Credit Card,2025,Aug,8,Q3,9.31,,
ORD00280,2025-08-05,Diya Sharma,Consumer,Filing Cabinet,Furniture,Storage,North,Delhi,8,93.01,0.1,669.69,65.92,Cash,2025,Aug,8,Q3,9.84,,
ORD00441,2025-08-05,Vivaan Singh,Consumer,Stapler,Office Supplies,Stationery,West,Nagpur,3,8.89,0.2,21.34,2.52,UPI,2025,Aug,8,Q3,11.81,,
ORD00948,2025-08-05,Vivaan Singh,Corporate,Notebook Pack,Office Supplies,Stationery,West,Nagpur,1,11.99,0.25,8.99,0.97,Cash,2025,Aug,8,Q3,10.79,,
ORD01666,2025-08-05,Meera Joshi,Small Business,A4 Copy Paper,Office Supplies,Paper,West,Surat,4,6.27,0.0,25.07,5.78,Debit Card,2025,Aug,8,Q3,23.06,,
ORD03723,2025-08-05,Neel Malhotra,Consumer,Filing Cabinet,Furniture,Storage,East,Bhubaneswar,10,88.48,0.15,752.08,52.8,UPI,2025,Aug,8,Q3,7.02,,
ORD00575,2025-08-06,Aditya Rao,Corporate,HP Pavilion 15,Technology,Laptops,South,Hyderabad,1,684.18,0.25,513.13,-21.13,Debit Card,2025,Aug,8,Q3,-4.12,,
ORD00928,2025-08-06,Neel Malhotra,Corporate,Bookshelf,Furniture,Storage,North,Delhi,4,104.57,0.3,292.8,-3.09,Debit Card,2025,Aug,8,Q3,-1.06,,
ORD01256,2025-08-06,Rahul Verma,Consumer,Mechanical Keyboard,Technology,Accessories,North,Chandigarh,10,66.97,0.05,636.23,103.75,Credit Card,2025,Aug,8,Q3,16.31,,
ORD01320,2025-08-06,Aisha Khan,Consumer,Ergonomic Office Chair,Furniture,Chairs,West,Surat,1,137.71,0.0,137.71,23.61,Net Banking,2025,Aug,8,Q3,17.14,,
ORD01983,2025-08-06,Aarav Mehta,Consumer,Ergonomic Office Chair,Furniture,Chairs,North,Jaipur,2,135.23,0.15,229.89,12.08,Net Banking,2025,Aug,8,Q3,5.25,,
ORD03550,2025-08-06,Sana Kapoor,Consumer,USB-C Hub,Technology,Accessories,South,Coimbatore,5,35.45,0.0,177.25,35.55,UPI,2025,Aug,8,Q3,20.06,,
ORD03715,2025-08-06,Tara Menon,Consumer,HP Pavilion 15,Technology,Laptops,West,Ahmedabad,4,716.37,0.05,2722.19,171.2,UPI,2025,Aug,8,Q3,6.29,,
ORD04003,2025-08-06,Kabir Shah,Small Business,Logitech Wireless Mouse,Technology,Accessories,North,Delhi,4,28.82,0.25,86.47,2.07,Debit Card,2025,Aug,8,Q3,2.39,,
ORD00655,2025-08-07,Diya Sharma,Consumer,Notebook Pack,Office Supplies,Stationery,South,Hyderabad,5,12.46,0.15,52.95,9.98,Debit Card,2025,Aug,8,Q3,18.85,,
ORD02092,2025-08-07,Ishita Gupta,Consumer,A4 Copy Paper,Office Supplies,Paper,East,Bhubaneswar,6,5.59,0.0,33.51,7.61,Net Banking,2025,Aug,8,Q3,22.71,,
ORD00073,2025-08-08,Maya Thomas,Consumer,Dell 24-inch Monitor,Technology,Monitors,West,Surat,1,183.22,0.1,164.9,20.24,UPI,2025,Aug,8,Q3,12.27,,
ORD00657,2025-08-08,Diya Sharma,Consumer,HP Laser Printer,Technology,Printers,North,Jaipur,5,207.89,0.15,883.55,15.65,Credit Card,2025,Aug,8,Q3,1.77,,
ORD00776,2025-08-08,Ishita Gupta,Consumer,A4 Copy Paper,Office Supplies,Paper,North,Amritsar,10,5.66,0.05,53.82,10.08,UPI,2025,Aug,8,Q3,18.73,,
ORD01075,2025-08-08,Aditya Rao,Consumer,Bookshelf,Furniture,Storage,East,Ranchi,4,109.97,0.25,329.92,-15.52,Credit Card,2025,Aug,8,Q3,-4.7,,
ORD02352,2025-08-08,Arjun Nair,Small Business,Lenovo IdeaPad 3,Technology,Laptops,West,Surat,10,484.19,0.1,4357.71,292.02,UPI,2025,Aug,8,Q3,6.7,,
ORD02682,2025-08-08,Vivaan Singh,Consumer,Study Desk,Furniture,Tables,West,Mumbai,3,172.98,0.15,441.1,26.4,Net Banking,2025,Aug,8,Q3,5.99,,
ORD04319,2025-08-08,Neel Malhotra,Consumer,Samsung Galaxy A54,Technology,Phones,West,Nagpur,1,315.58,0.15,268.24,3.15,Credit Card,2025,Aug,8,Q3,1.17,,
ORD02918,2025-08-09,Aditya Rao,Corporate,Desk Organizer,Office Supplies,Storage,West,Nagpur,1,14.37,0.25,10.78,0.89,Credit Card,2025,Aug,8,Q3,8.26,,
ORD03500,2025-08-09,Ishita Gupta,Corporate,Lenovo IdeaPad 3,Technology,Laptops,West,Surat,1,487.53,0.3,341.27,-6.01,Credit Card,2025,Aug,8,Q3,-1.76,,
ORD04247,2025-08-09,Aarav Mehta,Consumer,Ball Pen Set,Office Supplies,Stationery,South,Bengaluru,2,8.36,0.1,15.05,3.53,Net Banking,2025,Aug,8,Q3,23.46,,
ORD04694,2025-08-09,Riya Kulkarni,Consumer,Dell 24-inch Monitor,Technology,Monitors,South,Kochi,2,187.17,0.05,355.62,29.9,Credit Card,2025,Aug,8,Q3,8.41,,
ORD00780,2025-08-10,Tara Menon,Consumer,Logitech Wireless Mouse,Technology,Accessories,South,Bengaluru,4,29.85,0.25,89.54,0.86,Credit Card,2025,Aug,8,Q3,0.96,,
ORD01336,2025-08-10,Kunal Bansal,Consumer,Logitech Wireless Mouse,Technology,Accessories,South,Coimbatore,6,29.89,0.1,161.4,25.78,Credit Card,2025,Aug,8,Q3,15.97,,
ORD02074,2025-08-10,Aisha Khan,Small Business,Bookshelf,Furniture,Storage,South,Hyderabad,1,115.81,0.1,104.23,6.96,UPI,2025,Aug,8,Q3,6.68,,
ORD03373,2025-08-10,Riya Kulkarni,Consumer,Samsung Galaxy A54,Technology,Phones,West,Surat,3,338.41,0.05,964.46,71.17,Debit Card,2025,Aug,8,Q3,7.38,,
ORD04992,2025-08-10,Aisha Khan,Corporate,HP Laser Printer,Technology,Printers,North,Delhi,1,224.16,0.15,190.53,2.73,Cash,2025,Aug,8,Q3,1.43,,
ORD00521,2025-08-11,Ananya Iyer,Consumer,Ergonomic Office Chair,Furniture,Chairs,South,Coimbatore,1,144.08,0.15,122.47,6.28,Debit Card,2025,Aug,8,Q3,5.13,,
ORD01497,2025-08-11,Sana Kapoor,Small Business,Notebook Pack,Office Supplies,Stationery,North,Jaipur,2,12.14,0.1,21.85,4.11,Credit Card,2025,Aug,8,Q3,18.81,,
ORD01789,2025-08-11,Rahul Verma,Consumer,Ring Binder,Office Supplies,Binders,East,Patna,2,6.52,0.0,13.03,3.95,UPI,2025,Aug,8,Q3,30.31,,
ORD03493,2025-08-11,Aditya Rao,Small Business,Notebook Pack,Office Supplies,Stationery,West,Ahmedabad,2,12.34,0.0,24.68,6.44,Credit Card,2025,Aug,8,Q3,26.09,,
ORD03743,2025-08-11,Rahul Verma,Consumer,Ball Pen Set,Office Supplies,Stationery,West,Mumbai,4,7.94,0.1,28.58,7.18,Credit Card,2025,Aug,8,Q3,25.12,,
ORD04138,2025-08-11,Diya Sharma,Corporate,Study Desk,Furniture,Tables,West,Pune,2,185.7,0.0,371.39,63.37,UPI,2025,Aug,8,Q3,17.06,,
ORD04499,2025-08-11,Riya Kulkarni,Consumer,Stapler,Office Supplies,Stationery,South,Kochi,2,9.58,0.2,15.33,1.8,UPI,2025,Aug,8,Q3,11.74,,
ORD00116,2025-08-12,Kunal Bansal,Consumer,HP Pavilion 15,Technology,Laptops,South,Chennai,2,667.26,0.15,1134.34,47.35,Cash,2025,Aug,8,Q3,4.17,,
ORD02156,2025-08-12,Neel Malhotra,Small Business,Filing Cabinet,Furniture,Storage,South,Coimbatore,3,92.46,0.2,221.91,7.12,UPI,2025,Aug,8,Q3,3.21,,
ORD04278,2025-08-12,Neel Malhotra,Corporate,Ring Binder,Office Supplies,Binders,South,Hyderabad,1,6.77,0.1,6.09,1.17,UPI,2025,Aug,8,Q3,19.21,,
ORD04607,2025-08-12,Aarav Mehta,Small Business,Ring Binder,Office Supplies,Binders,South,Kochi,1,7.05,0.1,6.34,1.45,Net Banking,2025,Aug,8,Q3,22.87,,
ORD04689,2025-08-12,Vivaan Singh,Corporate,Lenovo IdeaPad 3,Technology,Laptops,South,Hyderabad,3,532.84,0.0,1598.53,174.86,UPI,2025,Aug,8,Q3,10.94,,
ORD00305,2025-08-13,Aarav Mehta,Corporate,Notebook Pack,Office Supplies,Stationery,West,Nagpur,2,12.68,0.1,22.83,3.37,Net Banking,2025,Aug,8,Q3,14.76,,
ORD00646,2025-08-13,Sana Kapoor,Consumer,Study Desk,Furniture,Tables,South,Chennai,3,176.62,0.2,423.89,12.74,Debit Card,2025,Aug,8,Q3,3.01,,
ORD00003,2025-08-14,Aisha Khan,Corporate,Stapler,Office Supplies,Stationery,West,Ahmedabad,2,9.43,0.25,14.14,1.47,Debit Card,2025,Aug,8,Q3,10.4,,
ORD00853,2025-08-14,Meera Joshi,Corporate,Ring Binder,Office Supplies,Binders,South,Bengaluru,4,6.97,0.1,25.09,4.03,UPI,2025,Aug,8,Q3,16.06,,
ORD02578,2025-08-14,Kunal Bansal,Consumer,HP Laser Printer,Technology,Printers,West,Surat,3,213.48,0.1,576.41,44.38,UPI,2025,Aug,8,Q3,7.7,,
ORD03149,2025-08-14,Neel Malhotra,Consumer,Study Desk,Furniture,Tables,North,Jaipur,5,183.52,0.0,917.58,125.73,Credit Card,2025,Aug,8,Q3,13.7,,
ORD04941,2025-08-14,Aditya Rao,Corporate,HP Laser Printer,Technology,Printers,East,Kolkata,1,217.16,0.15,184.58,7.67,Credit Card,2025,Aug,8,Q3,4.16,,
ORD04957,2025-08-14,Maya Thomas,Consumer,Conference Table,Furniture,Tables,South,Coimbatore,2,441.62,0.0,883.23,107.86,Debit Card,2025,Aug,8,Q3,12.21,,
ORD01981,2025-08-15,Sana Kapoor,Corporate,Filing Cabinet,Furniture,Storage,East,Patna,1,94.88,0.2,75.9,1.37,UPI,2025,Aug,8,Q3,1.81,,
ORD02071,2025-08-15,Kabir Shah,Corporate,Stapler,Office Supplies,Stationery,North,Lucknow,2,9.38,0.1,16.89,2.76,Credit Card,2025,Aug,8,Q3,16.34,,
ORD03028,2025-08-15,Kiara Desai,Small Business,Stapler,Office Supplies,Stationery,East,Kolkata,4,9.16,0.15,31.14,6.81,Net Banking,2025,Aug,8,Q3,21.87,,
ORD03650,2025-08-15,Aarav Mehta,Small Business,A4 Copy Paper,Office Supplies,Paper,West,Mumbai,2,5.96,0.25,8.94,0.91,UPI,2025,Aug,8,Q3,10.18,,
ORD04885,2025-08-15,Ishita Gupta,Consumer,Lenovo IdeaPad 3,Technology,Laptops,East,Bhubaneswar,3,535.0,0.1,1444.5,77.71,UPI,2025,Aug,8,Q3,5.38,,
ORD01049,2025-08-16,Kabir Shah,Corporate,Study Desk,Furniture,Tables,East,Patna,2,189.9,0.15,322.83,11.24,UPI,2025,Aug,8,Q3,3.48,,
ORD01099,2025-08-16,Kunal Bansal,Consumer,Samsung Galaxy A54,Technology,Phones,East,Guwahati,8,326.22,0.25,1957.35,-24.62,UPI,2025,Aug,8,Q3,-1.26,,
ORD01241,2025-08-16,Ananya Iyer,Corporate,Logitech Wireless Mouse,Technology,Accessories,West,Mumbai,2,26.88,0.0,53.76,7.11,Debit Card,2025,Aug,8,Q3,13.23,,
ORD01866,2025-08-16,Aarav Mehta,Consumer,Ring Binder,Office Supplies,Binders,West,Mumbai,4,7.29,0.1,26.23,5.26,Net Banking,2025,Aug,8,Q3,20.05,,
ORD02279,2025-08-16,Sana Kapoor,Consumer,Notebook Pack,Office Supplies,Stationery,South,Bengaluru,6,11.99,0.2,57.57,8.52,UPI,2025,Aug,8,Q3,14.8,,
ORD02715,2025-08-16,Ishita Gupta,Consumer,Apple iPhone 13,Technology,Phones,North,Delhi,4,655.24,0.1,2358.87,212.84,Credit Card,2025,Aug,8,Q3,9.02,,
ORD04163,2025-08-16,Meera Joshi,Consumer,HP Laser Printer,Technology,Printers,South,Kochi,1,211.89,0.15,180.11,9.25,Debit Card,2025,Aug,8,Q3,5.14,,
ORD00334,2025-08-17,Arjun Nair,Small Business,Ball Pen Set,Office Supplies,Stationery,West,Ahmedabad,2,8.27,0.2,13.23,1.74,UPI,2025,Aug,8,Q3,13.15,,
ORD01166,2025-08-17,Tara Menon,Consumer,Dell 24-inch Monitor,Technology,Monitors,North,Lucknow,1,185.2,0.15,157.42,8.94,Net Banking,2025,Aug,8,Q3,5.68,,
ORD02618,2025-08-17,Aisha Khan,Consumer,Ring Binder,Office Supplies,Binders,North,Amritsar,6,6.8,0.15,34.69,7.35,Debit Card,2025,Aug,8,Q3,21.19,,
ORD03421,2025-08-17,Ishita Gupta,Corporate,A4 Copy Paper,Office Supplies,Paper,South,Coimbatore,5,5.6,0.05,26.61,4.45,UPI,2025,Aug,8,Q3,16.72,,
ORD03567,2025-08-17,Aisha Khan,Consumer,Dell 24-inch Monitor,Technology,Monitors,West,Nagpur,5,163.11,0.15,693.2,38.15,Credit Card,2025,Aug,8,Q3,5.5,,
ORD01632,2025-08-18,Tara Menon,Consumer,Filing Cabinet,Furniture,Storage,East,Kolkata,4,93.2,0.0,372.79,61.66,Credit Card,2025,Aug,8,Q3,16.54,,
ORD00743,2025-08-19,Diya Sharma,Consumer,Notebook Pack,Office Supplies,Stationery,South,Chennai,3,11.41,0.25,25.67,2.33,Net Banking,2025,Aug,8,Q3,9.08,,
ORD02347,2025-08-19,Kabir Shah,Consumer,Ring Binder,Office Supplies,Binders,East,Kolkata,3,6.73,0.15,17.15,3.29,UPI,2025,Aug,8,Q3,19.18,,
ORD02644,2025-08-19,Kabir Shah,Corporate,Notebook Pack,Office Supplies,Stationery,West,Mumbai,1,11.61,0.2,9.29,1.42,UPI,2025,Aug,8,Q3,15.29,,
ORD04274,2025-08-19,Riya Kulkarni,Small Business,Filing Cabinet,Furniture,Storage,North,Chandigarh,1,98.4,0.2,78.72,6.52,Debit Card,2025,Aug,8,Q3,8.28,,
ORD03551,2025-08-20,Rohan Patel,Consumer,Bookshelf,Furniture,Storage,South,Coimbatore,1,108.1,0.15,91.89,4.22,Credit Card,2025,Aug,8,Q3,4.59,,
ORD01453,2025-08-21,Kunal Bansal,Consumer,Ergonomic Office Chair,Furniture,Chairs,West,Surat,10,141.91,0.15,1206.26,77.47,Net Banking,2025,Aug,8,Q3,6.42,,
ORD02472,2025-08-21,Aarav Mehta,Consumer,Logitech Wireless Mouse,Technology,Accessories,West,Ahmedabad,3,27.47,0.2,65.94,5.63,Credit Card,2025,Aug,8,Q3,8.54,,
ORD03188,2025-08-21,Vivaan Singh,Small Business,Filing Cabinet,Furniture,Storage,South,Coimbatore,4,88.74,0.3,248.46,-2.7,UPI,2025,Aug,8,Q3,-1.09,,
ORD04485,2025-08-21,Kiara Desai,Consumer,Ball Pen Set,Office Supplies,Stationery,South,Kochi,5,7.85,0.05,37.3,8.98,Net Banking,2025,Aug,8,Q3,24.08,,
ORD04611,2025-08-21,Kabir Shah,Small Business,Study Desk,Furniture,Tables,West,Nagpur,8,190.38,0.15,1294.57,45.77,UPI,2025,Aug,8,Q3,3.54,,
ORD00640,2025-08-22,Kunal Bansal,Small Business,HP Laser Printer,Technology,Printers,North,Lucknow,1,203.38,0.0,203.38,32.75,Net Banking,2025,Aug,8,Q3,16.1,,
ORD00867,2025-08-22,Aditya Rao,Consumer,Filing Cabinet,Furniture,Storage,West,Pune,2,92.65,0.2,148.23,1.56,Credit Card,2025,Aug,8,Q3,1.05,,
ORD01728,2025-08-22,Vivaan Singh,Corporate,Mechanical Keyboard,Technology,Accessories,West,Mumbai,2,73.31,0.3,102.64,-2.53,Cash,2025,Aug,8,Q3,-2.46,,
ORD03913,2025-08-22,Rohan Patel,Small Business,Conference Table,Furniture,Tables,West,Mumbai,2,427.83,0.2,684.53,-7.91,Net Banking,2025,Aug,8,Q3,-1.16,,
ORD04118,2025-08-22,Kabir Shah,Corporate,Ball Pen Set,Office Supplies,Stationery,West,Nagpur,5,8.48,0.05,40.28,11.09,Credit Card,2025,Aug,8,Q3,27.53,,
ORD01279,2025-08-23,Vivaan Singh,Consumer,Stapler,Office Supplies,Stationery,East,Guwahati,5,9.09,0.0,45.43,10.29,Cash,2025,Aug,8,Q3,22.65,,
ORD03382,2025-08-23,Vivaan Singh,Consumer,Apple iPhone 13,Technology,Phones,North,Lucknow,1,608.28,0.1,547.45,20.73,UPI,2025,Aug,8,Q3,3.79,,
ORD04538,2025-08-23,Maya Thomas,Consumer,HP Laser Printer,Technology,Printers,South,Kochi,1,205.34,0.0,205.34,20.16,Debit Card,2025,Aug,8,Q3,9.82,,
ORD00607,2025-08-24,Riya Kulkarni,Consumer,Ergonomic Office Chair,Furniture,Chairs,South,Chennai,1,153.25,0.3,107.27,-2.51,Credit Card,2025,Aug,8,Q3,-2.34,,
ORD01560,2025-08-24,Neel Malhotra,Corporate,USB-C Hub,Technology,Accessories,North,Amritsar,1,35.0,0.05,33.25,6.88,Debit Card,2025,Aug,8,Q3,20.69,,
ORD01735,2025-08-24,Ananya Iyer,Corporate,Bookshelf,Furniture,Storage,North,Jaipur,3,103.5,0.25,232.88,-6.31,UPI,2025,Aug,8,Q3,-2.71,,
ORD03177,2025-08-24,Kabir Shah,Corporate,Mechanical Keyboard,Technology,Accessories,South,Bengaluru,5,75.41,0.1,339.33,39.31,Credit Card,2025,Aug,8,Q3,11.58,,
ORD03922,2025-08-24,Maya Thomas,Corporate,Ergonomic Office Chair,Furniture,Chairs,North,Lucknow,3,135.17,0.05,385.25,33.03,UPI,2025,Aug,8,Q3,8.57,,
ORD00246,2025-08-25,Ishita Gupta,Corporate,Logitech Wireless Mouse,Technology,Accessories,West,Pune,1,27.92,0.05,26.52,2.96,Debit Card,2025,Aug,8,Q3,11.16,,
ORD00252,2025-08-25,Neel Malhotra,Consumer,Mechanical Keyboard,Technology,Accessories,North,Chandigarh,1,74.15,0.1,66.73,7.51,Net Banking,2025,Aug,8,Q3,11.25,,
ORD01409,2025-08-25,Aditya Rao,Corporate,Samsung Galaxy A54,Technology,Phones,East,Ranchi,1,319.33,0.2,255.46,-0.21,UPI,2025,Aug,8,Q3,-0.08,,
ORD01670,2025-08-25,Kabir Shah,Corporate,HP Laser Printer,Technology,Printers,North,Amritsar,3,220.0,0.2,528.0,-2.6,Credit Card,2025,Aug,8,Q3,-0.49,,
ORD03711,2025-08-25,Meera Joshi,Consumer,Ergonomic Office Chair,Furniture,Chairs,West,Mumbai,6,153.92,0.2,738.84,2.73,Debit Card,2025,Aug,8,Q3,0.37,,
ORD04786,2025-08-25,Riya Kulkarni,Consumer,Notebook Pack,Office Supplies,Stationery,South,Chennai,2,12.05,0.25,18.08,1.63,UPI,2025,Aug,8,Q3,9.02,,
ORD02337,2025-08-26,Meera Joshi,Consumer,Samsung Galaxy A54,Technology,Phones,North,Delhi,1,301.38,0.15,256.17,19.12,Credit Card,2025,Aug,8,Q3,7.46,,
ORD03522,2025-08-26,Kunal Bansal,Consumer,Ergonomic Office Chair,Furniture,Chairs,North,Amritsar,6,139.88,0.3,587.51,11.16,Net Banking,2025,Aug,8,Q3,1.9,,
ORD04238,2025-08-26,Riya Kulkarni,Consumer,Ergonomic Office Chair,Furniture,Chairs,West,Surat,2,153.79,0.3,215.3,-7.21,Debit Card,2025,Aug,8,Q3,-3.35,,
ORD04749,2025-08-26,Dev Agarwal,Consumer,Logitech Wireless Mouse,Technology,Accessories,West,Pune,2,29.47,0.2,47.15,4.66,Cash,2025,Aug,8,Q3,9.88,,
ORD02270,2025-08-27,Kabir Shah,Small Business,Desk Organizer,Office Supplies,Storage,West,Mumbai,3,14.93,0.15,38.06,5.87,Credit Card,2025,Aug,8,Q3,15.42,,
ORD02275,2025-08-27,Rahul Verma,Corporate,HP Pavilion 15,Technology,Laptops,East,Kolkata,2,656.67,0.15,1116.33,33.35,Cash,2025,Aug,8,Q3,2.99,,
ORD02757,2025-08-27,Kunal Bansal,Consumer,A4 Copy Paper,Office Supplies,Paper,West,Mumbai,4,5.63,0.2,18.03,1.64,Cash,2025,Aug,8,Q3,9.1,,
ORD03075,2025-08-27,Neel Malhotra,Corporate,A4 Copy Paper,Office Supplies,Paper,North,Delhi,1,6.13,0.3,4.29,0.08,Net Banking,2025,Aug,8,Q3,1.86,,
ORD03597,2025-08-27,Aarav Mehta,Consumer,USB-C Hub,Technology,Accessories,West,Surat,1,34.76,0.15,29.54,2.65,UPI,2025,Aug,8,Q3,8.97,,
ORD04656,2025-08-28,Kabir Shah,Consumer,Mechanical Keyboard,Technology,Accessories,South,Coimbatore,3,76.82,0.1,207.43,23.47,Credit Card,2025,Aug,8,Q3,11.31,,
ORD02700,2025-08-29,Riya Kulkarni,Corporate,Notebook Pack,Office Supplies,Stationery,East,Bhubaneswar,3,11.19,0.0,33.57,8.18,Credit Card,2025,Aug,8,Q3,24.37,,
ORD01378,2025-08-30,Kiara Desai,Corporate,Bookshelf,Furniture,Storage,West,Ahmedabad,1,107.57,0.1,96.82,7.17,Credit Card,2025,Aug,8,Q3,7.41,,
ORD02377,2025-08-30,Aditya Rao,Corporate,Logitech Wireless Mouse,Technology,Accessories,West,Mumbai,8,29.09,0.1,209.44,16.02,Debit Card,2025,Aug,8,Q3,7.65,,
ORD01195,2025-08-31,Ishita Gupta,Consumer,Bookshelf,Furniture,Storage,North,Jaipur,5,105.01,0.05,498.82,79.34,UPI,2025,Aug,8,Q3,15.91,,
ORD01580,2025-08-31,Tara Menon,Small Business,Apple iPhone 13,Technology,Phones,South,Chennai,5,662.05,0.1,2979.2,173.42,Credit Card,2025,Aug,8,Q3,5.82,,
ORD02213,2025-08-31,Aditya Rao,Corporate,Notebook Pack,Office Supplies,Stationery,West,Nagpur,4,11.62,0.0,46.49,12.43,Cash,2025,Aug,8,Q3,26.74,,
ORD02461,2025-08-31,Vivaan Singh,Consumer,Desk Organizer,Office Supplies,Storage,East,Patna,6,14.21,0.2,68.22,8.32,Net Banking,2025,Aug,8,Q3,12.2,,
ORD04226,2025-08-31,Ananya Iyer,Corporate,Desk Organizer,Office Supplies,Storage,South,Kochi,5,13.71,0.25,51.41,5.96,UPI,2025,Aug,8,Q3,11.59,,
ORD04974,2025-08-31,Aditya Rao,Consumer,Ring Binder,Office Supplies,Binders,South,Bengaluru,2,7.04,0.05,13.38,2.59,Credit Card,2025,Aug,8,Q3,19.36,,
ORD02812,2025-09-01,Arjun Nair,Consumer,Desk Organizer,Office Supplies,Storage,East,Kolkata,4,14.28,0.25,42.85,4.55,Debit Card,2025,Sep,9,Q3,10.62,,
ORD00198,2025-09-02,Aisha Khan,Consumer,Lenovo IdeaPad 3,Technology,Laptops,North,Delhi,3,526.83,0.25,1185.36,-63.88,Credit Card,2025,Sep,9,Q3,-5.39,,
ORD00704,2025-09-02,Rahul Verma,Corporate,Lenovo IdeaPad 3,Technology,Laptops,East,Patna,4,496.76,0.15,1688.99,1.5,UPI,2025,Sep,9,Q3,0.09,,
ORD00829,2025-09-02,Aisha Khan,Consumer,HP Pavilion 15,Technology,Laptops,East,Patna,3,718.91,0.1,1941.05,100.2,Debit Card,2025,Sep,9,Q3,5.16,,
ORD00949,2025-09-02,Kabir Shah,Consumer,Dell 24-inch Monitor,Technology,Monitors,South,Hyderabad,2,174.66,0.15,296.92,22.37,Net Banking,2025,Sep,9,Q3,7.53,,
ORD01355,2025-09-02,Neel Malhotra,Consumer,Bookshelf,Furniture,Storage,West,Pune,4,115.28,0.3,322.77,-16.43,UPI,2025,Sep,9,Q3,-5.09,,
ORD04680,2025-09-02,Riya Kulkarni,Corporate,Logitech Wireless Mouse,Technology,Accessories,South,Bengaluru,6,27.46,0.1,148.3,16.18,Debit Card,2025,Sep,9,Q3,10.91,,
ORD00279,2025-09-03,Riya Kulkarni,Corporate,HP Laser Printer,Technology,Printers,West,Mumbai,6,204.07,0.25,918.3,-38.32,Credit Card,2025,Sep,9,Q3,-4.17,,
ORD01071,2025-09-03,Arjun Nair,Consumer,USB-C Hub,Technology,Accessories,South,Hyderabad,3,34.18,0.25,76.9,1.62,Net Banking,2025,Sep,9,Q3,2.11,,
ORD01193,2025-09-03,Riya Kulkarni,Small Business,Conference Table,Furniture,Tables,West,Mumbai,2,413.05,0.15,702.18,-8.61,UPI,2025,Sep,9,Q3,-1.23,,
ORD02695,2025-09-03,Rahul Verma,Consumer,Bookshelf,Furniture,Storage,East,Ranchi,1,112.45,0.15,95.58,3.84,Net Banking,2025,Sep,9,Q3,4.02,,
ORD02950,2025-09-03,Tara Menon,Consumer,Conference Table,Furniture,Tables,East,Bhubaneswar,3,423.04,0.15,1078.75,-21.97,UPI,2025,Sep,9,Q3,-2.04,,
ORD02980,2025-09-03,Kunal Bansal,Consumer,Samsung Galaxy A54,Technology,Phones,South,Chennai,2,329.33,0.2,526.93,-7.07,Net Banking,2025,Sep,9,Q3,-1.34,,
ORD03091,2025-09-03,Aditya Rao,Corporate,Logitech Wireless Mouse,Technology,Accessories,North,Delhi,3,29.6,0.2,71.03,2.58,UPI,2025,Sep,9,Q3,3.63,,
ORD04409,2025-09-03,Meera Joshi,Consumer,Apple iPhone 13,Technology,Phones,North,Jaipur,1,642.42,0.0,642.42,60.89,UPI,2025,Sep,9,Q3,9.48,,
ORD04669,2025-09-03,Riya Kulkarni,Small Business,Ball Pen Set,Office Supplies,Stationery,East,Patna,4,8.52,0.05,32.39,9.21,Debit Card,2025,Sep,9,Q3,28.43,,
ORD01709,2025-09-04,Maya Thomas,Consumer,Samsung Galaxy A54,Technology,Phones,East,Guwahati,10,335.99,0.2,2687.95,36.12,Debit Card,2025,Sep,9,Q3,1.34,,
ORD02236,2025-09-04,Neel Malhotra,Consumer,Samsung Galaxy A54,Technology,Phones,North,Delhi,2,329.13,0.05,625.35,26.4,UPI,2025,Sep,9,Q3,4.22,,
ORD02693,2025-09-04,Aditya Rao,Small Business,Dell 24-inch Monitor,Technology,Monitors,West,Pune,1,165.36,0.05,157.09,12.62,UPI,2025,Sep,9,Q3,8.03,,
ORD03949,2025-09-04,Tara Menon,Consumer,HP Laser Printer,Technology,Printers,East,Guwahati,3,199.59,0.15,508.95,3.16,UPI,2025,Sep,9,Q3,0.62,,
ORD00912,2025-09-05,Neel Malhotra,Corporate,Study Desk,Furniture,Tables,South,Coimbatore,2,170.11,0.0,340.22,43.35,UPI,2025,Sep,9,Q3,12.74,,
ORD01679,2025-09-05,Sana Kapoor,Consumer,Filing Cabinet,Furniture,Storage,South,Kochi,1,90.47,0.1,81.42,10.15,Credit Card,2025,Sep,9,Q3,12.47,,
ORD03748,2025-09-05,Meera Joshi,Consumer,Conference Table,Furniture,Tables,South,Bengaluru,3,395.42,0.15,1008.32,-44.13,Credit Card,2025,Sep,9,Q3,-4.38,,
ORD04572,2025-09-05,Sana Kapoor,Consumer,Desk Organizer,Office Supplies,Storage,South,Bengaluru,6,14.91,0.15,76.04,14.57,UPI,2025,Sep,9,Q3,19.16,,
ORD02621,2025-09-06,Riya Kulkarni,Consumer,Ergonomic Office Chair,Furniture,Chairs,West,Surat,2,154.82,0.25,232.24,7.46,Net Banking,2025,Sep,9,Q3,3.21,,
ORD04348,2025-09-06,Arjun Nair,Consumer,HP Pavilion 15,Technology,Laptops,North,Lucknow,8,677.19,0.0,5417.53,699.78,Credit Card,2025,Sep,9,Q3,12.92,,
ORD04443,2025-09-06,Meera Joshi,Small Business,HP Laser Printer,Technology,Printers,West,Ahmedabad,3,203.02,0.25,456.79,-16.69,UPI,2025,Sep,9,Q3,-3.65,,
ORD04513,2025-09-06,Ananya Iyer,Consumer,HP Laser Printer,Technology,Printers,South,Bengaluru,4,221.27,0.0,885.09,132.2,Credit Card,2025,Sep,9,Q3,14.94,,
ORD00858,2025-09-07,Riya Kulkarni,Corporate,Logitech Wireless Mouse,Technology,Accessories,South,Coimbatore,2,27.52,0.15,46.78,5.43,Debit Card,2025,Sep,9,Q3,11.61,,
ORD01326,2025-09-07,Riya Kulkarni,Small Business,HP Pavilion 15,Technology,Laptops,South,Kochi,4,677.01,0.1,2437.24,177.85,Debit Card,2025,Sep,9,Q3,7.3,,
ORD01339,2025-09-07,Kabir Shah,Corporate,Conference Table,Furniture,Tables,West,Ahmedabad,2,416.24,0.15,707.61,13.66,Debit Card,2025,Sep,9,Q3,1.93,,
ORD03405,2025-09-07,Sana Kapoor,Consumer,Ball Pen Set,Office Supplies,Stationery,East,Patna,2,7.52,0.05,14.29,3.66,Cash,2025,Sep,9,Q3,25.61,,
ORD03428,2025-09-07,Ishita Gupta,Consumer,Study Desk,Furniture,Tables,East,Bhubaneswar,4,181.48,0.0,725.92,121.71,Debit Card,2025,Sep,9,Q3,16.77,,
ORD03676,2025-09-07,Rahul Verma,Consumer,USB-C Hub,Technology,Accessories,North,Amritsar,2,35.73,0.2,57.17,5.19,UPI,2025,Sep,9,Q3,9.08,,
ORD04904,2025-09-07,Kunal Bansal,Consumer,Dell 24-inch Monitor,Technology,Monitors,South,Kochi,2,173.32,0.15,294.65,11.26,UPI,2025,Sep,9,Q3,3.82,,
ORD00406,2025-09-08,Diya Sharma,Small Business,Ball Pen Set,Office Supplies,Stationery,East,Patna,1,7.66,0.3,5.36,0.55,Net Banking,2025,Sep,9,Q3,10.26,,
ORD01152,2025-09-08,Meera Joshi,Consumer,Conference Table,Furniture,Tables,South,Chennai,1,412.95,0.15,351.0,3.17,Debit Card,2025,Sep,9,Q3,0.9,,
ORD02165,2025-09-08,Rohan Patel,Small Business,Ergonomic Office Chair,Furniture,Chairs,South,Chennai,2,138.17,0.2,221.07,2.69,UPI,2025,Sep,9,Q3,1.22,,
ORD03249,2025-09-08,Rahul Verma,Corporate,Dell 24-inch Monitor,Technology,Monitors,West,Nagpur,4,172.04,0.05,653.74,66.52,Credit Card,2025,Sep,9,Q3,10.18,,
ORD03445,2025-09-08,Tara Menon,Consumer,Ring Binder,Office Supplies,Binders,West,Surat,3,6.74,0.05,19.21,3.83,Credit Card,2025,Sep,9,Q3,19.94,,
ORD03659,2025-09-08,Aditya Rao,Corporate,Mechanical Keyboard,Technology,Accessories,West,Pune,2,76.49,0.05,145.33,17.64,Cash,2025,Sep,9,Q3,12.14,,
ORD04841,2025-09-08,Riya Kulkarni,Small Business,Apple iPhone 13,Technology,Phones,East,Kolkata,2,639.04,0.2,1022.46,-58.43,Credit Card,2025,Sep,9,Q3,-5.71,,
ORD04907,2025-09-08,Ananya Iyer,Corporate,Conference Table,Furniture,Tables,East,Patna,6,445.46,0.1,2405.51,158.32,Net Banking,2025,Sep,9,Q3,6.58,,
ORD00817,2025-09-09,Diya Sharma,Corporate,Dell 24-inch Monitor,Technology,Monitors,North,Jaipur,10,178.92,0.2,1431.37,26.86,UPI,2025,Sep,9,Q3,1.88,,
ORD04924,2025-09-09,Rohan Patel,Consumer,Notebook Pack,Office Supplies,Stationery,South,Chennai,4,11.16,0.25,33.49,3.23,UPI,2025,Sep,9,Q3,9.64,,
ORD00896,2025-09-10,Ishita Gupta,Small Business,Bookshelf,Furniture,Storage,South,Kochi,2,107.46,0.2,171.93,0.88,Credit Card,2025,Sep,9,Q3,0.51,,
ORD03908,2025-09-10,Rohan Patel,Consumer,A4 Copy Paper,Office Supplies,Paper,North,Chandigarh,5,6.09,0.2,24.36,2.6,Credit Card,2025,Sep,9,Q3,10.67,,
ORD02646,2025-09-11,Kabir Shah,Consumer,Mechanical Keyboard,Technology,Accessories,South,Kochi,1,73.89,0.05,70.19,11.59,UPI,2025,Sep,9,Q3,16.51,,
ORD02755,2025-09-11,Neel Malhotra,Consumer,A4 Copy Paper,Office Supplies,Paper,South,Bengaluru,2,6.21,0.05,11.79,2.32,Credit Card,2025,Sep,9,Q3,19.68,,
ORD02934,2025-09-11,Neel Malhotra,Corporate,HP Pavilion 15,Technology,Laptops,East,Ranchi,2,642.0,0.2,1027.2,47.6,UPI,2025,Sep,9,Q3,4.63,,
ORD03946,2025-09-11,Kabir Shah,Consumer,Stapler,Office Supplies,Stationery,North,Delhi,5,8.69,0.0,43.44,9.13,UPI,2025,Sep,9,Q3,21.02,,
ORD04657,2025-09-11,Arjun Nair,Small Business,Logitech Wireless Mouse,Technology,Accessories,South,Hyderabad,1,29.59,0.2,23.67,0.25,Debit Card,2025,Sep,9,Q3,1.06,,
ORD01523,2025-09-12,Riya Kulkarni,Consumer,Notebook Pack,Office Supplies,Stationery,South,Kochi,1,12.31,0.05,11.7,3.29,Debit Card,2025,Sep,9,Q3,28.12,,
ORD01774,2025-09-12,Tara Menon,Consumer,Desk Organizer,Office Supplies,Storage,West,Nagpur,8,14.13,0.05,107.4,22.61,Credit Card,2025,Sep,9,Q3,21.05,,
ORD03064,2025-09-12,Kabir Shah,Consumer,Lenovo IdeaPad 3,Technology,Laptops,East,Bhubaneswar,3,517.52,0.0,1552.55,253.37,Cash,2025,Sep,9,Q3,16.32,,
ORD03598,2025-09-12,Aditya Rao,Corporate,Bookshelf,Furniture,Storage,South,Bengaluru,1,107.45,0.25,80.59,-0.46,Debit Card,2025,Sep,9,Q3,-0.57,,
ORD01714,2025-09-13,Aisha Khan,Consumer,Logitech Wireless Mouse,Technology,Accessories,East,Kolkata,2,27.12,0.05,51.53,7.8,UPI,2025,Sep,9,Q3,15.14,,
ORD02495,2025-09-13,Aisha Khan,Corporate,Stapler,Office Supplies,Stationery,East,Patna,1,8.94,0.1,8.04,1.65,Net Banking,2025,Sep,9,Q3,20.52,,
ORD03338,2025-09-13,Kabir Shah,Consumer,Lenovo IdeaPad 3,Technology,Laptops,North,Lucknow,1,547.88,0.25,410.91,-13.41,UPI,2025,Sep,9,Q3,-3.26,,
ORD03701,2025-09-13,Arjun Nair,Corporate,Apple iPhone 13,Technology,Phones,East,Patna,1,641.88,0.15,545.6,25.64,UPI,2025,Sep,9,Q3,4.7,,
ORD04590,2025-09-13,Aisha Khan,Consumer,Ring Binder,Office Supplies,Binders,West,Nagpur,4,6.86,0.3,19.21,1.51,Net Banking,2025,Sep,9,Q3,7.86,,
ORD00452,2025-09-14,Rohan Patel,Corporate,HP Pavilion 15,Technology,Laptops,North,Chandigarh,3,689.22,0.2,1654.14,36.4,Net Banking,2025,Sep,9,Q3,2.2,,
ORD01120,2025-09-15,Aarav Mehta,Consumer,Desk Organizer,Office Supplies,Storage,South,Hyderabad,1,13.6,0.0,13.6,2.9,Net Banking,2025,Sep,9,Q3,21.32,,
ORD02006,2025-09-15,Dev Agarwal,Consumer,Dell 24-inch Monitor,Technology,Monitors,North,Delhi,3,182.77,0.0,548.32,75.11,Net Banking,2025,Sep,9,Q3,13.7,,
ORD03627,2025-09-15,Ishita Gupta,Consumer,Filing Cabinet,Furniture,Storage,North,Lucknow,2,89.92,0.25,134.87,-2.4,UPI,2025,Sep,9,Q3,-1.78,,
ORD04198,2025-09-15,Maya Thomas,Corporate,Mechanical Keyboard,Technology,Accessories,South,Coimbatore,6,69.1,0.25,310.95,19.1,Debit Card,2025,Sep,9,Q3,6.14,,
ORD01737,2025-09-16,Riya Kulkarni,Consumer,Notebook Pack,Office Supplies,Stationery,West,Mumbai,1,11.81,0.1,10.63,2.84,Debit Card,2025,Sep,9,Q3,26.72,,
ORD03543,2025-09-16,Aditya Rao,Corporate,Mechanical Keyboard,Technology,Accessories,North,Lucknow,1,67.28,0.0,67.28,8.92,Debit Card,2025,Sep,9,Q3,13.26,,
ORD00502,2025-09-17,Riya Kulkarni,Corporate,A4 Copy Paper,Office Supplies,Paper,East,Bhubaneswar,1,6.35,0.2,5.08,0.67,UPI,2025,Sep,9,Q3,13.19,,
ORD00662,2025-09-17,Rahul Verma,Consumer,Notebook Pack,Office Supplies,Stationery,East,Bhubaneswar,3,12.79,0.0,38.36,9.4,UPI,2025,Sep,9,Q3,24.5,,
ORD02364,2025-09-17,Aisha Khan,Consumer,HP Laser Printer,Technology,Printers,North,Lucknow,2,199.27,0.15,338.76,-3.13,UPI,2025,Sep,9,Q3,-0.92,,
ORD02611,2025-09-17,Tara Menon,Consumer,Conference Table,Furniture,Tables,South,Kochi,2,446.79,0.2,714.86,-6.23,UPI,2025,Sep,9,Q3,-0.87,,
ORD03051,2025-09-17,Kunal Bansal,Small Business,Ring Binder,Office Supplies,Binders,West,Ahmedabad,4,7.25,0.2,23.19,3.71,Credit Card,2025,Sep,9,Q3,16.0,,
ORD04862,2025-09-17,Maya Thomas,Consumer,HP Laser Printer,Technology,Printers,West,Ahmedabad,1,217.15,0.15,184.58,13.56,Debit Card,2025,Sep,9,Q3,7.35,,
ORD00876,2025-09-18,Kabir Shah,Consumer,A4 Copy Paper,Office Supplies,Paper,North,Amritsar,4,6.26,0.0,25.04,4.47,UPI,2025,Sep,9,Q3,17.85,,
ORD02633,2025-09-18,Aditya Rao,Corporate,Ring Binder,Office Supplies,Binders,North,Amritsar,6,6.73,0.1,36.33,8.17,Debit Card,2025,Sep,9,Q3,22.49,,
ORD02773,2025-09-18,Kabir Shah,Small Business,Notebook Pack,Office Supplies,Stationery,North,Amritsar,1,12.37,0.0,12.37,2.87,UPI,2025,Sep,9,Q3,23.2,,
ORD04123,2025-09-18,Kunal Bansal,Small Business,Ring Binder,Office Supplies,Binders,North,Lucknow,4,6.56,0.1,23.62,4.82,Cash,2025,Sep,9,Q3,20.41,,
ORD04262,2025-09-18,Ishita Gupta,Consumer,Notebook Pack,Office Supplies,Stationery,West,Pune,3,11.16,0.25,25.12,2.05,Net Banking,2025,Sep,9,Q3,8.16,,
ORD00956,2025-09-19,Aarav Mehta,Small Business,Logitech Wireless Mouse,Technology,Accessories,West,Nagpur,1,27.62,0.2,22.1,1.42,UPI,2025,Sep,9,Q3,6.43,,
ORD01249,2025-09-19,Vivaan Singh,Small Business,Lenovo IdeaPad 3,Technology,Laptops,South,Bengaluru,4,495.93,0.15,1686.16,13.84,UPI,2025,Sep,9,Q3,0.82,,
ORD01753,2025-09-19,Maya Thomas,Consumer,Lenovo IdeaPad 3,Technology,Laptops,West,Mumbai,3,508.03,0.0,1524.08,187.03,Credit Card,2025,Sep,9,Q3,12.27,,
ORD02287,2025-09-19,Ishita Gupta,Consumer,Mechanical Keyboard,Technology,Accessories,West,Surat,1,71.19,0.05,67.63,13.67,Net Banking,2025,Sep,9,Q3,20.21,,
ORD03012,2025-09-20,Aarav Mehta,Corporate,Bookshelf,Furniture,Storage,West,Pune,2,115.02,0.15,195.54,8.25,Credit Card,2025,Sep,9,Q3,4.22,,
ORD03541,2025-09-20,Meera Joshi,Consumer,Lenovo IdeaPad 3,Technology,Laptops,North,Lucknow,2,530.2,0.05,1007.37,77.72,Credit Card,2025,Sep,9,Q3,7.72,,
ORD04899,2025-09-20,Kabir Shah,Consumer,Mechanical Keyboard,Technology,Accessories,West,Pune,3,75.11,0.15,191.54,18.52,Cash,2025,Sep,9,Q3,9.67,,
ORD00803,2025-09-21,Riya Kulkarni,Small Business,Samsung Galaxy A54,Technology,Phones,North,Delhi,3,309.56,0.1,835.81,12.96,Debit Card,2025,Sep,9,Q3,1.55,,
ORD00846,2025-09-21,Tara Menon,Consumer,Lenovo IdeaPad 3,Technology,Laptops,South,Kochi,5,529.33,0.2,2117.34,-26.48,Debit Card,2025,Sep,9,Q3,-1.25,,
ORD01226,2025-09-21,Arjun Nair,Small Business,Filing Cabinet,Furniture,Storage,South,Chennai,3,89.88,0.25,202.23,8.22,Debit Card,2025,Sep,9,Q3,4.06,,
ORD01563,2025-09-21,Diya Sharma,Corporate,Ergonomic Office Chair,Furniture,Chairs,West,Pune,2,140.49,0.15,238.83,20.26,UPI,2025,Sep,9,Q3,8.48,,
ORD01581,2025-09-21,Maya Thomas,Consumer,A4 Copy Paper,Office Supplies,Paper,North,Lucknow,3,5.96,0.1,16.09,3.25,Net Banking,2025,Sep,9,Q3,20.2,,
ORD03614,2025-09-21,Aisha Khan,Consumer,Apple iPhone 13,Technology,Phones,South,Coimbatore,1,679.88,0.05,645.89,33.0,Debit Card,2025,Sep,9,Q3,5.11,,
ORD03663,2025-09-21,Kunal Bansal,Consumer,USB-C Hub,Technology,Accessories,West,Mumbai,3,36.93,0.05,105.24,19.72,Credit Card,2025,Sep,9,Q3,18.74,,
ORD00181,2025-09-22,Dev Agarwal,Small Business,Stapler,Office Supplies,Stationery,South,Bengaluru,1,9.11,0.0,9.11,2.22,UPI,2025,Sep,9,Q3,24.37,,
ORD00179,2025-09-23,Meera Joshi,Consumer,Notebook Pack,Office Supplies,Stationery,West,Surat,1,12.79,0.05,12.15,2.93,UPI,2025,Sep,9,Q3,24.12,,
ORD01021,2025-09-24,Kiara Desai,Consumer,Mechanical Keyboard,Technology,Accessories,South,Bengaluru,1,75.74,0.0,75.74,10.87,UPI,2025,Sep,9,Q3,14.35,,
ORD02404,2025-09-24,Maya Thomas,Small Business,Mechanical Keyboard,Technology,Accessories,West,Mumbai,2,67.35,0.0,134.69,23.25,Credit Card,2025,Sep,9,Q3,17.26,,
ORD02707,2025-09-24,Maya Thomas,Consumer,Mechanical Keyboard,Technology,Accessories,South,Bengaluru,2,67.86,0.15,115.37,5.66,Debit Card,2025,Sep,9,Q3,4.91,,
ORD03371,2025-09-24,Aisha Khan,Corporate,Mechanical Keyboard,Technology,Accessories,South,Kochi,1,69.72,0.0,69.72,8.61,Cash,2025,Sep,9,Q3,12.35,,
ORD04355,2025-09-24,Neel Malhotra,Consumer,Samsung Galaxy A54,Technology,Phones,North,Jaipur,6,309.97,0.25,1394.85,-3.85,UPI,2025,Sep,9,Q3,-0.28,,
ORD00024,2025-09-25,Arjun Nair,Consumer,Ball Pen Set,Office Supplies,Stationery,South,Chennai,4,7.73,0.15,26.28,5.75,Credit Card,2025,Sep,9,Q3,21.88,,
ORD00182,2025-09-25,Aditya Rao,Corporate,A4 Copy Paper,Office Supplies,Paper,East,Ranchi,2,5.61,0.2,8.98,1.15,UPI,2025,Sep,9,Q3,12.81,,
ORD01150,2025-09-25,Ishita Gupta,Consumer,Ring Binder,Office Supplies,Binders,West,Surat,1,7.23,0.15,6.14,1.07,Credit Card,2025,Sep,9,Q3,17.43,,
ORD01910,2025-09-25,Tara Menon,Consumer,Bookshelf,Furniture,Storage,North,Jaipur,1,110.66,0.2,88.53,3.11,Net Banking,2025,Sep,9,Q3,3.51,,
ORD02592,2025-09-25,Dev Agarwal,Consumer,Notebook Pack,Office Supplies,Stationery,South,Bengaluru,3,12.73,0.15,32.45,4.02,UPI,2025,Sep,9,Q3,12.39,,
ORD02730,2025-09-25,Ishita Gupta,Small Business,Logitech Wireless Mouse,Technology,Accessories,West,Mumbai,4,27.85,0.15,94.69,10.78,Cash,2025,Sep,9,Q3,11.38,,
ORD02167,2025-09-26,Diya Sharma,Consumer,Ball Pen Set,Office Supplies,Stationery,East,Bhubaneswar,6,7.67,0.0,46.01,13.98,Net Banking,2025,Sep,9,Q3,30.38,,
ORD01223,2025-09-27,Aarav Mehta,Corporate,Logitech Wireless Mouse,Technology,Accessories,South,Bengaluru,2,28.87,0.25,43.3,2.14,Debit Card,2025,Sep,9,Q3,4.94,,
ORD01515,2025-09-27,Tara Menon,Consumer,Ring Binder,Office Supplies,Binders,South,Hyderabad,3,6.75,0.1,18.21,3.47,Cash,2025,Sep,9,Q3,19.06,,
ORD02203,2025-09-27,Aisha Khan,Consumer,USB-C Hub,Technology,Accessories,West,Pune,1,37.43,0.05,35.56,6.72,Cash,2025,Sep,9,Q3,18.9,,
ORD02667,2025-09-27,Maya Thomas,Corporate,Lenovo IdeaPad 3,Technology,Laptops,South,Chennai,6,527.13,0.2,2530.23,55.43,Credit Card,2025,Sep,9,Q3,2.19,,
ORD00652,2025-09-28,Kiara Desai,Consumer,Logitech Wireless Mouse,Technology,Accessories,South,Bengaluru,3,26.88,0.25,60.48,0.44,Debit Card,2025,Sep,9,Q3,0.73,,
ORD02141,2025-09-28,Vivaan Singh,Small Business,Study Desk,Furniture,Tables,East,Bhubaneswar,1,170.23,0.15,144.69,10.35,Net Banking,2025,Sep,9,Q3,7.15,,
ORD00152,2025-09-29,Arjun Nair,Small Business,Ring Binder,Office Supplies,Binders,East,Bhubaneswar,6,7.42,0.2,35.62,5.66,UPI,2025,Sep,9,Q3,15.89,,
ORD00939,2025-09-29,Aarav Mehta,Corporate,Study Desk,Furniture,Tables,East,Bhubaneswar,2,181.12,0.2,289.79,3.84,Credit Card,2025,Sep,9,Q3,1.33,,
ORD01489,2025-09-29,Riya Kulkarni,Consumer,Notebook Pack,Office Supplies,Stationery,South,Coimbatore,4,11.96,0.2,38.28,5.17,UPI,2025,Sep,9,Q3,13.51,,
ORD04285,2025-09-29,Kabir Shah,Small Business,Mechanical Keyboard,Technology,Accessories,North,Lucknow,4,67.18,0.2,214.98,7.9,Cash,2025,Sep,9,Q3,3.67,,
ORD04379,2025-09-29,Vivaan Singh,Consumer,Ball Pen Set,Office Supplies,Stationery,North,Delhi,1,7.7,0.3,5.39,0.64,UPI,2025,Sep,9,Q3,11.87,,
ORD00414,2025-09-30,Rohan Patel,Consumer,Bookshelf,Furniture,Storage,West,Mumbai,3,117.2,0.1,316.44,35.58,Net Banking,2025,Sep,9,Q3,11.24,,
ORD00692,2025-09-30,Meera Joshi,Consumer,Desk Organizer,Office Supplies,Storage,East,Kolkata,1,13.49,0.05,12.82,2.87,Debit Card,2025,Sep,9,Q3,22.39,,
ORD00816,2025-09-30,Ananya Iyer,Consumer,Filing Cabinet,Furniture,Storage,North,Chandigarh,3,94.09,0.0,282.26,37.34,Net Banking,2025,Sep,9,Q3,13.23,,
ORD00370,2025-10-01,Arjun Nair,Corporate,Mechanical Keyboard,Technology,Accessories,South,Kochi,3,69.54,0.15,177.32,15.15,UPI,2025,Oct,10,Q4,8.54,,
ORD02225,2025-10-01,Aisha Khan,Consumer,Study Desk,Furniture,Tables,West,Ahmedabad,3,190.94,0.05,544.18,26.76,Net Banking,2025,Oct,10,Q4,4.92,,
ORD02310,2025-10-01,Vivaan Singh,Small Business,Logitech Wireless Mouse,Technology,Accessories,West,Nagpur,1,28.58,0.0,28.58,5.26,Cash,2025,Oct,10,Q4,18.4,,
ORD03241,2025-10-01,Neel Malhotra,Consumer,Desk Organizer,Office Supplies,Storage,East,Guwahati,5,13.54,0.15,57.56,7.73,Net Banking,2025,Oct,10,Q4,13.43,,
ORD04180,2025-10-01,Kunal Bansal,Small Business,Ball Pen Set,Office Supplies,Stationery,West,Nagpur,10,7.75,0.0,77.47,21.41,Debit Card,2025,Oct,10,Q4,27.64,,
ORD01419,2025-10-02,Maya Thomas,Consumer,Filing Cabinet,Furniture,Storage,East,Guwahati,2,99.79,0.15,169.65,19.2,Net Banking,2025,Oct,10,Q4,11.32,,
ORD04624,2025-10-02,Diya Sharma,Consumer,A4 Copy Paper,Office Supplies,Paper,South,Bengaluru,2,5.75,0.3,8.05,0.29,UPI,2025,Oct,10,Q4,3.6,,
ORD02095,2025-10-03,Kiara Desai,Corporate,Notebook Pack,Office Supplies,Stationery,East,Bhubaneswar,8,11.21,0.25,67.26,6.36,Debit Card,2025,Oct,10,Q4,9.46,,
ORD02425,2025-10-03,Kiara Desai,Small Business,Mechanical Keyboard,Technology,Accessories,North,Jaipur,10,76.66,0.0,766.61,124.28,Debit Card,2025,Oct,10,Q4,16.21,,
ORD00913,2025-10-04,Riya Kulkarni,Consumer,Bookshelf,Furniture,Storage,South,Hyderabad,4,109.52,0.0,438.09,53.86,Credit Card,2025,Oct,10,Q4,12.29,,
ORD02620,2025-10-04,Dev Agarwal,Consumer,Bookshelf,Furniture,Storage,South,Chennai,5,111.09,0.1,499.91,36.29,UPI,2025,Oct,10,Q4,7.26,,
ORD03132,2025-10-04,Maya Thomas,Consumer,USB-C Hub,Technology,Accessories,North,Lucknow,3,36.15,0.0,108.46,20.4,UPI,2025,Oct,10,Q4,18.81,,
ORD04432,2025-10-04,Kiara Desai,Consumer,Conference Table,Furniture,Tables,South,Chennai,2,427.44,0.2,683.9,-7.59,Debit Card,2025,Oct,10,Q4,-1.11,,
ORD04714,2025-10-04,Kiara Desai,Consumer,Lenovo IdeaPad 3,Technology,Laptops,East,Patna,2,546.24,0.05,1037.87,119.46,UPI,2025,Oct,10,Q4,11.51,,
ORD00110,2025-10-05,Vivaan Singh,Consumer,Ring Binder,Office Supplies,Binders,East,Ranchi,2,6.77,0.05,12.87,3.06,Credit Card,2025,Oct,10,Q4,23.78,,
ORD00296,2025-10-05,Diya Sharma,Corporate,Notebook Pack,Office Supplies,Stationery,South,Chennai,4,12.02,0.2,38.47,7.78,Credit Card,2025,Oct,10,Q4,20.22,,
ORD00714,2025-10-05,Arjun Nair,Corporate,Lenovo IdeaPad 3,Technology,Laptops,East,Patna,1,500.19,0.1,450.17,29.14,Debit Card,2025,Oct,10,Q4,6.47,,
ORD01389,2025-10-05,Meera Joshi,Corporate,Conference Table,Furniture,Tables,East,Ranchi,1,396.72,0.05,376.89,20.08,Credit Card,2025,Oct,10,Q4,5.33,,
ORD01759,2025-10-05,Vivaan Singh,Consumer,Conference Table,Furniture,Tables,South,Coimbatore,5,398.91,0.15,1695.35,-47.71,UPI,2025,Oct,10,Q4,-2.81,,
ORD02528,2025-10-05,Kunal Bansal,Consumer,Study Desk,Furniture,Tables,South,Bengaluru,2,191.29,0.15,325.19,26.44,Credit Card,2025,Oct,10,Q4,8.13,,
ORD03458,2025-10-05,Kabir Shah,Consumer,Stapler,Office Supplies,Stationery,North,Delhi,3,9.63,0.15,24.55,3.61,Credit Card,2025,Oct,10,Q4,14.7,,
ORD04024,2025-10-05,Diya Sharma,Corporate,Filing Cabinet,Furniture,Storage,East,Bhubaneswar,2,96.09,0.1,172.97,6.46,UPI,2025,Oct,10,Q4,3.73,,
ORD00603,2025-10-06,Arjun Nair,Consumer,Ball Pen Set,Office Supplies,Stationery,South,Bengaluru,5,7.98,0.0,39.91,9.85,Debit Card,2025,Oct,10,Q4,24.68,,
ORD00866,2025-10-06,Ananya Iyer,Small Business,Filing Cabinet,Furniture,Storage,North,Lucknow,1,90.87,0.05,86.33,6.98,Debit Card,2025,Oct,10,Q4,8.09,,
ORD01913,2025-10-06,Arjun Nair,Corporate,Logitech Wireless Mouse,Technology,Accessories,South,Coimbatore,6,29.43,0.25,132.42,4.61,UPI,2025,Oct,10,Q4,3.48,,
ORD03563,2025-10-07,Meera Joshi,Consumer,Stapler,Office Supplies,Stationery,North,Jaipur,3,8.88,0.3,18.65,2.53,UPI,2025,Oct,10,Q4,13.57,,
ORD04030,2025-10-07,Riya Kulkarni,Consumer,Logitech Wireless Mouse,Technology,Accessories,South,Coimbatore,4,26.52,0.0,106.07,16.91,Credit Card,2025,Oct,10,Q4,15.94,,
ORD04100,2025-10-07,Kabir Shah,Consumer,Ergonomic Office Chair,Furniture,Chairs,North,Lucknow,4,142.3,0.15,483.83,21.5,UPI,2025,Oct,10,Q4,4.44,,
ORD01852,2025-10-08,Kiara Desai,Corporate,Mechanical Keyboard,Technology,Accessories,West,Mumbai,6,67.77,0.2,325.31,30.29,UPI,2025,Oct,10,Q4,9.31,,
ORD01875,2025-10-08,Riya Kulkarni,Consumer,Logitech Wireless Mouse,Technology,Accessories,West,Surat,1,26.49,0.1,23.84,3.89,Net Banking,2025,Oct,10,Q4,16.32,,
ORD01955,2025-10-08,Vivaan Singh,Consumer,Ball Pen Set,Office Supplies,Stationery,West,Ahmedabad,1,7.84,0.1,7.06,1.73,UPI,2025,Oct,10,Q4,24.5,,
ORD04471,2025-10-08,Neel Malhotra,Consumer,Study Desk,Furniture,Tables,West,Mumbai,4,173.48,0.1,624.54,42.15,Debit Card,2025,Oct,10,Q4,6.75,,
ORD00554,2025-10-09,Kabir Shah,Consumer,Dell 24-inch Monitor,Technology,Monitors,East,Patna,5,162.79,0.2,651.17,-16.73,UPI,2025,Oct,10,Q4,-2.57,,
ORD01034,2025-10-09,Rahul Verma,Corporate,Bookshelf,Furniture,Storage,South,Bengaluru,8,113.13,0.0,905.03,163.45,Credit Card,2025,Oct,10,Q4,18.06,,
ORD01649,2025-10-09,Rohan Patel,Small Business,Notebook Pack,Office Supplies,Stationery,South,Hyderabad,2,11.91,0.05,22.63,5.47,Credit Card,2025,Oct,10,Q4,24.17,,
ORD03076,2025-10-09,Sana Kapoor,Consumer,Bookshelf,Furniture,Storage,South,Kochi,6,109.14,0.25,491.12,-30.02,UPI,2025,Oct,10,Q4,-6.11,,
ORD03404,2025-10-09,Ishita Gupta,Consumer,HP Laser Printer,Technology,Printers,South,Bengaluru,5,213.54,0.15,907.53,21.1,UPI,2025,Oct,10,Q4,2.32,,
ORD03732,2025-10-09,Riya Kulkarni,Consumer,Lenovo IdeaPad 3,Technology,Laptops,East,Guwahati,3,517.68,0.05,1475.38,162.05,UPI,2025,Oct,10,Q4,10.98,,
ORD04105,2025-10-09,Ishita Gupta,Consumer,Ergonomic Office Chair,Furniture,Chairs,North,Chandigarh,1,154.71,0.0,154.71,18.69,Debit Card,2025,Oct,10,Q4,12.08,,
ORD04157,2025-10-09,Ishita Gupta,Corporate,Apple iPhone 13,Technology,Phones,North,Jaipur,5,686.95,0.0,3434.74,222.01,Credit Card,2025,Oct,10,Q4,6.46,,
ORD00101,2025-10-10,Dev Agarwal,Corporate,HP Laser Printer,Technology,Printers,North,Chandigarh,5,210.4,0.15,894.21,51.36,UPI,2025,Oct,10,Q4,5.74,,
ORD01564,2025-10-10,Ishita Gupta,Consumer,Apple iPhone 13,Technology,Phones,East,Patna,2,667.65,0.05,1268.53,88.34,Credit Card,2025,Oct,10,Q4,6.96,,
ORD03662,2025-10-10,Sana Kapoor,Consumer,Lenovo IdeaPad 3,Technology,Laptops,West,Mumbai,2,496.98,0.05,944.27,125.43,UPI,2025,Oct,10,Q4,13.28,,
ORD04130,2025-10-10,Sana Kapoor,Consumer,Mechanical Keyboard,Technology,Accessories,East,Patna,2,69.14,0.3,96.79,-0.69,Credit Card,2025,Oct,10,Q4,-0.71,,
ORD00577,2025-10-11,Vivaan Singh,Consumer,HP Laser Printer,Technology,Printers,South,Kochi,5,213.94,0.0,1069.7,125.94,UPI,2025,Oct,10,Q4,11.77,,
ORD00695,2025-10-11,Tara Menon,Consumer,Mechanical Keyboard,Technology,Accessories,West,Surat,8,71.26,0.3,399.06,-26.39,Credit Card,2025,Oct,10,Q4,-6.61,,
ORD01795,2025-10-11,Rahul Verma,Consumer,Dell 24-inch Monitor,Technology,Monitors,West,Nagpur,3,168.74,0.05,480.91,45.34,UPI,2025,Oct,10,Q4,9.43,,
ORD02257,2025-10-11,Sana Kapoor,Corporate,Logitech Wireless Mouse,Technology,Accessories,South,Kochi,5,27.11,0.0,135.54,29.12,Credit Card,2025,Oct,10,Q4,21.48,,
ORD03478,2025-10-11,Dev Agarwal,Consumer,Study Desk,Furniture,Tables,South,Kochi,2,173.34,0.0,346.69,40.61,Credit Card,2025,Oct,10,Q4,11.71,,
ORD03930,2025-10-11,Riya Kulkarni,Corporate,Lenovo IdeaPad 3,Technology,Laptops,West,Nagpur,2,556.39,0.0,1112.79,162.77,Credit Card,2025,Oct,10,Q4,14.63,,
ORD04287,2025-10-11,Maya Thomas,Small Business,Mechanical Keyboard,Technology,Accessories,North,Delhi,2,74.63,0.25,111.95,5.64,Net Banking,2025,Oct,10,Q4,5.04,,
ORD04735,2025-10-11,Kabir Shah,Consumer,USB-C Hub,Technology,Accessories,North,Amritsar,1,32.57,0.15,27.68,2.34,Credit Card,2025,Oct,10,Q4,8.45,,
ORD04830,2025-10-11,Neel Malhotra,Consumer,Logitech Wireless Mouse,Technology,Accessories,South,Kochi,2,28.18,0.15,47.9,2.85,UPI,2025,Oct,10,Q4,5.95,,
ORD00420,2025-10-12,Rahul Verma,Consumer,Desk Organizer,Office Supplies,Storage,West,Pune,8,13.8,0.2,88.35,8.44,UPI,2025,Oct,10,Q4,9.55,,
ORD01057,2025-10-12,Meera Joshi,Small Business,HP Laser Printer,Technology,Printers,North,Chandigarh,5,224.08,0.25,840.3,-29.66,Credit Card,2025,Oct,10,Q4,-3.53,,
ORD04069,2025-10-12,Ishita Gupta,Consumer,Notebook Pack,Office Supplies,Stationery,North,Lucknow,3,12.81,0.25,28.83,2.34,Credit Card,2025,Oct,10,Q4,8.12,,
ORD04981,2025-10-12,Arjun Nair,Consumer,Filing Cabinet,Furniture,Storage,North,Delhi,3,99.01,0.1,267.34,35.03,Net Banking,2025,Oct,10,Q4,13.1,,
ORD04444,2025-10-13,Dev Agarwal,Corporate,Mechanical Keyboard,Technology,Accessories,South,Bengaluru,2,72.01,0.2,115.22,5.47,UPI,2025,Oct,10,Q4,4.75,,
ORD00854,2025-10-14,Ananya Iyer,Consumer,Logitech Wireless Mouse,Technology,Accessories,South,Kochi,1,29.45,0.0,29.45,4.49,UPI,2025,Oct,10,Q4,15.25,,
ORD01082,2025-10-14,Kabir Shah,Small Business,Desk Organizer,Office Supplies,Storage,North,Chandigarh,2,14.89,0.25,22.33,1.9,UPI,2025,Oct,10,Q4,8.51,,
ORD01447,2025-10-14,Riya Kulkarni,Corporate,HP Pavilion 15,Technology,Laptops,West,Nagpur,3,686.5,0.0,2059.51,226.67,UPI,2025,Oct,10,Q4,11.01,,
ORD01601,2025-10-14,Dev Agarwal,Corporate,Mechanical Keyboard,Technology,Accessories,North,Delhi,3,75.35,0.2,180.84,5.38,Net Banking,2025,Oct,10,Q4,2.98,,
ORD01692,2025-10-14,Diya Sharma,Consumer,Ring Binder,Office Supplies,Binders,South,Chennai,5,6.88,0.15,29.25,6.15,Net Banking,2025,Oct,10,Q4,21.03,,
ORD02525,2025-10-14,Rohan Patel,Consumer,HP Laser Printer,Technology,Printers,West,Surat,1,202.05,0.05,191.95,19.58,Net Banking,2025,Oct,10,Q4,10.2,,
ORD04588,2025-10-14,Ananya Iyer,Consumer,Notebook Pack,Office Supplies,Stationery,West,Nagpur,1,12.56,0.0,12.56,2.91,Credit Card,2025,Oct,10,Q4,23.17,,
ORD02527,2025-10-15,Diya Sharma,Consumer,Study Desk,Furniture,Tables,West,Pune,5,174.77,0.1,786.47,51.89,Debit Card,2025,Oct,10,Q4,6.6,,
ORD02596,2025-10-15,Ishita Gupta,Corporate,Study Desk,Furniture,Tables,East,Bhubaneswar,5,186.03,0.0,930.17,137.72,Cash,2025,Oct,10,Q4,14.81,,
ORD02954,2025-10-15,Ishita Gupta,Consumer,Ring Binder,Office Supplies,Binders,North,Amritsar,2,7.45,0.15,12.67,2.34,UPI,2025,Oct,10,Q4,18.47,,
ORD02960,2025-10-15,Kiara Desai,Small Business,Notebook Pack,Office Supplies,Stationery,East,Guwahati,1,12.76,0.1,11.49,1.54,Cash,2025,Oct,10,Q4,13.4,,
ORD04980,2025-10-15,Meera Joshi,Small Business,Mechanical Keyboard,Technology,Accessories,South,Bengaluru,1,68.32,0.0,68.32,6.57,Net Banking,2025,Oct,10,Q4,9.62,,
ORD00677,2025-10-16,Rohan Patel,Consumer,Mechanical Keyboard,Technology,Accessories,North,Amritsar,4,75.26,0.05,285.98,38.39,Credit Card,2025,Oct,10,Q4,13.42,,
ORD03378,2025-10-16,Riya Kulkarni,Consumer,Ball Pen Set,Office Supplies,Stationery,North,Jaipur,2,8.0,0.05,15.21,3.72,UPI,2025,Oct,10,Q4,24.46,,
ORD03585,2025-10-16,Dev Agarwal,Corporate,HP Laser Printer,Technology,Printers,South,Hyderabad,5,201.67,0.0,1008.35,132.51,Net Banking,2025,Oct,10,Q4,13.14,,
ORD03882,2025-10-16,Arjun Nair,Consumer,Ergonomic Office Chair,Furniture,Chairs,North,Amritsar,5,142.49,0.0,712.43,90.73,Credit Card,2025,Oct,10,Q4,12.74,,
ORD04109,2025-10-16,Riya Kulkarni,Consumer,Ball Pen Set,Office Supplies,Stationery,North,Lucknow,2,7.87,0.1,14.17,2.96,Credit Card,2025,Oct,10,Q4,20.89,,
ORD04386,2025-10-16,Dev Agarwal,Corporate,Study Desk,Furniture,Tables,South,Chennai,2,184.86,0.1,332.74,6.33,UPI,2025,Oct,10,Q4,1.9,,
ORD00162,2025-10-17,Neel Malhotra,Consumer,A4 Copy Paper,Office Supplies,Paper,East,Bhubaneswar,2,5.83,0.05,11.07,2.13,Credit Card,2025,Oct,10,Q4,19.24,,
ORD00321,2025-10-17,Meera Joshi,Corporate,Bookshelf,Furniture,Storage,East,Bhubaneswar,2,106.4,0.0,212.79,26.73,Credit Card,2025,Oct,10,Q4,12.56,,
ORD01398,2025-10-17,Sana Kapoor,Small Business,Lenovo IdeaPad 3,Technology,Laptops,North,Jaipur,5,536.25,0.2,2145.01,125.62,UPI,2025,Oct,10,Q4,5.86,,
ORD03092,2025-10-17,Maya Thomas,Consumer,Ring Binder,Office Supplies,Binders,West,Pune,2,6.77,0.15,11.5,1.78,UPI,2025,Oct,10,Q4,15.48,,
ORD03159,2025-10-17,Kiara Desai,Consumer,HP Laser Printer,Technology,Printers,West,Pune,2,211.21,0.15,359.05,13.94,Credit Card,2025,Oct,10,Q4,3.88,,
ORD04662,2025-10-17,Neel Malhotra,Consumer,Dell 24-inch Monitor,Technology,Monitors,North,Lucknow,4,171.86,0.05,653.07,49.14,Debit Card,2025,Oct,10,Q4,7.52,,
ORD04732,2025-10-17,Tara Menon,Consumer,USB-C Hub,Technology,Accessories,North,Lucknow,2,36.19,0.15,61.52,6.55,Net Banking,2025,Oct,10,Q4,10.65,,
ORD04783,2025-10-17,Aarav Mehta,Corporate,USB-C Hub,Technology,Accessories,West,Ahmedabad,1,33.59,0.2,26.87,3.02,Credit Card,2025,Oct,10,Q4,11.24,,
ORD00585,2025-10-18,Sana Kapoor,Small Business,Dell 24-inch Monitor,Technology,Monitors,West,Mumbai,5,165.83,0.0,829.17,117.02,Credit Card,2025,Oct,10,Q4,14.11,,
ORD00974,2025-10-18,Kabir Shah,Small Business,Ball Pen Set,Office Supplies,Stationery,South,Kochi,1,8.18,0.1,7.36,1.57,Cash,2025,Oct,10,Q4,21.33,,
ORD01665,2025-10-18,Rahul Verma,Consumer,Filing Cabinet,Furniture,Storage,South,Coimbatore,1,98.2,0.15,83.47,9.02,UPI,2025,Oct,10,Q4,10.81,,
ORD03203,2025-10-18,Riya Kulkarni,Corporate,Apple iPhone 13,Technology,Phones,North,Delhi,4,661.27,0.1,2380.58,-16.79,Net Banking,2025,Oct,10,Q4,-0.71,,
ORD00402,2025-10-19,Riya Kulkarni,Corporate,USB-C Hub,Technology,Accessories,East,Guwahati,2,33.92,0.0,67.85,11.44,Cash,2025,Oct,10,Q4,16.86,,
ORD00765,2025-10-19,Ananya Iyer,Consumer,Conference Table,Furniture,Tables,East,Kolkata,2,449.26,0.05,853.58,76.45,Credit Card,2025,Oct,10,Q4,8.96,,
ORD00782,2025-10-19,Kiara Desai,Consumer,Ring Binder,Office Supplies,Binders,West,Pune,1,6.84,0.15,5.81,0.97,Cash,2025,Oct,10,Q4,16.7,,
ORD01701,2025-10-19,Kunal Bansal,Corporate,Notebook Pack,Office Supplies,Stationery,North,Amritsar,3,12.72,0.3,26.72,2.51,UPI,2025,Oct,10,Q4,9.39,,
ORD03049,2025-10-19,Arjun Nair,Consumer,Filing Cabinet,Furniture,Storage,West,Ahmedabad,2,93.48,0.2,149.56,10.25,UPI,2025,Oct,10,Q4,6.85,,
ORD04185,2025-10-19,Sana Kapoor,Consumer,Mechanical Keyboard,Technology,Accessories,South,Hyderabad,8,73.09,0.05,555.49,59.41,Credit Card,2025,Oct,10,Q4,10.7,,
ORD04647,2025-10-19,Tara Menon,Corporate,USB-C Hub,Technology,Accessories,South,Kochi,3,34.28,0.15,87.41,9.18,Credit Card,2025,Oct,10,Q4,10.5,,
ORD02320,2025-10-20,Ananya Iyer,Consumer,Apple iPhone 13,Technology,Phones,North,Chandigarh,8,630.47,0.15,4287.22,51.88,Credit Card,2025,Oct,10,Q4,1.21,,
ORD02762,2025-10-20,Aditya Rao,Small Business,Lenovo IdeaPad 3,Technology,Laptops,East,Guwahati,4,524.18,0.2,1677.38,46.69,UPI,2025,Oct,10,Q4,2.78,,
ORD03090,2025-10-20,Aarav Mehta,Consumer,Bookshelf,Furniture,Storage,North,Jaipur,3,112.55,0.15,286.99,15.21,UPI,2025,Oct,10,Q4,5.3,,
ORD03243,2025-10-20,Riya Kulkarni,Consumer,HP Laser Printer,Technology,Printers,North,Amritsar,10,205.69,0.1,1851.24,113.18,Debit Card,2025,Oct,10,Q4,6.11,,
ORD03515,2025-10-20,Sana Kapoor,Small Business,Study Desk,Furniture,Tables,South,Kochi,6,172.54,0.15,879.96,10.81,Credit Card,2025,Oct,10,Q4,1.23,,
ORD04407,2025-10-20,Sana Kapoor,Consumer,HP Pavilion 15,Technology,Laptops,East,Ranchi,3,701.68,0.25,1578.77,-103.13,Credit Card,2025,Oct,10,Q4,-6.53,,
ORD04989,2025-10-20,Ishita Gupta,Corporate,Logitech Wireless Mouse,Technology,Accessories,East,Ranchi,1,28.34,0.05,26.92,3.37,Debit Card,2025,Oct,10,Q4,12.52,,
ORD00265,2025-10-21,Meera Joshi,Consumer,Samsung Galaxy A54,Technology,Phones,West,Mumbai,3,320.62,0.15,817.59,38.45,UPI,2025,Oct,10,Q4,4.7,,
ORD00503,2025-10-21,Kabir Shah,Consumer,Ball Pen Set,Office Supplies,Stationery,North,Amritsar,2,8.5,0.25,12.76,1.29,Credit Card,2025,Oct,10,Q4,10.11,,
ORD00986,2025-10-21,Rahul Verma,Corporate,Apple iPhone 13,Technology,Phones,South,Bengaluru,1,646.93,0.05,614.58,7.1,UPI,2025,Oct,10,Q4,1.16,,
ORD04330,2025-10-21,Dev Agarwal,Consumer,Desk Organizer,Office Supplies,Storage,West,Nagpur,4,14.51,0.25,43.54,4.08,Net Banking,2025,Oct,10,Q4,9.37,,
ORD04919,2025-10-21,Sana Kapoor,Consumer,Bookshelf,Furniture,Storage,West,Pune,6,104.2,0.0,625.19,81.03,UPI,2025,Oct,10,Q4,12.96,,
ORD01007,2025-10-22,Vivaan Singh,Consumer,Samsung Galaxy A54,Technology,Phones,East,Guwahati,2,309.95,0.1,557.92,17.48,Cash,2025,Oct,10,Q4,3.13,,
ORD01760,2025-10-22,Kabir Shah,Consumer,HP Laser Printer,Technology,Printers,West,Ahmedabad,3,218.47,0.15,557.09,34.51,Net Banking,2025,Oct,10,Q4,6.19,,
ORD01829,2025-10-22,Ananya Iyer,Small Business,Stapler,Office Supplies,Stationery,West,Ahmedabad,6,9.35,0.1,50.51,8.63,UPI,2025,Oct,10,Q4,17.09,,
ORD04763,2025-10-22,Tara Menon,Consumer,Lenovo IdeaPad 3,Technology,Laptops,South,Chennai,2,531.58,0.0,1063.15,118.86,UPI,2025,Oct,10,Q4,11.18,,
ORD02215,2025-10-23,Dev Agarwal,Corporate,USB-C Hub,Technology,Accessories,North,Delhi,2,34.77,0.2,55.63,2.8,UPI,2025,Oct,10,Q4,5.03,,
ORD02909,2025-10-23,Aisha Khan,Consumer,Notebook Pack,Office Supplies,Stationery,East,Patna,4,11.84,0.1,42.62,9.51,Credit Card,2025,Oct,10,Q4,22.31,,
ORD03202,2025-10-23,Rohan Patel,Consumer,Apple iPhone 13,Technology,Phones,North,Amritsar,1,628.11,0.1,565.3,4.45,UPI,2025,Oct,10,Q4,0.79,,
ORD03383,2025-10-23,Ishita Gupta,Corporate,Filing Cabinet,Furniture,Storage,South,Coimbatore,1,96.34,0.15,81.89,4.39,UPI,2025,Oct,10,Q4,5.36,,
ORD03924,2025-10-23,Aarav Mehta,Consumer,Mechanical Keyboard,Technology,Accessories,East,Guwahati,1,73.58,0.1,66.22,6.94,Credit Card,2025,Oct,10,Q4,10.48,,
ORD04086,2025-10-23,Aditya Rao,Consumer,Lenovo IdeaPad 3,Technology,Laptops,North,Jaipur,2,550.44,0.25,825.66,-15.39,Cash,2025,Oct,10,Q4,-1.86,,
ORD04602,2025-10-23,Kunal Bansal,Corporate,Dell 24-inch Monitor,Technology,Monitors,East,Ranchi,4,174.79,0.1,629.24,53.3,UPI,2025,Oct,10,Q4,8.47,,
ORD00995,2025-10-24,Aditya Rao,Consumer,USB-C Hub,Technology,Accessories,South,Hyderabad,3,37.2,0.2,89.29,6.46,UPI,2025,Oct,10,Q4,7.23,,
ORD01083,2025-10-24,Kiara Desai,Consumer,A4 Copy Paper,Office Supplies,Paper,West,Pune,2,5.76,0.25,8.65,0.65,Credit Card,2025,Oct,10,Q4,7.51,,
ORD01312,2025-10-24,Aarav Mehta,Consumer,Dell 24-inch Monitor,Technology,Monitors,North,Amritsar,1,182.3,0.15,154.96,3.58,UPI,2025,Oct,10,Q4,2.31,,
ORD01638,2025-10-24,Aisha Khan,Consumer,HP Pavilion 15,Technology,Laptops,North,Jaipur,10,684.49,0.2,5475.94,20.46,Credit Card,2025,Oct,10,Q4,0.37,,
ORD02494,2025-10-24,Aisha Khan,Small Business,Stapler,Office Supplies,Stationery,South,Chennai,3,8.88,0.1,23.99,5.46,Net Banking,2025,Oct,10,Q4,22.76,,
ORD02820,2025-10-24,Ananya Iyer,Corporate,Conference Table,Furniture,Tables,East,Ranchi,1,447.89,0.1,403.1,22.36,Credit Card,2025,Oct,10,Q4,5.55,,
ORD03042,2025-10-24,Aisha Khan,Corporate,Ball Pen Set,Office Supplies,Stationery,West,Nagpur,4,7.92,0.1,28.52,6.09,Cash,2025,Oct,10,Q4,21.35,,
ORD03429,2025-10-24,Ananya Iyer,Consumer,Stapler,Office Supplies,Stationery,South,Kochi,1,9.29,0.1,8.36,1.51,Cash,2025,Oct,10,Q4,18.06,,
ORD04755,2025-10-24,Rohan Patel,Small Business,Filing Cabinet,Furniture,Storage,North,Chandigarh,4,92.62,0.05,351.97,35.41,Net Banking,2025,Oct,10,Q4,10.06,,
ORD00132,2025-10-25,Riya Kulkarni,Consumer,Study Desk,Furniture,Tables,North,Jaipur,1,176.58,0.0,176.58,18.75,UPI,2025,Oct,10,Q4,10.62,,
ORD00226,2025-10-25,Sana Kapoor,Consumer,A4 Copy Paper,Office Supplies,Paper,South,Bengaluru,2,6.21,0.15,10.56,1.35,Credit Card,2025,Oct,10,Q4,12.78,,
ORD00293,2025-10-25,Kabir Shah,Corporate,Apple iPhone 13,Technology,Phones,South,Kochi,1,606.47,0.0,606.47,21.0,UPI,2025,Oct,10,Q4,3.46,,
ORD00631,2025-10-25,Ishita Gupta,Corporate,Samsung Galaxy A54,Technology,Phones,East,Patna,1,302.59,0.0,302.59,21.6,Credit Card,2025,Oct,10,Q4,7.14,,
ORD01950,2025-10-25,Kabir Shah,Consumer,Lenovo IdeaPad 3,Technology,Laptops,East,Ranchi,2,522.22,0.25,783.33,-40.64,UPI,2025,Oct,10,Q4,-5.19,,
ORD03895,2025-10-25,Meera Joshi,Consumer,Ergonomic Office Chair,Furniture,Chairs,North,Chandigarh,1,151.57,0.05,143.99,16.96,Credit Card,2025,Oct,10,Q4,11.78,,
ORD04044,2025-10-25,Tara Menon,Corporate,Mechanical Keyboard,Technology,Accessories,West,Mumbai,2,70.51,0.15,119.86,2.38,Credit Card,2025,Oct,10,Q4,1.99,,
ORD01946,2025-10-26,Meera Joshi,Corporate,Apple iPhone 13,Technology,Phones,South,Kochi,1,647.78,0.1,583.0,27.48,Credit Card,2025,Oct,10,Q4,4.71,,
ORD02580,2025-10-26,Kunal Bansal,Consumer,Filing Cabinet,Furniture,Storage,West,Pune,1,97.09,0.25,72.82,-3.85,Net Banking,2025,Oct,10,Q4,-5.29,,
ORD03558,2025-10-26,Diya Sharma,Consumer,HP Pavilion 15,Technology,Laptops,East,Guwahati,10,726.04,0.15,6171.3,171.92,UPI,2025,Oct,10,Q4,2.79,,
ORD00012,2025-10-27,Kiara Desai,Consumer,Stapler,Office Supplies,Stationery,East,Kolkata,4,9.41,0.15,32.0,5.94,UPI,2025,Oct,10,Q4,18.56,,
ORD00219,2025-10-27,Meera Joshi,Consumer,Stapler,Office Supplies,Stationery,South,Chennai,1,8.64,0.0,8.64,2.17,Credit Card,2025,Oct,10,Q4,25.12,,
ORD00591,2025-10-27,Riya Kulkarni,Consumer,HP Pavilion 15,Technology,Laptops,North,Amritsar,5,687.32,0.15,2921.1,79.55,Cash,2025,Oct,10,Q4,2.72,,
ORD01285,2025-10-27,Kabir Shah,Corporate,Notebook Pack,Office Supplies,Stationery,South,Chennai,6,12.25,0.2,58.82,7.64,Credit Card,2025,Oct,10,Q4,12.99,,
ORD01306,2025-10-27,Ananya Iyer,Consumer,Conference Table,Furniture,Tables,South,Kochi,2,441.81,0.2,706.9,27.51,Cash,2025,Oct,10,Q4,3.89,,
ORD01986,2025-10-27,Tara Menon,Consumer,Filing Cabinet,Furniture,Storage,South,Coimbatore,1,99.06,0.05,94.11,12.09,UPI,2025,Oct,10,Q4,12.85,,
ORD02116,2025-10-27,Kabir Shah,Corporate,Lenovo IdeaPad 3,Technology,Laptops,North,Delhi,1,501.58,0.1,451.43,18.6,Net Banking,2025,Oct,10,Q4,4.12,,
ORD02656,2025-10-27,Aisha Khan,Corporate,Logitech Wireless Mouse,Technology,Accessories,East,Guwahati,4,29.37,0.1,105.74,10.17,Debit Card,2025,Oct,10,Q4,9.62,,
ORD03396,2025-10-27,Dev Agarwal,Small Business,Logitech Wireless Mouse,Technology,Accessories,South,Bengaluru,4,28.94,0.0,115.77,20.64,Credit Card,2025,Oct,10,Q4,17.83,,
ORD00431,2025-10-28,Ishita Gupta,Small Business,Dell 24-inch Monitor,Technology,Monitors,East,Guwahati,1,173.94,0.15,147.85,7.56,UPI,2025,Oct,10,Q4,5.11,,
ORD01821,2025-10-28,Vivaan Singh,Consumer,Mechanical Keyboard,Technology,Accessories,North,Amritsar,2,72.9,0.3,102.06,-2.65,Credit Card,2025,Oct,10,Q4,-2.6,,
ORD02134,2025-10-28,Ishita Gupta,Consumer,Bookshelf,Furniture,Storage,South,Bengaluru,2,103.43,0.05,196.51,18.96,Net Banking,2025,Oct,10,Q4,9.65,,
ORD03205,2025-10-28,Kabir Shah,Consumer,Conference Table,Furniture,Tables,North,Chandigarh,3,401.36,0.0,1204.09,110.21,Debit Card,2025,Oct,10,Q4,9.15,,
ORD03759,2025-10-28,Ishita Gupta,Consumer,HP Laser Printer,Technology,Printers,West,Pune,1,195.4,0.0,195.4,22.17,Net Banking,2025,Oct,10,Q4,11.35,,
ORD03786,2025-10-28,Kunal Bansal,Small Business,Samsung Galaxy A54,Technology,Phones,North,Jaipur,5,308.11,0.2,1232.44,-18.2,Credit Card,2025,Oct,10,Q4,-1.48,,
ORD01250,2025-10-29,Rahul Verma,Small Business,Stapler,Office Supplies,Stationery,North,Chandigarh,1,9.23,0.2,7.38,0.91,Credit Card,2025,Oct,10,Q4,12.33,,
ORD01948,2025-10-29,Aisha Khan,Consumer,Study Desk,Furniture,Tables,East,Patna,2,172.37,0.0,344.74,35.14,Credit Card,2025,Oct,10,Q4,10.19,,
ORD02044,2025-10-29,Tara Menon,Small Business,HP Pavilion 15,Technology,Laptops,East,Guwahati,6,712.09,0.15,3631.66,41.82,Net Banking,2025,Oct,10,Q4,1.15,,
ORD02146,2025-10-29,Diya Sharma,Small Business,Ergonomic Office Chair,Furniture,Chairs,South,Chennai,4,139.95,0.1,503.83,55.36,Credit Card,2025,Oct,10,Q4,10.99,,
ORD02190,2025-10-29,Arjun Nair,Consumer,Filing Cabinet,Furniture,Storage,West,Surat,1,97.7,0.0,97.7,15.12,Debit Card,2025,Oct,10,Q4,15.48,,
ORD02218,2025-10-29,Meera Joshi,Consumer,Dell 24-inch Monitor,Technology,Monitors,East,Guwahati,5,186.46,0.3,652.61,13.26,UPI,2025,Oct,10,Q4,2.03,,
ORD03889,2025-10-29,Kunal Bansal,Small Business,Apple iPhone 13,Technology,Phones,North,Amritsar,3,661.69,0.05,1885.81,177.2,UPI,2025,Oct,10,Q4,9.4,,
ORD04013,2025-10-29,Kabir Shah,Corporate,Desk Organizer,Office Supplies,Storage,West,Nagpur,1,14.86,0.0,14.86,3.14,UPI,2025,Oct,10,Q4,21.13,,
ORD00758,2025-10-30,Aditya Rao,Corporate,Samsung Galaxy A54,Technology,Phones,West,Ahmedabad,5,314.05,0.3,1099.19,-88.04,UPI,2025,Oct,10,Q4,-8.01,,
ORD01431,2025-10-30,Ishita Gupta,Consumer,Samsung Galaxy A54,Technology,Phones,North,Amritsar,3,307.05,0.0,921.14,60.95,Net Banking,2025,Oct,10,Q4,6.62,,
ORD01557,2025-10-30,Aisha Khan,Consumer,Study Desk,Furniture,Tables,North,Chandigarh,2,185.5,0.05,352.45,41.29,UPI,2025,Oct,10,Q4,11.72,,
ORD02066,2025-10-30,Tara Menon,Corporate,Notebook Pack,Office Supplies,Stationery,East,Kolkata,4,11.91,0.1,42.88,8.15,Credit Card,2025,Oct,10,Q4,19.01,,
ORD02869,2025-10-30,Kiara Desai,Small Business,A4 Copy Paper,Office Supplies,Paper,South,Hyderabad,3,5.85,0.3,12.28,0.56,Net Banking,2025,Oct,10,Q4,4.56,,
ORD02974,2025-10-30,Ananya Iyer,Consumer,Stapler,Office Supplies,Stationery,South,Chennai,2,8.76,0.15,14.9,3.05,UPI,2025,Oct,10,Q4,20.47,,
ORD00361,2025-10-31,Ananya Iyer,Consumer,Ergonomic Office Chair,Furniture,Chairs,North,Delhi,2,154.75,0.0,309.51,37.05,Credit Card,2025,Oct,10,Q4,11.97,,
ORD02410,2025-10-31,Ananya Iyer,Consumer,Desk Organizer,Office Supplies,Storage,South,Kochi,1,13.83,0.15,11.75,1.78,Debit Card,2025,Oct,10,Q4,15.15,,
ORD02420,2025-10-31,Aarav Mehta,Corporate,Bookshelf,Furniture,Storage,West,Mumbai,3,115.59,0.0,346.76,50.71,Debit Card,2025,Oct,10,Q4,14.62,,
ORD02624,2025-10-31,Riya Kulkarni,Consumer,Desk Organizer,Office Supplies,Storage,East,Patna,3,14.04,0.3,29.49,2.8,Debit Card,2025,Oct,10,Q4,9.49,,
ORD02902,2025-10-31,Dev Agarwal,Corporate,Ergonomic Office Chair,Furniture,Chairs,South,Bengaluru,1,144.07,0.1,129.66,8.71,Debit Card,2025,Oct,10,Q4,6.72,,
ORD03200,2025-10-31,Neel Malhotra,Consumer,HP Laser Printer,Technology,Printers,South,Bengaluru,5,209.79,0.2,839.17,17.84,Credit Card,2025,Oct,10,Q4,2.13,,
ORD03479,2025-10-31,Sana Kapoor,Consumer,USB-C Hub,Technology,Accessories,North,Amritsar,3,35.72,0.1,96.45,19.04,Credit Card,2025,Oct,10,Q4,19.74,,
ORD04760,2025-10-31,Meera Joshi,Corporate,Ergonomic Office Chair,Furniture,Chairs,North,Delhi,2,144.61,0.15,245.84,8.83,UPI,2025,Oct,10,Q4,3.59,,
ORD00235,2025-11-01,Riya Kulkarni,Corporate,Stapler,Office Supplies,Stationery,South,Coimbatore,4,9.3,0.2,29.75,4.07,Debit Card,2025,Nov,11,Q4,13.68,,
ORD01114,2025-11-01,Rahul Verma,Consumer,A4 Copy Paper,Office Supplies,Paper,South,Hyderabad,10,5.98,0.05,56.78,11.33,Net Banking,2025,Nov,11,Q4,19.95,,
ORD01286,2025-11-01,Maya Thomas,Consumer,Lenovo IdeaPad 3,Technology,Laptops,West,Surat,2,524.29,0.2,838.87,38.31,Debit Card,2025,Nov,11,Q4,4.57,,
ORD01867,2025-11-01,Aditya Rao,Corporate,Notebook Pack,Office Supplies,Stationery,North,Delhi,2,11.17,0.15,18.99,3.68,Net Banking,2025,Nov,11,Q4,19.38,,
ORD03783,2025-11-01,Kabir Shah,Corporate,Bookshelf,Furniture,Storage,North,Chandigarh,1,113.46,0.0,113.46,18.55,UPI,2025,Nov,11,Q4,16.35,,
ORD03311,2025-11-02,Sana Kapoor,Small Business,Filing Cabinet,Furniture,Storage,South,Kochi,6,98.65,0.25,443.92,7.75,Cash,2025,Nov,11,Q4,1.75,,
ORD00883,2025-11-03,Riya Kulkarni,Small Business,Conference Table,Furniture,Tables,South,Kochi,2,402.51,0.0,805.03,72.25,UPI,2025,Nov,11,Q4,8.97,,
ORD02789,2025-11-03,Rohan Patel,Corporate,Lenovo IdeaPad 3,Technology,Laptops,South,Coimbatore,2,517.08,0.05,982.45,97.61,Credit Card,2025,Nov,11,Q4,9.94,,
ORD03719,2025-11-03,Diya Sharma,Consumer,Ring Binder,Office Supplies,Binders,North,Lucknow,2,6.74,0.05,12.81,3.17,UPI,2025,Nov,11,Q4,24.75,,
ORD04317,2025-11-03,Dev Agarwal,Consumer,Ergonomic Office Chair,Furniture,Chairs,East,Kolkata,2,136.85,0.05,260.01,23.9,UPI,2025,Nov,11,Q4,9.19,,
ORD00174,2025-11-04,Aarav Mehta,Corporate,Notebook Pack,Office Supplies,Stationery,North,Delhi,4,11.57,0.1,41.67,10.16,Credit Card,2025,Nov,11,Q4,24.38,,
ORD00340,2025-11-04,Ishita Gupta,Small Business,Mechanical Keyboard,Technology,Accessories,South,Kochi,1,73.6,0.15,62.56,4.05,UPI,2025,Nov,11,Q4,6.47,,
ORD00377,2025-11-04,Sana Kapoor,Corporate,HP Pavilion 15,Technology,Laptops,South,Coimbatore,3,667.68,0.05,1902.9,176.25,Cash,2025,Nov,11,Q4,9.26,,
ORD00382,2025-11-04,Ananya Iyer,Consumer,HP Laser Printer,Technology,Printers,East,Bhubaneswar,1,206.8,0.0,206.8,27.69,UPI,2025,Nov,11,Q4,13.39,,
ORD01074,2025-11-04,Kunal Bansal,Consumer,Ring Binder,Office Supplies,Binders,West,Mumbai,2,7.4,0.1,13.32,2.35,Net Banking,2025,Nov,11,Q4,17.64,,
ORD01229,2025-11-04,Arjun Nair,Consumer,HP Pavilion 15,Technology,Laptops,South,Hyderabad,2,642.92,0.2,1028.67,19.49,Credit Card,2025,Nov,11,Q4,1.89,,
ORD01391,2025-11-04,Ishita Gupta,Consumer,Logitech Wireless Mouse,Technology,Accessories,East,Guwahati,1,29.46,0.0,29.46,4.12,UPI,2025,Nov,11,Q4,13.99,,
ORD01439,2025-11-04,Neel Malhotra,Corporate,Apple iPhone 13,Technology,Phones,West,Surat,1,644.3,0.1,579.87,16.75,Cash,2025,Nov,11,Q4,2.89,,
ORD03605,2025-11-04,Maya Thomas,Consumer,Conference Table,Furniture,Tables,East,Kolkata,2,431.66,0.0,863.33,59.91,Net Banking,2025,Nov,11,Q4,6.94,,
ORD03731,2025-11-04,Dev Agarwal,Consumer,Conference Table,Furniture,Tables,South,Hyderabad,10,414.9,0.15,3526.64,-97.69,UPI,2025,Nov,11,Q4,-2.77,,
ORD03809,2025-11-04,Sana Kapoor,Corporate,Desk Organizer,Office Supplies,Storage,South,Kochi,2,14.88,0.05,28.28,5.79,UPI,2025,Nov,11,Q4,20.47,,
ORD03829,2025-11-04,Diya Sharma,Corporate,Logitech Wireless Mouse,Technology,Accessories,South,Coimbatore,3,28.02,0.25,63.05,2.8,Debit Card,2025,Nov,11,Q4,4.44,,
ORD00191,2025-11-05,Rahul Verma,Small Business,Dell 24-inch Monitor,Technology,Monitors,South,Chennai,5,162.82,0.05,773.4,66.43,Debit Card,2025,Nov,11,Q4,8.59,,
ORD01471,2025-11-05,Aditya Rao,Consumer,Ring Binder,Office Supplies,Binders,South,Chennai,3,6.7,0.0,20.1,4.93,Credit Card,2025,Nov,11,Q4,24.53,,
ORD02104,2025-11-05,Diya Sharma,Consumer,Filing Cabinet,Furniture,Storage,South,Hyderabad,4,88.37,0.0,353.48,45.69,Credit Card,2025,Nov,11,Q4,12.93,,
ORD02202,2025-11-05,Meera Joshi,Corporate,Study Desk,Furniture,Tables,North,Amritsar,1,167.68,0.0,167.68,19.72,UPI,2025,Nov,11,Q4,11.76,,
ORD02508,2025-11-05,Maya Thomas,Corporate,Mechanical Keyboard,Technology,Accessories,West,Ahmedabad,2,70.61,0.05,134.16,20.75,Net Banking,2025,Nov,11,Q4,15.47,,
ORD03110,2025-11-05,Kiara Desai,Consumer,Bookshelf,Furniture,Storage,South,Coimbatore,5,106.53,0.1,479.37,41.77,UPI,2025,Nov,11,Q4,8.71,,
ORD03181,2025-11-05,Riya Kulkarni,Corporate,HP Laser Printer,Technology,Printers,North,Amritsar,2,221.52,0.05,420.9,38.78,Debit Card,2025,Nov,11,Q4,9.21,,
ORD03312,2025-11-05,Ishita Gupta,Consumer,HP Pavilion 15,Technology,Laptops,South,Hyderabad,3,689.07,0.0,2067.22,188.85,Debit Card,2025,Nov,11,Q4,9.14,,
ORD03457,2025-11-05,Tara Menon,Corporate,Mechanical Keyboard,Technology,Accessories,North,Jaipur,1,68.79,0.15,58.47,2.94,Net Banking,2025,Nov,11,Q4,5.03,,
ORD00143,2025-11-06,Sana Kapoor,Corporate,Filing Cabinet,Furniture,Storage,West,Mumbai,2,91.64,0.15,155.79,10.34,UPI,2025,Nov,11,Q4,6.64,,
ORD01586,2025-11-06,Dev Agarwal,Consumer,Ball Pen Set,Office Supplies,Stationery,North,Delhi,1,7.89,0.15,6.71,1.35,Debit Card,2025,Nov,11,Q4,20.12,,
ORD01676,2025-11-06,Rohan Patel,Consumer,Desk Organizer,Office Supplies,Storage,South,Chennai,1,14.18,0.25,10.64,1.04,UPI,2025,Nov,11,Q4,9.77,,
ORD04622,2025-11-06,Diya Sharma,Consumer,Notebook Pack,Office Supplies,Stationery,North,Jaipur,1,12.38,0.2,9.9,1.39,Credit Card,2025,Nov,11,Q4,14.04,,
ORD02856,2025-11-07,Neel Malhotra,Consumer,Dell 24-inch Monitor,Technology,Monitors,West,Ahmedabad,2,170.14,0.05,323.27,23.16,UPI,2025,Nov,11,Q4,7.16,,
ORD03771,2025-11-07,Ishita Gupta,Corporate,Lenovo IdeaPad 3,Technology,Laptops,East,Patna,3,519.65,0.25,1169.2,-19.06,Debit Card,2025,Nov,11,Q4,-1.63,,
ORD04332,2025-11-07,Rahul Verma,Small Business,Study Desk,Furniture,Tables,South,Coimbatore,3,192.43,0.15,490.71,16.59,Debit Card,2025,Nov,11,Q4,3.38,,
ORD00468,2025-11-08,Aditya Rao,Corporate,Samsung Galaxy A54,Technology,Phones,West,Surat,3,334.63,0.15,853.31,-20.89,UPI,2025,Nov,11,Q4,-2.45,,
ORD00955,2025-11-08,Meera Joshi,Consumer,Conference Table,Furniture,Tables,South,Kochi,3,445.32,0.0,1335.97,71.13,Net Banking,2025,Nov,11,Q4,5.32,,
ORD01844,2025-11-08,Aarav Mehta,Small Business,Samsung Galaxy A54,Technology,Phones,North,Chandigarh,3,316.24,0.15,806.41,-12.46,Credit Card,2025,Nov,11,Q4,-1.55,,
ORD02507,2025-11-08,Aisha Khan,Consumer,Conference Table,Furniture,Tables,South,Bengaluru,1,443.84,0.15,377.27,7.17,Debit Card,2025,Nov,11,Q4,1.9,,
ORD04309,2025-11-08,Dev Agarwal,Corporate,Dell 24-inch Monitor,Technology,Monitors,East,Guwahati,3,164.58,0.15,419.69,25.02,Credit Card,2025,Nov,11,Q4,5.96,,
ORD04814,2025-11-08,Kunal Bansal,Consumer,Stapler,Office Supplies,Stationery,West,Surat,5,9.08,0.05,43.14,11.49,Credit Card,2025,Nov,11,Q4,26.63,,
ORD00937,2025-11-09,Maya Thomas,Corporate,HP Pavilion 15,Technology,Laptops,East,Kolkata,1,703.75,0.0,703.75,54.87,Net Banking,2025,Nov,11,Q4,7.8,,
ORD02888,2025-11-09,Ananya Iyer,Corporate,Conference Table,Furniture,Tables,North,Amritsar,5,403.46,0.05,1916.43,140.14,Debit Card,2025,Nov,11,Q4,7.31,,
ORD04914,2025-11-09,Sana Kapoor,Small Business,Bookshelf,Furniture,Storage,East,Guwahati,8,110.91,0.2,709.85,45.62,Credit Card,2025,Nov,11,Q4,6.43,,
ORD01978,2025-11-10,Sana Kapoor,Consumer,Ball Pen Set,Office Supplies,Stationery,North,Jaipur,1,8.29,0.2,6.63,1.01,Net Banking,2025,Nov,11,Q4,15.23,,
ORD02037,2025-11-10,Kunal Bansal,Consumer,Apple iPhone 13,Technology,Phones,South,Chennai,1,685.3,0.15,582.5,-15.77,UPI,2025,Nov,11,Q4,-2.71,,
ORD02599,2025-11-10,Aditya Rao,Consumer,Ball Pen Set,Office Supplies,Stationery,South,Chennai,5,7.63,0.2,30.54,6.86,UPI,2025,Nov,11,Q4,22.46,,
ORD03301,2025-11-10,Aarav Mehta,Consumer,Filing Cabinet,Furniture,Storage,West,Pune,4,96.36,0.1,346.9,37.24,UPI,2025,Nov,11,Q4,10.74,,
ORD01414,2025-11-11,Dev Agarwal,Corporate,USB-C Hub,Technology,Accessories,East,Patna,2,37.37,0.1,67.26,10.17,Credit Card,2025,Nov,11,Q4,15.12,,
ORD01655,2025-11-11,Aditya Rao,Consumer,Desk Organizer,Office Supplies,Storage,East,Patna,1,13.73,0.0,13.73,3.11,UPI,2025,Nov,11,Q4,22.65,,
ORD02480,2025-11-11,Aarav Mehta,Consumer,Logitech Wireless Mouse,Technology,Accessories,North,Delhi,1,26.11,0.1,23.5,2.7,UPI,2025,Nov,11,Q4,11.49,,
ORD03130,2025-11-11,Neel Malhotra,Consumer,Filing Cabinet,Furniture,Storage,North,Jaipur,2,101.37,0.1,182.46,9.46,UPI,2025,Nov,11,Q4,5.18,,
ORD03331,2025-11-11,Maya Thomas,Corporate,Samsung Galaxy A54,Technology,Phones,East,Guwahati,1,302.17,0.0,302.17,28.93,UPI,2025,Nov,11,Q4,9.57,,
ORD03953,2025-11-11,Aarav Mehta,Small Business,Samsung Galaxy A54,Technology,Phones,East,Ranchi,6,302.62,0.0,1815.72,110.22,Credit Card,2025,Nov,11,Q4,6.07,,
ORD04681,2025-11-11,Rahul Verma,Small Business,A4 Copy Paper,Office Supplies,Paper,East,Guwahati,1,6.33,0.1,5.7,0.78,Debit Card,2025,Nov,11,Q4,13.68,,
ORD01310,2025-11-12,Kunal Bansal,Consumer,Lenovo IdeaPad 3,Technology,Laptops,West,Surat,2,541.25,0.25,811.88,14.06,UPI,2025,Nov,11,Q4,1.73,,
ORD01731,2025-11-12,Tara Menon,Consumer,HP Pavilion 15,Technology,Laptops,North,Lucknow,2,684.79,0.15,1164.15,40.7,Net Banking,2025,Nov,11,Q4,3.5,,
ORD02061,2025-11-12,Vivaan Singh,Consumer,Apple iPhone 13,Technology,Phones,South,Chennai,2,636.58,0.0,1273.17,108.7,Net Banking,2025,Nov,11,Q4,8.54,,
ORD02766,2025-11-12,Aisha Khan,Consumer,Ergonomic Office Chair,Furniture,Chairs,West,Mumbai,2,143.25,0.25,214.88,7.19,Debit Card,2025,Nov,11,Q4,3.35,,
ORD03388,2025-11-12,Aisha Khan,Consumer,Filing Cabinet,Furniture,Storage,South,Kochi,8,93.44,0.25,560.65,-5.45,UPI,2025,Nov,11,Q4,-0.97,,
ORD00347,2025-11-13,Ishita Gupta,Consumer,A4 Copy Paper,Office Supplies,Paper,South,Coimbatore,2,6.13,0.25,9.2,0.31,Net Banking,2025,Nov,11,Q4,3.37,,
ORD00463,2025-11-13,Arjun Nair,Corporate,Conference Table,Furniture,Tables,North,Amritsar,1,445.5,0.1,400.95,17.81,Net Banking,2025,Nov,11,Q4,4.44,,
ORD01459,2025-11-13,Rahul Verma,Consumer,Mechanical Keyboard,Technology,Accessories,North,Amritsar,1,74.04,0.15,62.93,3.48,UPI,2025,Nov,11,Q4,5.53,,
ORD01027,2025-11-14,Tara Menon,Consumer,Ball Pen Set,Office Supplies,Stationery,North,Jaipur,3,8.03,0.15,20.47,3.89,Net Banking,2025,Nov,11,Q4,19.0,,
ORD01372,2025-11-14,Tara Menon,Corporate,Desk Organizer,Office Supplies,Storage,North,Lucknow,8,13.17,0.1,94.86,13.02,Credit Card,2025,Nov,11,Q4,13.73,,
ORD02219,2025-11-14,Rahul Verma,Consumer,Ball Pen Set,Office Supplies,Stationery,South,Coimbatore,2,8.0,0.05,15.19,4.29,Credit Card,2025,Nov,11,Q4,28.24,,
ORD03958,2025-11-14,Kunal Bansal,Consumer,Stapler,Office Supplies,Stationery,North,Delhi,6,9.44,0.0,56.63,14.07,Net Banking,2025,Nov,11,Q4,24.85,,
ORD04026,2025-11-14,Aditya Rao,Consumer,Stapler,Office Supplies,Stationery,East,Ranchi,1,9.54,0.2,7.63,1.01,Debit Card,2025,Nov,11,Q4,13.24,,
ORD00320,2025-11-15,Aditya Rao,Small Business,Study Desk,Furniture,Tables,North,Delhi,5,178.43,0.2,713.73,-19.59,UPI,2025,Nov,11,Q4,-2.74,,
ORD01264,2025-11-15,Diya Sharma,Corporate,Ball Pen Set,Office Supplies,Stationery,East,Kolkata,10,7.88,0.15,67.0,12.87,Credit Card,2025,Nov,11,Q4,19.21,,
ORD01454,2025-11-15,Kunal Bansal,Consumer,Samsung Galaxy A54,Technology,Phones,North,Jaipur,5,335.54,0.0,1677.69,159.23,UPI,2025,Nov,11,Q4,9.49,,
ORD02691,2025-11-15,Aisha Khan,Consumer,HP Pavilion 15,Technology,Laptops,South,Bengaluru,1,710.85,0.1,639.76,45.96,UPI,2025,Nov,11,Q4,7.18,,
ORD03017,2025-11-15,Arjun Nair,Consumer,Bookshelf,Furniture,Storage,North,Delhi,4,103.99,0.2,332.76,10.77,UPI,2025,Nov,11,Q4,3.24,,
ORD01593,2025-11-16,Ananya Iyer,Consumer,Logitech Wireless Mouse,Technology,Accessories,West,Pune,1,27.69,0.3,19.38,0.72,UPI,2025,Nov,11,Q4,3.72,,
ORD02234,2025-11-16,Maya Thomas,Consumer,Ergonomic Office Chair,Furniture,Chairs,North,Chandigarh,1,136.25,0.3,95.37,-1.19,UPI,2025,Nov,11,Q4,-1.25,,
ORD02301,2025-11-16,Rahul Verma,Consumer,Ball Pen Set,Office Supplies,Stationery,East,Bhubaneswar,2,8.16,0.15,13.87,2.6,UPI,2025,Nov,11,Q4,18.75,,
ORD03865,2025-11-16,Tara Menon,Small Business,Mechanical Keyboard,Technology,Accessories,South,Coimbatore,8,75.68,0.1,544.89,68.12,Credit Card,2025,Nov,11,Q4,12.5,,
ORD04051,2025-11-16,Ananya Iyer,Consumer,Conference Table,Furniture,Tables,East,Kolkata,6,391.61,0.05,2232.2,163.01,Credit Card,2025,Nov,11,Q4,7.3,,
ORD04346,2025-11-16,Kiara Desai,Consumer,Dell 24-inch Monitor,Technology,Monitors,West,Pune,2,173.91,0.25,260.87,4.02,Net Banking,2025,Nov,11,Q4,1.54,,
ORD04856,2025-11-16,Sana Kapoor,Consumer,A4 Copy Paper,Office Supplies,Paper,North,Delhi,2,5.73,0.15,9.73,1.12,UPI,2025,Nov,11,Q4,11.51,,
ORD01014,2025-11-17,Riya Kulkarni,Consumer,Stapler,Office Supplies,Stationery,South,Chennai,1,9.3,0.0,9.3,2.15,UPI,2025,Nov,11,Q4,23.12,,
ORD02503,2025-11-17,Kunal Bansal,Consumer,Ball Pen Set,Office Supplies,Stationery,West,Pune,3,8.02,0.15,20.46,4.46,Debit Card,2025,Nov,11,Q4,21.8,,
ORD02554,2025-11-17,Aditya Rao,Consumer,Ball Pen Set,Office Supplies,Stationery,East,Patna,2,7.75,0.05,14.73,3.39,Credit Card,2025,Nov,11,Q4,23.01,,
ORD02600,2025-11-17,Sana Kapoor,Corporate,Study Desk,Furniture,Tables,North,Delhi,2,176.61,0.0,353.23,29.59,Credit Card,2025,Nov,11,Q4,8.38,,
ORD04121,2025-11-17,Meera Joshi,Consumer,Study Desk,Furniture,Tables,West,Pune,1,188.94,0.15,160.6,11.88,UPI,2025,Nov,11,Q4,7.4,,
ORD00388,2025-11-18,Aarav Mehta,Consumer,Ball Pen Set,Office Supplies,Stationery,South,Coimbatore,2,7.88,0.15,13.4,2.24,Debit Card,2025,Nov,11,Q4,16.72,,
ORD01951,2025-11-18,Vivaan Singh,Consumer,Conference Table,Furniture,Tables,West,Surat,2,397.86,0.0,795.72,63.4,Debit Card,2025,Nov,11,Q4,7.97,,
ORD03269,2025-11-18,Vivaan Singh,Consumer,A4 Copy Paper,Office Supplies,Paper,North,Jaipur,2,6.17,0.2,9.87,0.79,UPI,2025,Nov,11,Q4,8.0,,
ORD03599,2025-11-18,Kabir Shah,Consumer,Ergonomic Office Chair,Furniture,Chairs,North,Chandigarh,1,139.81,0.0,139.81,13.34,Debit Card,2025,Nov,11,Q4,9.54,,
ORD00170,2025-11-19,Dev Agarwal,Corporate,Mechanical Keyboard,Technology,Accessories,South,Kochi,5,69.23,0.2,276.94,15.8,Credit Card,2025,Nov,11,Q4,5.71,,
ORD00916,2025-11-19,Aarav Mehta,Consumer,Samsung Galaxy A54,Technology,Phones,East,Kolkata,3,339.37,0.15,865.4,4.62,UPI,2025,Nov,11,Q4,0.53,,
ORD00965,2025-11-19,Meera Joshi,Consumer,Desk Organizer,Office Supplies,Storage,West,Nagpur,3,14.11,0.1,38.09,6.11,Credit Card,2025,Nov,11,Q4,16.04,,
ORD00967,2025-11-19,Meera Joshi,Consumer,Conference Table,Furniture,Tables,West,Surat,1,429.95,0.0,429.95,29.05,UPI,2025,Nov,11,Q4,6.76,,
ORD01061,2025-11-19,Aditya Rao,Corporate,Stapler,Office Supplies,Stationery,East,Bhubaneswar,2,9.41,0.15,16.0,2.93,UPI,2025,Nov,11,Q4,18.31,,
ORD01920,2025-11-19,Kiara Desai,Corporate,Mechanical Keyboard,Technology,Accessories,East,Kolkata,3,68.75,0.2,165.01,9.8,Cash,2025,Nov,11,Q4,5.94,,
ORD02003,2025-11-19,Arjun Nair,Corporate,Dell 24-inch Monitor,Technology,Monitors,East,Patna,3,182.73,0.3,383.73,-24.19,UPI,2025,Nov,11,Q4,-6.3,,
ORD03101,2025-11-19,Rahul Verma,Consumer,Ring Binder,Office Supplies,Binders,South,Kochi,3,6.55,0.3,13.75,1.11,UPI,2025,Nov,11,Q4,8.07,,
ORD03688,2025-11-19,Ishita Gupta,Consumer,Lenovo IdeaPad 3,Technology,Laptops,West,Pune,3,512.86,0.2,1230.86,6.93,Debit Card,2025,Nov,11,Q4,0.56,,
ORD03878,2025-11-19,Ananya Iyer,Corporate,Ball Pen Set,Office Supplies,Stationery,West,Pune,2,8.4,0.15,14.28,3.15,UPI,2025,Nov,11,Q4,22.06,,
ORD04357,2025-11-19,Ananya Iyer,Consumer,Mechanical Keyboard,Technology,Accessories,North,Chandigarh,4,73.0,0.0,292.01,40.43,Credit Card,2025,Nov,11,Q4,13.85,,
ORD03237,2025-11-20,Vivaan Singh,Consumer,Stapler,Office Supplies,Stationery,East,Guwahati,2,8.64,0.15,14.69,2.47,Debit Card,2025,Nov,11,Q4,16.81,,
ORD03380,2025-11-20,Dev Agarwal,Small Business,HP Laser Printer,Technology,Printers,West,Mumbai,3,218.38,0.1,589.64,46.57,Net Banking,2025,Nov,11,Q4,7.9,,
ORD03971,2025-11-20,Rohan Patel,Consumer,Conference Table,Furniture,Tables,North,Lucknow,6,433.35,0.1,2340.1,82.95,Credit Card,2025,Nov,11,Q4,3.54,,
ORD04058,2025-11-20,Maya Thomas,Small Business,Filing Cabinet,Furniture,Storage,South,Hyderabad,2,100.29,0.05,190.54,21.2,UPI,2025,Nov,11,Q4,11.13,,
ORD00720,2025-11-21,Meera Joshi,Consumer,Ball Pen Set,Office Supplies,Stationery,South,Bengaluru,1,8.32,0.0,8.32,2.06,UPI,2025,Nov,11,Q4,24.76,,
ORD00892,2025-11-21,Meera Joshi,Corporate,Stapler,Office Supplies,Stationery,West,Nagpur,3,9.58,0.2,22.98,3.09,Credit Card,2025,Nov,11,Q4,13.45,,
ORD04794,2025-11-21,Sana Kapoor,Consumer,Apple iPhone 13,Technology,Phones,West,Surat,1,642.89,0.1,578.6,2.84,UPI,2025,Nov,11,Q4,0.49,,
ORD00224,2025-11-22,Meera Joshi,Corporate,Dell 24-inch Monitor,Technology,Monitors,East,Patna,3,170.52,0.15,434.83,27.13,Debit Card,2025,Nov,11,Q4,6.24,,
ORD01518,2025-11-22,Vivaan Singh,Consumer,Stapler,Office Supplies,Stationery,North,Jaipur,4,8.8,0.2,28.16,4.02,Net Banking,2025,Nov,11,Q4,14.28,,
ORD02824,2025-11-22,Kunal Bansal,Consumer,Ring Binder,Office Supplies,Binders,East,Guwahati,6,7.33,0.0,43.96,11.87,Debit Card,2025,Nov,11,Q4,27.0,,
ORD04259,2025-11-22,Kabir Shah,Consumer,Conference Table,Furniture,Tables,North,Jaipur,4,422.4,0.3,1182.72,-53.59,Net Banking,2025,Nov,11,Q4,-4.53,,
ORD02436,2025-11-23,Kunal Bansal,Corporate,Ergonomic Office Chair,Furniture,Chairs,North,Amritsar,2,140.34,0.3,196.48,-12.49,UPI,2025,Nov,11,Q4,-6.36,,
ORD02949,2025-11-23,Arjun Nair,Small Business,Conference Table,Furniture,Tables,South,Kochi,2,417.53,0.15,709.8,26.54,Net Banking,2025,Nov,11,Q4,3.74,,
ORD00137,2025-11-24,Kunal Bansal,Corporate,Mechanical Keyboard,Technology,Accessories,West,Nagpur,3,72.71,0.1,196.32,19.8,Credit Card,2025,Nov,11,Q4,10.09,,
ORD00527,2025-11-24,Maya Thomas,Consumer,Dell 24-inch Monitor,Technology,Monitors,South,Coimbatore,10,181.09,0.15,1539.27,71.62,Cash,2025,Nov,11,Q4,4.65,,
ORD01385,2025-11-24,Aarav Mehta,Small Business,Bookshelf,Furniture,Storage,West,Mumbai,2,116.72,0.25,175.07,11.91,Debit Card,2025,Nov,11,Q4,6.8,,
ORD01744,2025-11-24,Kiara Desai,Consumer,Conference Table,Furniture,Tables,East,Patna,2,436.7,0.15,742.39,-9.24,Debit Card,2025,Nov,11,Q4,-1.24,,
ORD02535,2025-11-24,Kiara Desai,Consumer,Logitech Wireless Mouse,Technology,Accessories,South,Kochi,2,29.08,0.05,55.26,8.73,UPI,2025,Nov,11,Q4,15.8,,
ORD00342,2025-11-25,Sana Kapoor,Consumer,Mechanical Keyboard,Technology,Accessories,East,Bhubaneswar,8,73.2,0.05,556.3,89.3,Credit Card,2025,Nov,11,Q4,16.05,,
ORD00688,2025-11-25,Riya Kulkarni,Consumer,Conference Table,Furniture,Tables,West,Ahmedabad,2,430.96,0.15,732.63,30.64,Credit Card,2025,Nov,11,Q4,4.18,,
ORD00724,2025-11-25,Ananya Iyer,Corporate,Dell 24-inch Monitor,Technology,Monitors,South,Kochi,4,185.57,0.05,705.17,57.75,UPI,2025,Nov,11,Q4,8.19,,
ORD00905,2025-11-25,Dev Agarwal,Consumer,Logitech Wireless Mouse,Technology,Accessories,West,Surat,2,26.97,0.2,43.15,2.65,Debit Card,2025,Nov,11,Q4,6.14,,
ORD02491,2025-11-25,Ishita Gupta,Consumer,USB-C Hub,Technology,Accessories,South,Coimbatore,2,35.28,0.05,67.04,10.59,Net Banking,2025,Nov,11,Q4,15.8,,
ORD02622,2025-11-25,Rahul Verma,Consumer,Dell 24-inch Monitor,Technology,Monitors,East,Guwahati,1,174.32,0.0,174.32,17.62,Net Banking,2025,Nov,11,Q4,10.11,,
ORD03103,2025-11-25,Dev Agarwal,Small Business,Ergonomic Office Chair,Furniture,Chairs,North,Lucknow,2,147.83,0.15,251.31,11.31,Debit Card,2025,Nov,11,Q4,4.5,,
ORD03271,2025-11-25,Diya Sharma,Consumer,Study Desk,Furniture,Tables,South,Hyderabad,1,179.31,0.1,161.38,8.55,Net Banking,2025,Nov,11,Q4,5.3,,
ORD03511,2025-11-25,Riya Kulkarni,Consumer,Study Desk,Furniture,Tables,West,Pune,1,175.02,0.15,148.77,7.48,Credit Card,2025,Nov,11,Q4,5.03,,
ORD03845,2025-11-25,Aisha Khan,Corporate,USB-C Hub,Technology,Accessories,North,Chandigarh,5,35.7,0.0,178.51,28.32,Net Banking,2025,Nov,11,Q4,15.86,,
ORD03952,2025-11-25,Ananya Iyer,Consumer,Samsung Galaxy A54,Technology,Phones,East,Guwahati,2,300.96,0.0,601.93,75.03,Debit Card,2025,Nov,11,Q4,12.46,,
ORD04261,2025-11-25,Kabir Shah,Consumer,Desk Organizer,Office Supplies,Storage,West,Pune,1,13.31,0.25,9.98,0.86,Credit Card,2025,Nov,11,Q4,8.62,,
ORD01502,2025-11-26,Kunal Bansal,Consumer,A4 Copy Paper,Office Supplies,Paper,North,Amritsar,1,6.3,0.2,5.04,0.56,Credit Card,2025,Nov,11,Q4,11.11,,
ORD01699,2025-11-26,Aisha Khan,Consumer,HP Pavilion 15,Technology,Laptops,South,Coimbatore,5,695.84,0.15,2957.31,71.28,Net Banking,2025,Nov,11,Q4,2.41,,
ORD03787,2025-11-26,Neel Malhotra,Small Business,HP Laser Printer,Technology,Printers,West,Nagpur,5,222.55,0.05,1057.09,150.46,Net Banking,2025,Nov,11,Q4,14.23,,
ORD00100,2025-11-27,Dev Agarwal,Small Business,USB-C Hub,Technology,Accessories,East,Ranchi,1,36.4,0.0,36.4,9.62,UPI,2025,Nov,11,Q4,26.43,,
ORD00850,2025-11-27,Diya Sharma,Small Business,Notebook Pack,Office Supplies,Stationery,North,Lucknow,6,12.31,0.25,55.38,7.01,Debit Card,2025,Nov,11,Q4,12.66,,
ORD01832,2025-11-27,Rahul Verma,Consumer,Dell 24-inch Monitor,Technology,Monitors,South,Chennai,3,175.87,0.15,448.47,25.95,Cash,2025,Nov,11,Q4,5.79,,
ORD03727,2025-11-27,Neel Malhotra,Consumer,Stapler,Office Supplies,Stationery,North,Delhi,1,9.54,0.3,6.68,0.25,Net Banking,2025,Nov,11,Q4,3.74,,
ORD03772,2025-11-27,Aditya Rao,Corporate,Mechanical Keyboard,Technology,Accessories,South,Hyderabad,1,71.54,0.25,53.65,1.67,Debit Card,2025,Nov,11,Q4,3.11,,
ORD03780,2025-11-27,Vivaan Singh,Small Business,Ergonomic Office Chair,Furniture,Chairs,East,Bhubaneswar,2,151.43,0.15,257.43,4.33,Credit Card,2025,Nov,11,Q4,1.68,,
ORD04171,2025-11-27,Neel Malhotra,Consumer,USB-C Hub,Technology,Accessories,North,Chandigarh,2,33.23,0.1,59.81,7.5,UPI,2025,Nov,11,Q4,12.54,,
ORD00605,2025-11-28,Tara Menon,Consumer,Logitech Wireless Mouse,Technology,Accessories,North,Amritsar,1,28.69,0.1,25.82,2.17,UPI,2025,Nov,11,Q4,8.4,,
ORD01335,2025-11-29,Aarav Mehta,Consumer,Mechanical Keyboard,Technology,Accessories,South,Coimbatore,5,71.59,0.0,357.97,49.93,Debit Card,2025,Nov,11,Q4,13.95,,
ORD01407,2025-11-29,Ananya Iyer,Small Business,HP Pavilion 15,Technology,Laptops,West,Nagpur,1,689.04,0.15,585.68,15.76,Credit Card,2025,Nov,11,Q4,2.69,,
ORD03072,2025-11-29,Dev Agarwal,Corporate,Lenovo IdeaPad 3,Technology,Laptops,West,Nagpur,4,487.54,0.15,1657.63,34.85,Debit Card,2025,Nov,11,Q4,2.1,,
ORD03162,2025-11-29,Ananya Iyer,Consumer,Filing Cabinet,Furniture,Storage,East,Guwahati,2,91.01,0.0,182.02,14.72,UPI,2025,Nov,11,Q4,8.09,,
ORD03620,2025-11-29,Riya Kulkarni,Consumer,HP Pavilion 15,Technology,Laptops,North,Chandigarh,2,681.31,0.1,1226.36,61.71,Credit Card,2025,Nov,11,Q4,5.03,,
ORD01334,2025-11-30,Rahul Verma,Consumer,USB-C Hub,Technology,Accessories,East,Guwahati,3,33.36,0.2,80.06,8.14,UPI,2025,Nov,11,Q4,10.17,,
ORD01607,2025-11-30,Sana Kapoor,Consumer,Ring Binder,Office Supplies,Binders,West,Ahmedabad,4,6.77,0.25,20.32,3.13,UPI,2025,Nov,11,Q4,15.4,,
ORD03094,2025-11-30,Kiara Desai,Small Business,Lenovo IdeaPad 3,Technology,Laptops,South,Coimbatore,3,500.15,0.05,1425.42,51.09,Debit Card,2025,Nov,11,Q4,3.58,,
ORD03632,2025-11-30,Vivaan Singh,Corporate,Ring Binder,Office Supplies,Binders,North,Delhi,1,6.53,0.15,5.55,0.87,UPI,2025,Nov,11,Q4,15.68,,
ORD00233,2025-12-01,Aarav Mehta,Consumer,Ring Binder,Office Supplies,Binders,East,Kolkata,1,7.2,0.2,5.76,0.75,Debit Card,2025,Dec,12,Q4,13.02,,
ORD02255,2025-12-01,Sana Kapoor,Consumer,A4 Copy Paper,Office Supplies,Paper,East,Ranchi,5,6.05,0.15,25.72,2.88,Debit Card,2025,Dec,12,Q4,11.2,,
ORD03296,2025-12-01,Sana Kapoor,Consumer,Desk Organizer,Office Supplies,Storage,South,Coimbatore,4,13.45,0.0,53.79,11.47,UPI,2025,Dec,12,Q4,21.32,,
ORD00032,2025-12-02,Aarav Mehta,Small Business,Bookshelf,Furniture,Storage,South,Chennai,2,116.42,0.25,174.63,9.1,Net Banking,2025,Dec,12,Q4,5.21,,
ORD02182,2025-12-02,Dev Agarwal,Consumer,Filing Cabinet,Furniture,Storage,South,Bengaluru,3,92.23,0.15,235.19,12.55,UPI,2025,Dec,12,Q4,5.34,,
ORD03470,2025-12-02,Ishita Gupta,Consumer,USB-C Hub,Technology,Accessories,East,Patna,4,35.66,0.05,135.51,21.62,Credit Card,2025,Dec,12,Q4,15.95,,
ORD04061,2025-12-02,Meera Joshi,Consumer,HP Laser Printer,Technology,Printers,South,Chennai,4,203.78,0.15,692.85,11.03,Credit Card,2025,Dec,12,Q4,1.59,,
ORD04785,2025-12-02,Aditya Rao,Corporate,Ring Binder,Office Supplies,Binders,East,Bhubaneswar,5,6.58,0.15,27.98,3.84,Credit Card,2025,Dec,12,Q4,13.72,,
ORD01403,2025-12-03,Kiara Desai,Consumer,A4 Copy Paper,Office Supplies,Paper,East,Bhubaneswar,3,5.9,0.2,14.17,1.65,Debit Card,2025,Dec,12,Q4,11.64,,
ORD02907,2025-12-03,Neel Malhotra,Corporate,Conference Table,Furniture,Tables,South,Chennai,1,411.48,0.15,349.76,-1.22,Net Banking,2025,Dec,12,Q4,-0.35,,
ORD00104,2025-12-04,Arjun Nair,Consumer,Notebook Pack,Office Supplies,Stationery,South,Chennai,1,12.77,0.2,10.22,1.05,UPI,2025,Dec,12,Q4,10.27,,
ORD00613,2025-12-04,Aarav Mehta,Corporate,Samsung Galaxy A54,Technology,Phones,West,Ahmedabad,3,297.6,0.15,758.88,31.39,Debit Card,2025,Dec,12,Q4,4.14,,
ORD01972,2025-12-04,Tara Menon,Corporate,Filing Cabinet,Furniture,Storage,North,Jaipur,3,99.95,0.1,269.87,30.13,UPI,2025,Dec,12,Q4,11.16,,
ORD02180,2025-12-04,Aisha Khan,Consumer,Filing Cabinet,Furniture,Storage,South,Hyderabad,1,90.98,0.15,77.33,2.56,Credit Card,2025,Dec,12,Q4,3.31,,
ORD02547,2025-12-04,Meera Joshi,Corporate,Bookshelf,Furniture,Storage,North,Lucknow,5,114.43,0.1,514.91,37.94,UPI,2025,Dec,12,Q4,7.37,,
ORD02962,2025-12-04,Meera Joshi,Corporate,Dell 24-inch Monitor,Technology,Monitors,South,Coimbatore,3,173.49,0.25,390.36,-3.83,UPI,2025,Dec,12,Q4,-0.98,,
ORD04464,2025-12-04,Tara Menon,Consumer,USB-C Hub,Technology,Accessories,South,Bengaluru,2,32.71,0.15,55.6,8.16,Net Banking,2025,Dec,12,Q4,14.68,,
ORD00023,2025-12-05,Ananya Iyer,Small Business,A4 Copy Paper,Office Supplies,Paper,East,Patna,3,6.15,0.15,15.69,2.64,Cash,2025,Dec,12,Q4,16.83,,
ORD01271,2025-12-05,Dev Agarwal,Corporate,Samsung Galaxy A54,Technology,Phones,West,Mumbai,1,340.09,0.25,255.06,-3.96,Credit Card,2025,Dec,12,Q4,-1.55,,
ORD01954,2025-12-05,Kunal Bansal,Consumer,USB-C Hub,Technology,Accessories,West,Surat,2,35.47,0.3,49.66,-0.58,UPI,2025,Dec,12,Q4,-1.17,,
ORD01956,2025-12-05,Kunal Bansal,Corporate,Logitech Wireless Mouse,Technology,Accessories,East,Guwahati,1,27.97,0.0,27.97,5.27,Credit Card,2025,Dec,12,Q4,18.84,,
ORD04480,2025-12-05,Rahul Verma,Consumer,Conference Table,Furniture,Tables,West,Surat,2,433.66,0.25,650.5,-15.07,Debit Card,2025,Dec,12,Q4,-2.32,,
ORD00202,2025-12-06,Rahul Verma,Corporate,HP Pavilion 15,Technology,Laptops,South,Bengaluru,3,702.84,0.2,1686.81,-40.35,Credit Card,2025,Dec,12,Q4,-2.39,,
ORD01420,2025-12-06,Kabir Shah,Corporate,Apple iPhone 13,Technology,Phones,North,Amritsar,3,671.18,0.1,1812.19,-1.09,UPI,2025,Dec,12,Q4,-0.06,,
ORD02068,2025-12-06,Kunal Bansal,Consumer,Conference Table,Furniture,Tables,South,Coimbatore,2,422.52,0.05,802.78,23.47,Credit Card,2025,Dec,12,Q4,2.92,,
ORD02291,2025-12-06,Ishita Gupta,Consumer,Samsung Galaxy A54,Technology,Phones,East,Bhubaneswar,3,319.93,0.1,863.82,49.96,Credit Card,2025,Dec,12,Q4,5.78,,
ORD02711,2025-12-06,Meera Joshi,Consumer,USB-C Hub,Technology,Accessories,West,Pune,2,34.47,0.05,65.49,11.79,UPI,2025,Dec,12,Q4,18.0,,
ORD03251,2025-12-06,Ananya Iyer,Consumer,A4 Copy Paper,Office Supplies,Paper,West,Ahmedabad,2,6.32,0.25,9.48,0.77,UPI,2025,Dec,12,Q4,8.12,,
ORD03514,2025-12-06,Ananya Iyer,Small Business,HP Pavilion 15,Technology,Laptops,South,Kochi,1,664.53,0.1,598.08,12.26,UPI,2025,Dec,12,Q4,2.05,,
ORD01758,2025-12-07,Kiara Desai,Consumer,Notebook Pack,Office Supplies,Stationery,West,Ahmedabad,2,11.25,0.15,19.12,2.86,Net Banking,2025,Dec,12,Q4,14.96,,
ORD04610,2025-12-07,Dev Agarwal,Consumer,Bookshelf,Furniture,Storage,South,Hyderabad,5,117.14,0.1,527.12,73.62,Credit Card,2025,Dec,12,Q4,13.97,,
ORD01375,2025-12-08,Aisha Khan,Corporate,Stapler,Office Supplies,Stationery,North,Chandigarh,5,9.52,0.1,42.85,9.03,UPI,2025,Dec,12,Q4,21.07,,
ORD03393,2025-12-08,Ananya Iyer,Corporate,Ring Binder,Office Supplies,Binders,South,Bengaluru,3,6.66,0.1,17.97,3.57,UPI,2025,Dec,12,Q4,19.87,,
ORD03565,2025-12-08,Ishita Gupta,Consumer,Dell 24-inch Monitor,Technology,Monitors,North,Delhi,5,185.44,0.2,741.78,48.07,UPI,2025,Dec,12,Q4,6.48,,
ORD04452,2025-12-08,Sana Kapoor,Small Business,Dell 24-inch Monitor,Technology,Monitors,North,Jaipur,5,168.24,0.15,715.01,25.64,UPI,2025,Dec,12,Q4,3.59,,
ORD02412,2025-12-09,Meera Joshi,Consumer,A4 Copy Paper,Office Supplies,Paper,North,Lucknow,1,5.87,0.05,5.57,1.09,UPI,2025,Dec,12,Q4,19.57,,
ORD02897,2025-12-09,Ishita Gupta,Consumer,Ring Binder,Office Supplies,Binders,North,Delhi,1,6.6,0.1,5.94,1.34,Net Banking,2025,Dec,12,Q4,22.56,,
ORD03046,2025-12-09,Rahul Verma,Consumer,Notebook Pack,Office Supplies,Stationery,North,Lucknow,3,12.33,0.2,29.58,3.88,Credit Card,2025,Dec,12,Q4,13.12,,
ORD03736,2025-12-09,Sana Kapoor,Corporate,Samsung Galaxy A54,Technology,Phones,West,Surat,4,305.86,0.1,1101.1,33.03,Debit Card,2025,Dec,12,Q4,3.0,,
ORD03885,2025-12-09,Riya Kulkarni,Consumer,HP Pavilion 15,Technology,Laptops,South,Coimbatore,3,666.43,0.2,1599.44,67.65,UPI,2025,Dec,12,Q4,4.23,,
ORD00006,2025-12-10,Vivaan Singh,Small Business,Logitech Wireless Mouse,Technology,Accessories,South,Hyderabad,10,29.3,0.05,278.31,44.69,UPI,2025,Dec,12,Q4,16.06,,
ORD01066,2025-12-10,Rohan Patel,Consumer,Ergonomic Office Chair,Furniture,Chairs,South,Chennai,2,149.2,0.1,268.56,22.09,UPI,2025,Dec,12,Q4,8.23,,
ORD01194,2025-12-10,Kiara Desai,Corporate,Apple iPhone 13,Technology,Phones,North,Delhi,1,677.51,0.1,609.76,7.08,Cash,2025,Dec,12,Q4,1.16,,
ORD01412,2025-12-10,Aisha Khan,Small Business,HP Laser Printer,Technology,Printers,West,Ahmedabad,4,196.47,0.0,785.89,88.99,UPI,2025,Dec,12,Q4,11.32,,
ORD01436,2025-12-10,Kunal Bansal,Corporate,Logitech Wireless Mouse,Technology,Accessories,West,Nagpur,2,26.59,0.0,53.18,10.22,Debit Card,2025,Dec,12,Q4,19.22,,
ORD02077,2025-12-10,Vivaan Singh,Consumer,Filing Cabinet,Furniture,Storage,South,Hyderabad,1,96.57,0.05,91.75,9.36,Debit Card,2025,Dec,12,Q4,10.2,,
ORD04219,2025-12-10,Kabir Shah,Consumer,Bookshelf,Furniture,Storage,South,Chennai,2,112.86,0.1,203.15,16.29,Net Banking,2025,Dec,12,Q4,8.02,,
ORD04231,2025-12-10,Ishita Gupta,Consumer,Dell 24-inch Monitor,Technology,Monitors,West,Pune,4,171.46,0.2,548.66,11.31,Debit Card,2025,Dec,12,Q4,2.06,,
ORD01135,2025-12-11,Riya Kulkarni,Small Business,Mechanical Keyboard,Technology,Accessories,East,Patna,1,74.22,0.15,63.09,4.96,Net Banking,2025,Dec,12,Q4,7.86,,
ORD01440,2025-12-11,Arjun Nair,Consumer,Lenovo IdeaPad 3,Technology,Laptops,South,Coimbatore,1,551.42,0.0,551.42,79.59,Net Banking,2025,Dec,12,Q4,14.43,,
ORD04701,2025-12-11,Arjun Nair,Consumer,Logitech Wireless Mouse,Technology,Accessories,South,Coimbatore,1,27.23,0.25,20.42,1.18,UPI,2025,Dec,12,Q4,5.78,,
ORD00625,2025-12-12,Kunal Bansal,Consumer,Lenovo IdeaPad 3,Technology,Laptops,East,Patna,2,521.89,0.2,835.03,-3.44,UPI,2025,Dec,12,Q4,-0.41,,
ORD01085,2025-12-12,Rohan Patel,Consumer,Ball Pen Set,Office Supplies,Stationery,West,Pune,3,7.44,0.1,20.1,4.27,Debit Card,2025,Dec,12,Q4,21.24,,
ORD01268,2025-12-12,Sana Kapoor,Corporate,Ring Binder,Office Supplies,Binders,North,Amritsar,3,7.46,0.05,21.27,4.64,Credit Card,2025,Dec,12,Q4,21.81,,
ORD02057,2025-12-12,Ananya Iyer,Corporate,Mechanical Keyboard,Technology,Accessories,West,Ahmedabad,2,76.86,0.2,122.98,6.45,UPI,2025,Dec,12,Q4,5.24,,
ORD04364,2025-12-12,Dev Agarwal,Corporate,Ring Binder,Office Supplies,Binders,South,Chennai,6,7.11,0.15,36.26,7.67,Cash,2025,Dec,12,Q4,21.15,,
ORD04596,2025-12-12,Rohan Patel,Corporate,A4 Copy Paper,Office Supplies,Paper,South,Chennai,2,6.04,0.2,9.67,0.24,Credit Card,2025,Dec,12,Q4,2.48,,
ORD00297,2025-12-13,Rohan Patel,Corporate,Notebook Pack,Office Supplies,Stationery,North,Delhi,2,11.44,0.1,20.59,3.48,Debit Card,2025,Dec,12,Q4,16.9,,
ORD00873,2025-12-13,Dev Agarwal,Consumer,Apple iPhone 13,Technology,Phones,East,Bhubaneswar,1,669.55,0.3,468.69,-40.51,Credit Card,2025,Dec,12,Q4,-8.64,,
ORD01713,2025-12-13,Kiara Desai,Consumer,Mechanical Keyboard,Technology,Accessories,West,Nagpur,1,76.56,0.15,65.08,4.62,UPI,2025,Dec,12,Q4,7.1,,
ORD02999,2025-12-13,Aditya Rao,Corporate,Apple iPhone 13,Technology,Phones,West,Surat,3,639.92,0.1,1727.77,50.87,UPI,2025,Dec,12,Q4,2.94,,
ORD03991,2025-12-13,Meera Joshi,Consumer,Dell 24-inch Monitor,Technology,Monitors,East,Guwahati,2,164.35,0.05,312.27,38.17,Debit Card,2025,Dec,12,Q4,12.22,,
ORD00447,2025-12-14,Meera Joshi,Consumer,Mechanical Keyboard,Technology,Accessories,South,Bengaluru,1,68.25,0.05,64.84,9.47,UPI,2025,Dec,12,Q4,14.61,,
ORD00457,2025-12-14,Ishita Gupta,Corporate,Lenovo IdeaPad 3,Technology,Laptops,North,Jaipur,1,540.16,0.15,459.14,18.97,Debit Card,2025,Dec,12,Q4,4.13,,
ORD01115,2025-12-14,Rahul Verma,Small Business,Samsung Galaxy A54,Technology,Phones,East,Patna,3,332.23,0.15,847.19,32.6,Cash,2025,Dec,12,Q4,3.85,,
ORD02045,2025-12-14,Riya Kulkarni,Consumer,Conference Table,Furniture,Tables,South,Kochi,2,398.38,0.05,756.93,35.74,Net Banking,2025,Dec,12,Q4,4.72,,
ORD02825,2025-12-14,Aisha Khan,Corporate,USB-C Hub,Technology,Accessories,West,Pune,3,32.66,0.1,88.19,12.93,Debit Card,2025,Dec,12,Q4,14.66,,
ORD04547,2025-12-14,Maya Thomas,Corporate,Ergonomic Office Chair,Furniture,Chairs,East,Ranchi,2,142.8,0.15,242.76,5.09,Net Banking,2025,Dec,12,Q4,2.1,,
ORD04954,2025-12-14,Sana Kapoor,Corporate,Apple iPhone 13,Technology,Phones,North,Lucknow,1,625.26,0.0,625.26,49.26,UPI,2025,Dec,12,Q4,7.88,,
ORD00599,2025-12-15,Aisha Khan,Corporate,Lenovo IdeaPad 3,Technology,Laptops,West,Nagpur,1,493.76,0.3,345.63,-32.64,Cash,2025,Dec,12,Q4,-9.44,,
ORD01345,2025-12-15,Dev Agarwal,Consumer,Stapler,Office Supplies,Stationery,West,Surat,10,8.72,0.1,78.46,14.58,Cash,2025,Dec,12,Q4,18.58,,
ORD01487,2025-12-15,Rahul Verma,Consumer,Stapler,Office Supplies,Stationery,South,Kochi,6,8.91,0.1,48.1,8.56,UPI,2025,Dec,12,Q4,17.8,,
ORD02892,2025-12-15,Riya Kulkarni,Corporate,A4 Copy Paper,Office Supplies,Paper,South,Bengaluru,10,6.36,0.05,60.42,11.42,Credit Card,2025,Dec,12,Q4,18.9,,
ORD04584,2025-12-15,Diya Sharma,Consumer,Ring Binder,Office Supplies,Binders,North,Jaipur,2,6.58,0.25,9.87,1.3,Credit Card,2025,Dec,12,Q4,13.17,,
ORD00915,2025-12-16,Maya Thomas,Consumer,Desk Organizer,Office Supplies,Storage,West,Surat,2,13.31,0.15,22.63,2.4,Debit Card,2025,Dec,12,Q4,10.61,,
ORD01635,2025-12-16,Kabir Shah,Consumer,Ergonomic Office Chair,Furniture,Chairs,South,Coimbatore,10,137.29,0.1,1235.57,130.85,Net Banking,2025,Dec,12,Q4,10.59,,
ORD03161,2025-12-16,Maya Thomas,Consumer,Conference Table,Furniture,Tables,West,Pune,1,417.63,0.0,417.63,49.72,Debit Card,2025,Dec,12,Q4,11.91,,
ORD00838,2025-12-17,Ananya Iyer,Consumer,Ball Pen Set,Office Supplies,Stationery,South,Bengaluru,2,8.41,0.2,13.46,2.37,Debit Card,2025,Dec,12,Q4,17.61,,
ORD01702,2025-12-17,Arjun Nair,Consumer,Ball Pen Set,Office Supplies,Stationery,West,Mumbai,2,8.39,0.1,15.11,2.9,UPI,2025,Dec,12,Q4,19.19,,
ORD04944,2025-12-17,Rohan Patel,Consumer,Mechanical Keyboard,Technology,Accessories,North,Chandigarh,3,76.35,0.0,229.04,27.84,UPI,2025,Dec,12,Q4,12.16,,
ORD00614,2025-12-18,Neel Malhotra,Consumer,Ball Pen Set,Office Supplies,Stationery,West,Nagpur,4,8.27,0.2,26.45,4.96,Credit Card,2025,Dec,12,Q4,18.75,,
ORD00623,2025-12-18,Rohan Patel,Consumer,Ring Binder,Office Supplies,Binders,West,Pune,3,7.36,0.15,18.77,2.87,Debit Card,2025,Dec,12,Q4,15.29,,
ORD00785,2025-12-18,Riya Kulkarni,Corporate,HP Pavilion 15,Technology,Laptops,South,Coimbatore,2,675.41,0.1,1215.74,40.29,Net Banking,2025,Dec,12,Q4,3.31,,
ORD00914,2025-12-18,Rohan Patel,Consumer,Mechanical Keyboard,Technology,Accessories,West,Ahmedabad,4,72.05,0.15,244.96,32.05,Debit Card,2025,Dec,12,Q4,13.08,,
ORD01874,2025-12-18,Aisha Khan,Consumer,HP Laser Printer,Technology,Printers,West,Pune,4,217.18,0.3,608.11,-54.8,Credit Card,2025,Dec,12,Q4,-9.01,,
ORD03035,2025-12-18,Kiara Desai,Corporate,HP Laser Printer,Technology,Printers,North,Jaipur,4,207.69,0.1,747.69,24.56,Debit Card,2025,Dec,12,Q4,3.28,,
ORD03174,2025-12-18,Aditya Rao,Consumer,HP Pavilion 15,Technology,Laptops,North,Chandigarh,10,636.87,0.0,6368.73,730.57,Credit Card,2025,Dec,12,Q4,11.47,,
ORD03433,2025-12-18,Sana Kapoor,Small Business,Filing Cabinet,Furniture,Storage,West,Ahmedabad,1,93.9,0.25,70.43,0.68,UPI,2025,Dec,12,Q4,0.97,,
ORD00386,2025-12-19,Kiara Desai,Consumer,A4 Copy Paper,Office Supplies,Paper,South,Bengaluru,2,5.67,0.1,10.2,1.84,Net Banking,2025,Dec,12,Q4,18.04,,
ORD01706,2025-12-19,Ananya Iyer,Consumer,Samsung Galaxy A54,Technology,Phones,West,Mumbai,5,320.67,0.15,1362.84,-19.22,Debit Card,2025,Dec,12,Q4,-1.41,,
ORD01873,2025-12-19,Rahul Verma,Corporate,Bookshelf,Furniture,Storage,North,Chandigarh,8,109.94,0.1,791.55,75.36,UPI,2025,Dec,12,Q4,9.52,,
ORD02326,2025-12-19,Ishita Gupta,Corporate,Lenovo IdeaPad 3,Technology,Laptops,North,Delhi,1,505.87,0.25,379.4,-8.19,UPI,2025,Dec,12,Q4,-2.16,,
ORD02941,2025-12-19,Vivaan Singh,Small Business,Lenovo IdeaPad 3,Technology,Laptops,South,Bengaluru,1,494.23,0.0,494.23,33.23,UPI,2025,Dec,12,Q4,6.72,,
ORD03171,2025-12-19,Meera Joshi,Consumer,Logitech Wireless Mouse,Technology,Accessories,North,Delhi,2,27.33,0.05,51.93,6.62,UPI,2025,Dec,12,Q4,12.75,,
ORD04178,2025-12-19,Kabir Shah,Consumer,Ring Binder,Office Supplies,Binders,West,Mumbai,1,6.8,0.1,6.12,1.62,Credit Card,2025,Dec,12,Q4,26.47,,
ORD04603,2025-12-19,Maya Thomas,Consumer,HP Laser Printer,Technology,Printers,East,Ranchi,3,196.03,0.0,588.09,64.61,UPI,2025,Dec,12,Q4,10.99,,
ORD01989,2025-12-20,Rahul Verma,Consumer,HP Pavilion 15,Technology,Laptops,West,Ahmedabad,1,655.47,0.2,524.37,14.34,Credit Card,2025,Dec,12,Q4,2.73,,
ORD02051,2025-12-20,Aarav Mehta,Consumer,Ball Pen Set,Office Supplies,Stationery,North,Lucknow,1,8.25,0.15,7.02,1.35,Debit Card,2025,Dec,12,Q4,19.23,,
ORD02262,2025-12-20,Tara Menon,Corporate,HP Laser Printer,Technology,Printers,South,Hyderabad,1,207.41,0.05,197.03,22.93,Net Banking,2025,Dec,12,Q4,11.64,,
ORD02387,2025-12-20,Aditya Rao,Consumer,Notebook Pack,Office Supplies,Stationery,East,Kolkata,2,11.51,0.2,18.41,3.18,Credit Card,2025,Dec,12,Q4,17.27,,
ORD02694,2025-12-20,Diya Sharma,Consumer,Logitech Wireless Mouse,Technology,Accessories,South,Bengaluru,1,26.57,0.05,25.24,4.97,UPI,2025,Dec,12,Q4,19.69,,
ORD02895,2025-12-20,Neel Malhotra,Consumer,Filing Cabinet,Furniture,Storage,South,Hyderabad,3,95.61,0.15,243.81,17.42,UPI,2025,Dec,12,Q4,7.14,,
ORD03887,2025-12-20,Rohan Patel,Consumer,Ball Pen Set,Office Supplies,Stationery,South,Coimbatore,1,8.01,0.1,7.21,1.51,Net Banking,2025,Dec,12,Q4,20.94,,
ORD00981,2025-12-21,Rahul Verma,Consumer,Lenovo IdeaPad 3,Technology,Laptops,West,Nagpur,1,514.11,0.0,514.11,80.88,UPI,2025,Dec,12,Q4,15.73,,
ORD02794,2025-12-21,Ishita Gupta,Consumer,Apple iPhone 13,Technology,Phones,West,Ahmedabad,3,693.7,0.2,1664.87,-90.45,Cash,2025,Dec,12,Q4,-5.43,,
ORD03513,2025-12-21,Kunal Bansal,Consumer,Samsung Galaxy A54,Technology,Phones,North,Chandigarh,3,335.2,0.15,854.77,29.85,Credit Card,2025,Dec,12,Q4,3.49,,
ORD03761,2025-12-21,Rahul Verma,Corporate,Lenovo IdeaPad 3,Technology,Laptops,South,Coimbatore,3,529.71,0.3,1112.39,-42.19,Debit Card,2025,Dec,12,Q4,-3.79,,
ORD00541,2025-12-22,Kiara Desai,Consumer,Filing Cabinet,Furniture,Storage,South,Hyderabad,1,93.56,0.15,79.53,3.19,Credit Card,2025,Dec,12,Q4,4.01,,
ORD01767,2025-12-22,Meera Joshi,Consumer,Desk Organizer,Office Supplies,Storage,South,Bengaluru,3,14.35,0.1,38.74,7.22,Cash,2025,Dec,12,Q4,18.64,,
ORD02359,2025-12-22,Ananya Iyer,Consumer,HP Laser Printer,Technology,Printers,South,Hyderabad,4,211.19,0.05,802.53,47.95,Credit Card,2025,Dec,12,Q4,5.97,,
ORD03957,2025-12-22,Sana Kapoor,Corporate,Logitech Wireless Mouse,Technology,Accessories,East,Bhubaneswar,1,29.81,0.1,26.83,3.97,UPI,2025,Dec,12,Q4,14.8,,
ORD04543,2025-12-22,Kunal Bansal,Corporate,Dell 24-inch Monitor,Technology,Monitors,South,Coimbatore,1,184.56,0.2,147.65,-0.13,UPI,2025,Dec,12,Q4,-0.09,,
ORD04758,2025-12-22,Rahul Verma,Consumer,A4 Copy Paper,Office Supplies,Paper,South,Kochi,2,5.94,0.2,9.5,1.11,Debit Card,2025,Dec,12,Q4,11.68,,
ORD00544,2025-12-23,Vivaan Singh,Small Business,Dell 24-inch Monitor,Technology,Monitors,West,Nagpur,2,178.95,0.25,268.42,-5.95,UPI,2025,Dec,12,Q4,-2.22,,
ORD01188,2025-12-23,Kiara Desai,Corporate,Bookshelf,Furniture,Storage,South,Hyderabad,5,105.0,0.05,498.74,72.74,UPI,2025,Dec,12,Q4,14.58,,
ORD01863,2025-12-23,Ishita Gupta,Corporate,A4 Copy Paper,Office Supplies,Paper,West,Mumbai,2,5.85,0.1,10.53,1.2,UPI,2025,Dec,12,Q4,11.4,,
ORD02133,2025-12-23,Aditya Rao,Small Business,Lenovo IdeaPad 3,Technology,Laptops,East,Bhubaneswar,4,493.23,0.05,1874.26,195.22,Credit Card,2025,Dec,12,Q4,10.42,,
ORD02718,2025-12-23,Meera Joshi,Consumer,Conference Table,Furniture,Tables,North,Jaipur,2,413.78,0.15,703.43,15.08,Debit Card,2025,Dec,12,Q4,2.14,,
ORD02770,2025-12-23,Meera Joshi,Consumer,Conference Table,Furniture,Tables,West,Mumbai,2,441.39,0.25,662.09,-34.08,Net Banking,2025,Dec,12,Q4,-5.15,,
ORD03455,2025-12-23,Sana Kapoor,Corporate,Ring Binder,Office Supplies,Binders,North,Chandigarh,1,6.61,0.1,5.95,1.19,Cash,2025,Dec,12,Q4,20.0,,
ORD03989,2025-12-23,Maya Thomas,Consumer,Stapler,Office Supplies,Stationery,South,Coimbatore,1,8.46,0.0,8.46,2.24,Debit Card,2025,Dec,12,Q4,26.48,,
ORD04561,2025-12-23,Maya Thomas,Small Business,Stapler,Office Supplies,Stationery,South,Hyderabad,1,9.28,0.05,8.81,2.07,Net Banking,2025,Dec,12,Q4,23.5,,
ORD00810,2025-12-24,Tara Menon,Consumer,Samsung Galaxy A54,Technology,Phones,West,Ahmedabad,1,312.95,0.0,312.95,31.93,Cash,2025,Dec,12,Q4,10.2,,
ORD01023,2025-12-24,Rohan Patel,Consumer,Filing Cabinet,Furniture,Storage,West,Pune,1,91.71,0.15,77.95,2.41,UPI,2025,Dec,12,Q4,3.09,,
ORD01130,2025-12-24,Kunal Bansal,Consumer,A4 Copy Paper,Office Supplies,Paper,North,Amritsar,5,6.12,0.0,30.61,8.3,UPI,2025,Dec,12,Q4,27.12,,
ORD02396,2025-12-24,Rohan Patel,Consumer,Mechanical Keyboard,Technology,Accessories,South,Kochi,2,70.69,0.15,120.17,12.06,Credit Card,2025,Dec,12,Q4,10.04,,
ORD04469,2025-12-24,Vivaan Singh,Consumer,Apple iPhone 13,Technology,Phones,South,Chennai,8,613.67,0.05,4663.86,188.78,UPI,2025,Dec,12,Q4,4.05,,
ORD00178,2025-12-25,Kiara Desai,Consumer,Samsung Galaxy A54,Technology,Phones,West,Nagpur,4,305.64,0.0,1222.54,122.53,Credit Card,2025,Dec,12,Q4,10.02,,
ORD00813,2025-12-25,Maya Thomas,Consumer,Notebook Pack,Office Supplies,Stationery,East,Ranchi,2,12.33,0.2,19.73,3.0,UPI,2025,Dec,12,Q4,15.21,,
ORD02108,2025-12-25,Kabir Shah,Consumer,Conference Table,Furniture,Tables,North,Chandigarh,3,444.51,0.0,1333.52,129.78,Credit Card,2025,Dec,12,Q4,9.73,,
ORD02651,2025-12-25,Aarav Mehta,Consumer,Samsung Galaxy A54,Technology,Phones,East,Patna,2,306.58,0.3,429.21,-38.84,Debit Card,2025,Dec,12,Q4,-9.05,,
ORD03713,2025-12-25,Ishita Gupta,Consumer,Study Desk,Furniture,Tables,South,Chennai,4,178.65,0.1,643.12,16.29,UPI,2025,Dec,12,Q4,2.53,,
ORD00999,2025-12-26,Rohan Patel,Consumer,USB-C Hub,Technology,Accessories,South,Coimbatore,2,35.05,0.2,56.08,4.08,UPI,2025,Dec,12,Q4,7.28,,
ORD01384,2025-12-26,Aisha Khan,Small Business,Bookshelf,Furniture,Storage,South,Coimbatore,2,113.46,0.05,215.58,27.09,Debit Card,2025,Dec,12,Q4,12.57,,
ORD01619,2025-12-26,Ishita Gupta,Corporate,Filing Cabinet,Furniture,Storage,North,Delhi,2,95.56,0.1,172.02,16.26,Credit Card,2025,Dec,12,Q4,9.45,,
ORD01862,2025-12-26,Riya Kulkarni,Consumer,Conference Table,Furniture,Tables,South,Kochi,6,403.28,0.2,1935.76,42.05,Net Banking,2025,Dec,12,Q4,2.17,,
ORD02148,2025-12-26,Neel Malhotra,Consumer,Bookshelf,Furniture,Storage,North,Chandigarh,1,115.46,0.15,98.14,1.35,Credit Card,2025,Dec,12,Q4,1.38,,
ORD04289,2025-12-26,Tara Menon,Consumer,Desk Organizer,Office Supplies,Storage,North,Amritsar,1,14.45,0.15,12.28,2.07,Net Banking,2025,Dec,12,Q4,16.86,,
ORD00528,2025-12-27,Meera Joshi,Consumer,Notebook Pack,Office Supplies,Stationery,East,Ranchi,8,12.15,0.25,72.91,5.13,UPI,2025,Dec,12,Q4,7.04,,
ORD00711,2025-12-27,Kabir Shah,Corporate,Lenovo IdeaPad 3,Technology,Laptops,South,Chennai,1,547.08,0.1,492.37,27.31,UPI,2025,Dec,12,Q4,5.55,,
ORD01478,2025-12-27,Rohan Patel,Corporate,Conference Table,Furniture,Tables,North,Delhi,1,440.11,0.1,396.1,17.51,Credit Card,2025,Dec,12,Q4,4.42,,
ORD01579,2025-12-27,Arjun Nair,Small Business,Bookshelf,Furniture,Storage,South,Chennai,2,109.77,0.2,175.63,6.4,Credit Card,2025,Dec,12,Q4,3.64,,
ORD02311,2025-12-27,Kunal Bansal,Consumer,Dell 24-inch Monitor,Technology,Monitors,West,Mumbai,2,168.64,0.1,303.55,30.51,UPI,2025,Dec,12,Q4,10.05,,
ORD04646,2025-12-27,Aarav Mehta,Consumer,Notebook Pack,Office Supplies,Stationery,East,Bhubaneswar,2,12.76,0.1,22.97,5.06,Debit Card,2025,Dec,12,Q4,22.03,,
ORD02570,2025-12-28,Dev Agarwal,Consumer,Apple iPhone 13,Technology,Phones,North,Amritsar,5,693.52,0.15,2947.48,-17.72,Cash,2025,Dec,12,Q4,-0.6,,
ORD03143,2025-12-28,Rahul Verma,Consumer,Logitech Wireless Mouse,Technology,Accessories,North,Lucknow,3,28.63,0.0,85.89,15.53,Debit Card,2025,Dec,12,Q4,18.08,,
ORD03990,2025-12-28,Vivaan Singh,Consumer,Apple iPhone 13,Technology,Phones,East,Guwahati,5,661.44,0.3,2315.04,-341.79,UPI,2025,Dec,12,Q4,-14.76,,
ORD04125,2025-12-28,Aarav Mehta,Consumer,Notebook Pack,Office Supplies,Stationery,North,Chandigarh,2,11.76,0.1,21.17,3.59,Debit Card,2025,Dec,12,Q4,16.96,,
ORD04173,2025-12-28,Kiara Desai,Corporate,Lenovo IdeaPad 3,Technology,Laptops,West,Surat,4,543.34,0.15,1847.37,17.19,Credit Card,2025,Dec,12,Q4,0.93,,
ORD04493,2025-12-28,Maya Thomas,Corporate,Ergonomic Office Chair,Furniture,Chairs,South,Bengaluru,1,141.45,0.0,141.45,19.92,Net Banking,2025,Dec,12,Q4,14.08,,
ORD00405,2025-12-29,Rahul Verma,Consumer,Ball Pen Set,Office Supplies,Stationery,South,Chennai,2,7.46,0.25,11.2,1.48,Net Banking,2025,Dec,12,Q4,13.21,,
ORD00673,2025-12-29,Kiara Desai,Corporate,Ball Pen Set,Office Supplies,Stationery,West,Nagpur,3,8.44,0.2,20.27,3.39,Cash,2025,Dec,12,Q4,16.72,,
ORD01260,2025-12-29,Kiara Desai,Consumer,Mechanical Keyboard,Technology,Accessories,South,Kochi,3,73.1,0.2,175.45,5.36,Credit Card,2025,Dec,12,Q4,3.06,,
ORD02441,2025-12-29,Arjun Nair,Consumer,Desk Organizer,Office Supplies,Storage,West,Ahmedabad,3,13.11,0.0,39.33,11.82,UPI,2025,Dec,12,Q4,30.05,,
ORD02904,2025-12-29,Kunal Bansal,Small Business,Dell 24-inch Monitor,Technology,Monitors,West,Surat,2,169.03,0.15,287.36,13.17,Cash,2025,Dec,12,Q4,4.58,,
ORD03548,2025-12-29,Dev Agarwal,Corporate,HP Pavilion 15,Technology,Laptops,North,Amritsar,1,638.88,0.2,511.1,-6.82,UPI,2025,Dec,12,Q4,-1.33,,
ORD03596,2025-12-29,Riya Kulkarni,Consumer,Samsung Galaxy A54,Technology,Phones,West,Nagpur,1,337.62,0.0,337.62,34.16,Net Banking,2025,Dec,12,Q4,10.12,,
ORD04303,2025-12-29,Dev Agarwal,Consumer,Mechanical Keyboard,Technology,Accessories,South,Chennai,1,74.44,0.15,63.27,5.28,Cash,2025,Dec,12,Q4,8.35,,
ORD04685,2025-12-29,Ananya Iyer,Consumer,Stapler,Office Supplies,Stationery,West,Nagpur,2,8.5,0.2,13.6,1.78,Credit Card,2025,Dec,12,Q4,13.09,,
ORD04782,2025-12-29,Meera Joshi,Consumer,HP Pavilion 15,Technology,Laptops,North,Chandigarh,4,663.82,0.15,2256.98,19.65,Credit Card,2025,Dec,12,Q4,0.87,,
ORD00668,2025-12-30,Sana Kapoor,Small Business,Conference Table,Furniture,Tables,East,Guwahati,3,441.95,0.2,1060.68,-56.36,Net Banking,2025,Dec,12,Q4,-5.31,,
ORD01109,2025-12-30,Rohan Patel,Consumer,Samsung Galaxy A54,Technology,Phones,North,Amritsar,3,307.32,0.2,737.57,-0.03,Credit Card,2025,Dec,12,Q4,0.0,,
ORD01561,2025-12-30,Rohan Patel,Consumer,Logitech Wireless Mouse,Technology,Accessories,South,Chennai,1,27.31,0.05,25.94,5.16,Debit Card,2025,Dec,12,Q4,19.89,,
ORD01856,2025-12-30,Ishita Gupta,Consumer,Lenovo IdeaPad 3,Technology,Laptops,South,Coimbatore,4,510.11,0.2,1632.36,49.1,UPI,2025,Dec,12,Q4,3.01,,
ORD02801,2025-12-30,Rahul Verma,Corporate,Mechanical Keyboard,Technology,Accessories,South,Bengaluru,3,75.41,0.1,203.6,22.24,UPI,2025,Dec,12,Q4,10.92,,
ORD04271,2025-12-30,Rohan Patel,Consumer,Logitech Wireless Mouse,Technology,Accessories,South,Hyderabad,2,27.93,0.1,50.28,7.84,Net Banking,2025,Dec,12,Q4,15.59,,
ORD00410,2025-12-31,Kunal Bansal,Consumer,HP Pavilion 15,Technology,Laptops,West,Surat,8,708.49,0.0,5667.9,480.89,Cash,2025,Dec,12,Q4,8.48,,
ORD01131,2025-12-31,Vivaan Singh,Consumer,Study Desk,Furniture,Tables,West,Nagpur,4,185.58,0.15,630.96,25.85,Net Banking,2025,Dec,12,Q4,4.1,,
ORD02211,2025-12-31,Meera Joshi,Consumer,Dell 24-inch Monitor,Technology,Monitors,South,Bengaluru,2,174.83,0.0,349.65,49.95,Credit Card,2025,Dec,12,Q4,14.29,,
ORD02921,2025-12-31,Ananya Iyer,Consumer,Ball Pen Set,Office Supplies,Stationery,West,Surat,3,7.61,0.2,18.27,2.28,Net Banking,2025,Dec,12,Q4,12.48,,
ORD03304,2025-12-31,Ishita Gupta,Consumer,Study Desk,Furniture,Tables,North,Delhi,3,190.23,0.1,513.62,15.2,UPI,2025,Dec,12,Q4,2.96,,
ORD03875,2025-12-31,Ishita Gupta,Consumer,Lenovo IdeaPad 3,Technology,Laptops,South,Kochi,3,541.01,0.05,1541.88,144.72,Cash,2025,Dec,12,Q4,9.39,,
ORD04890,2025-12-31,Sana Kapoor,Corporate,Logitech Wireless Mouse,Technology,Accessories,West,Nagpur,3,27.63,0.2,66.32,3.32,Debit Card,2025,Dec,12,Q4,5.01,,
